1.0834,1.0834,0.37141,-1.3792,-1.3324,-0.80988,0.0085138,0.0085138,0.0085138,0.0085138,0.0085138,0.0085138,2.7925,2.7925,2.7925,2.7925,2.7925,2.7925,2.7925,2.2115,2.1625,2.2966,2.2966,2.2966,2.2966,2.2966,2.2966,2.552,2.4679,1.1281,-0.07556,-0.07556,-0.27883,-0.27883,-0.27883,-0.27883,-0.27883,-0.27883,-0.32246,-0.4342,-0.14473,-0.14473,0.19582,0.19582,0.19582,0.19582,0.19582,0.19582,0.23413,-0.2767,-0.78966,-1.0951,-0.93971,-0.93971,-0.93971,-0.93971,-0.93971,-0.93971,-0.35758,1.5261,1.5261,2.518,2.518,2.518,2.518,2.518,2.518,2.518,1.9518,0.032991,-1.1036,-2.7808,-2.7808,-2.7808,-2.7808,-2.7808,-2.7808,-4.4846,-5.0487,-3.8089,-3.8089,-3.1703,-2.2178,-2.2178,-2.1231,-1.574,-1.574,0.23413,0.23413,-0.64598,-0.64598,-2.105,-2.105,-2.105,-2.105,-2.105,-1.5782,2.5031,2.5031,2.5031,2.5031,2.5031,2.5031,2.5031,2.7329,-1.1281,-1.1281,-1.1281,-1.1281,-1.1281,-1.1281,-2.2178,-3.4768,-3.0628,-2.0359,-2.0359,-2.0359,-2.0359,-2.0359,-2.0359,-0.95142,0.63321,1.0334,0.99399,0.99399,0.59809,0.59809,0.59809,0.59809,0.59809
0.59809,0.59809,-0.27883,-1.408,-0.90885,-0.90885,-0.070239,0.91843,0.91843,0.91843,0.91843,0.91843,2.5509,2.6074,2.6074,2.6074,2.6074,2.6074,2.22,1.3494,1.2664,1.492,1.492,1.492,1.492,1.492,1.492,1.8741,0.66301,0.018092,0.018092,0.15963,0.15963,0.15963,0.15963,0.22136,0.22136,-0.19901,0.11919,0.11919,0.16176,0.16176,0.16176,0.16176,0.16176,0.16176,-0.10004,-0.10004,-1.3303,-1.1909,-1.1909,-0.45336,-0.45336,-0.45336,-0.45336,-0.45336,-0.45336,0.53424,2.4584,3.0543,3.1969,3.1969,3.1969,3.1969,3.1969,2.5882,0.37035,-0.80881,-2.3988,-2.3988,-2.3988,-2.3988,-2.3988,-2.3988,-3.811,-4.3239,-2.5584,-2.5584,-1.4825,-1.0855,-1.0855,-1.0855,-1.0855,-1.0855,-1.0855,-1.0855,-0.94078,-0.76518,-2.8819,-4.5336,-4.5336,-4.5336,-4.5336,-4.5336,-4.5336,-4.5623,-4.5623,4.4282,4.4282,4.4282,4.4282,4.4282,3.9376,-2.3147,-2.3147,-3.2257,-3.2257,-3.2257,-3.2257,-3.2257,-3.2257,-3.6918,-1.4612,-1.4612,-1.4612,-1.4612,-1.4612,-1.4612,-0.96419,-0.15006,0.6396,0.6396,1.1749,0.73538,0.73538,0.73538,0.73538,0.73538,0.73538,-0.47571
0.73538,0.73538,0.73538,-0.47571,-0.47571,-0.69494,-0.69494,0.32778,0.32778,1.3462,1.3462,1.3462,1.3462,2.4115,3.2001,3.2001,3.2001,3.2001,3.2001,3.2001,2.8447,2.32,2.3562,2.4275,2.4275,2.4275,2.4275,2.4275,2.4275,2.6116,0.35013,-0.77795,-0.77795,-1.0057,-1.0057,-1.0621,-1.0621,-1.0621,-1.0621,-1.0621,-1.0621,-1.0621,-1.0621,-1.0621,-0.91311,-0.43846,0.17985,0.17985,-0.077688,-0.44485,-0.44485,-0.77688,-0.77688,-0.65343,-0.65343,-0.65343,-0.65343,-0.65343,0.79817,1.6953,1.6953,1.6953,1.6953,1.6953,1.6953,2.4254,1.5623,1.5623,0.43633,0.43633,0.43633,0.43633,0.43633,0.43633,-0.34268,-4.2143,-4.2143,-4.657,-4.657,-4.657,-4.657,-4.657,-4.657,-3.8206,-1.889,-1.889,-1.6911,-1.6911,0.32352,0.32352,0.32352,0.32352,0.32352,0.32352,-0.28841,-2.966,-2.5233,0.19795,0.19795,0.19795,0.19795,0.19795,0.19795,0.19795,1.922,0.02767,0.02767,0.02767,0.02767,0.02767,0.02767,-0.69494,-2.3509,-2.9458,-2.701,-2.701,-2.701,-2.701,-2.701,-2.701,-1.938,-0.69813,0.23626,0.23626,1.2366,1.8198,1.8198,1.8198,1.8198,1.8198
1.8198,1.4058,-1.0898,-1.641,-1.5516,-1.5516,-0.89821,-0.89821,0.014899,0.014899,1.1504,1.1504,1.1504,1.1504,1.1504,1.1504,1.1504,2.6318,2.3573,2.3573,2.3573,2.3573,2.3573,2.3573,2.1934,2.4147,2.7829,2.7521,2.7521,2.7521,2.7521,2.7521,2.7521,0.12026,-0.37674,-0.37674,-0.85777,-0.85777,-0.99399,-0.99399,-0.99399,-0.99399,-0.99399,-0.99399,-0.6992,0.41611,0.3629,0.060661,0.060661,-0.31714,-0.31714,-0.79285,-0.79285,-0.79285,-0.79285,-1.0472,0.21497,0.21497,0.21497,0.21497,0.21497,0.21497,0.21497,1.2185,2.768,2.768,2.5052,2.5052,2.5052,2.5052,2.5052,2.5052,1.557,-1.9135,-1.9135,-3.5588,-3.5588,-3.5588,-3.5588,-3.5588,-3.5588,-3.6631,-2.4882,-2.4882,-1.3665,-1.2984,-1.2984,-1.2984,-1.2984,-1.2984,-1.2984,-1.2984,-0.95674,-3.2129,-3.2129,-2.8649,0.60767,0.60767,0.60767,0.60767,0.60767,0.60767,2.8394,1.093,1.093,1.093,1.093,1.093,1.093,-1.8869,-2.5339,-3.0607,-3.0607,-3.0607,-3.0607,-3.0607,-3.0607,-3.0607,-1.3952,-0.96525,-0.96525,-0.96525,-0.96525,-0.96525,-0.96525,-0.61512,1.1068,1.7538,1.2451,-0.0085138
-0.0085138,-0.0085138,-0.0085138,-0.0085138,-0.0085138,-1.094,-0.77369,-0.77369,0.12984,1.2302,1.2302,1.2302,1.2302,1.2302,2.0614,2.0614,2.0614,2.0614,2.0614,2.1433,1.7421,1.8475,1.8475,1.9667,1.9667,1.9667,1.9667,1.9667,1.9667,1.5155,0.041505,0.041505,0.041505,0.041505,0.041505,0.041505,-1.1036,-0.86841,-0.73112,-0.32885,-0.32885,-0.32885,-0.32885,-0.32885,-0.32885,0.33097,0.75347,0.696,0.46826,-0.085138,-0.085138,-0.085138,-0.47358,-0.47358,-0.47358,-0.47358,-0.47358,0.16389,0.75134,0.75134,0.75134,0.75134,0.75134,0.75134,2.2242,2.0156,2.0156,1.292,1.292,1.292,1.292,1.292,1.292,-0.21923,-3.5694,-3.5694,-3.5694,-4.5559,-4.6762,-4.6762,-4.6762,-4.6762,-4.6762,-4.6762,-3.2608,-1.6942,-1.4505,-1.8092,-1.8092,-1.8092,-1.8092,-1.8092,-1.8092,-0.5832,-1.2526,-1.906,-1.906,-0.15857,-0.15857,-0.15857,-0.15857,-0.15857,-0.15857,-0.15857,1.441,-0.40441,-0.40441,-1.2356,-1.2356,-1.2356,-1.2356,-1.2356,-1.9848,-3.4619,-3.1288,-3.1288,-2.32,-2.32,-2.32,-2.32,-2.32,-2.32,0.10323,1.1887,1.1887,1.9018,1.608,1.608,0.51296,0.51296
0.51296,0.51296,0.51296,0.51296,-0.59171,-0.57575,0.57681,0.57681,1.607,1.607,1.607,1.607,1.607,1.607,1.607,3.1618,3.049,2.5424,1.9305,1.9305,1.9305,1.9305,1.9305,1.9305,1.5942,1.4697,1.525,1.6368,1.6368,1.6368,1.6368,1.6368,1.6368,0.68643,-1.3601,-0.83329,-0.83329,-0.52253,-0.31075,-0.31075,-0.31075,-0.31075,-0.31075,-0.31075,-0.31075,0.042569,0.95248,0.81626,0.81626,0.4523,0.4523,-0.061725,-0.061725,-0.061725,-0.061725,-0.061725,-0.28096,0.82158,0.82158,1.4963,1.4963,1.4963,1.4963,1.4963,2.0678,2.6031,2.3349,1.5921,1.5921,1.5921,1.5921,1.5921,1.5921,1.5921,-0.5236,-1.9731,-1.9731,-1.9731,-1.9731,-1.9731,-1.9731,-2.9287,-2.4796,-2.3828,-1.6357,-1.6357,-1.4239,-1.4239,-1.4239,-1.4239,-1.4239,-1.4239,-1.5516,-1.7475,-2.9383,-2.9383,-2.9383,-2.9383,-2.9383,-2.9383,-2.9383,-3.6865,3.8259,3.8259,3.8259,3.8259,3.8259,3.8259,3.8259,-0.79817,-2.4158,-2.4158,-3.5226,-3.5226,-3.5226,-3.5226,-3.5226,-3.5226,-2.7351,-2.7351,-2.7351,-2.7351,-2.7351,-2.7351,1.1909,1.1909,1.6623,1.6623,1.6623,1.6623
1.524,-0.5683,-1.474,-1.69,-1.69,-1.69,-1.69,-1.69,-1.69,-1.4899,0.696,1.8773,1.8773,2.8468,2.8468,3.1852,3.1852,3.1852,3.1852,3.1852,3.1852,2.866,1.6825,1.4431,1.3548,1.3548,1.3548,1.3548,1.3548,1.3548,1.4974,0.8716,-0.3065,-0.928,-0.928,-0.928,-0.928,-0.928,-0.928,-0.928,-0.73751,-0.52892,-0.26606,-0.26606,0.044697,0.044697,0.044697,0.044697,0.044697,0.044697,0.044697,0.17985,-0.12239,-0.4374,-0.85989,-0.85989,-0.85989,-0.85989,-0.85989,-0.8716,-0.33204,1.3345,1.3345,1.3345,1.3345,1.3345,1.3345,2.2147,3.0181,2.2508,1.0695,1.0695,1.0695,1.0695,1.0695,1.0695,-0.1309,-3.4747,-4.6868,-4.6868,-4.9401,-3.6907,-3.6907,-3.6907,-3.6907,-3.6907,-2.4626,-0.63321,-0.68536,-0.85138,-0.85138,-0.85138,-0.85138,-0.85138,-0.85138,-0.85138,0.039376,-2.8394,-2.8394,-3.0916,-3.0916,0.46826,0.46826,0.46826,0.46826,0.46826,0.46826,0.46826,3.728,3.1618,0.73432,-1.4835,-1.4835,-1.4835,-1.4835,-1.4835,-1.4835,-3.8067,-3.165,-2.2508,-2.2508,-2.2508,-2.2508,-2.2508,-2.2508,-1.4984,-1.4984,-1.4984,1.4207,1.4207
0.54063,0.54063,0.54063,0.54063,-0.67259,-0.73538,-0.73538,0.27244,0.27244,0.27244,0.27244,1.2515,1.2515,2.6999,2.5818,2.5818,2.5818,2.5818,2.5818,2.5818,1.5665,1.5665,2.1018,2.1018,2.1018,2.1018,2.1018,2.1018,2.1018,2.0752,-0.31182,-0.31182,-0.28308,-0.28308,-0.35226,-0.35226,-0.35226,-0.35226,-0.35226,-0.35226,-0.18411,0.54275,0.464,0.464,0.464,0.464,0.464,0.464,0.14473,-0.62576,-0.86521,-0.62789,-0.62789,-0.0074496,-0.0074496,-0.0074496,-0.0074496,-0.0074496,-0.0074496,-0.0074496,0.87479,2.9554,2.9554,2.7883,2.7883,2.7883,2.7883,2.7883,2.7883,0.30224,-1.4314,-1.4314,-3.165,-3.165,-3.165,-3.165,-3.165,-3.165,-4.0228,-2.4828,-1.5176,-1.5176,-1.2313,-1.2313,-1.2313,-1.2313,-1.2313,-1.2313,-1.2313,-1.2313,-1.7549,-0.087266,-3.8993,-3.8993,-3.8993,-3.8993,-3.8993,-3.8993,-3.8993,-2.6999,3.7791,3.7791,3.7791,3.7791,3.7791,3.7791,3.4939,-0.40015,-1.9507,-3.3214,-3.3214,-3.3214,-3.3214,-3.3214,-3.3214,-3.3214,-4.0483,-2.0454,-1.6772,-1.6772,-1.6772,-1.0493,-1.0493,-1.0493,-1.0493,-1.0493,0.0074496,1.4473,1.4473,0.023413
0.023413,0.023413,-1.1536,-1.5229,-1.5229,-1.5229,-1.5229,-1.5229,-1.5229,-1.5229,-0.87799,1.4101,2.5946,3.3087,3.3087,3.3087,3.3087,3.3087,3.2757,2.2625,2.2625,2.2732,2.2732,2.2732,2.1859,2.1859,2.0093,2.0093,2.0093,2.0093,1.8081,-0.80136,-0.94078,-0.94078,-0.94078,-0.94078,-0.94078,-0.94078,-0.94078,-0.61087,-0.25116,0.081945,0.081945,0.081945,0.32459,0.36716,0.37461,0.21285,0.21285,0.21285,0.21285,0.21285,-0.4193,-0.10217,-0.10217,-0.10217,-0.10217,-0.10217,-0.10217,0.50125,0.50125,1.5889,1.5708,1.5708,1.5708,1.5708,1.5708,1.5708,0.7109,0.16389,0.16389,0.16389,0.16389,0.16389,0.16389,-0.93226,-2.4945,-2.4945,-2.4945,-2.4945,-2.4945,-1.8369,-0.79072,-0.79072,-1.1185,-1.5857,-1.5857,-1.9518,-0.75347,-0.75347,-0.75347,-0.75347,-2.9543,-4.2633,-4.2633,-1.6421,-1.6421,-1.6421,-1.6421,-1.6421,-1.6421,2.3945,3.6471,2.2711,0.41186,0.41186,0.41186,0.41186,0.41186,0.41186,-1.2739,-3.6003,-3.6003,-2.9032,-1.9529,-1.9529,-1.9529,-1.9529,-1.9529,-1.9529,-1.2537,0.84074,1.2622,1.2622,1.1334,1.1334,1.1334,1.1334,1.1334,1.1334
1.1334,1.1334,1.1334,1.1334,-1.6102,-1.8624,-1.3537,0.034055,0.034055,0.034055,0.034055,0.034055,0.034055,0.034055,1.6187,3.9153,3.9153,3.5034,3.5034,3.5034,3.5034,3.5034,3.5034,3.0618,2.4041,2.4041,2.2168,2.2168,2.2168,2.2168,2.2168,1.7836,-1.2068,-1.2068,-1.1089,-1.1089,-1.0844,-1.0844,-1.0844,-1.0844,-1.0844,-1.0844,-0.84393,0.17134,0.49593,0.54808,0.54808,0.54808,0.54808,0.54808,0.54808,0.54808,0.47039,-0.081945,-0.081945,-0.081945,-0.081945,-0.081945,-0.081945,-0.081945,0.22987,1.4037,1.4186,1.4186,1.4186,1.4186,1.4186,1.4186,1.4186,0.29905,-0.038312,-0.038312,-0.038312,-0.038312,-0.038312,-0.038312,-0.038312,-0.34481,-2.933,-2.933,-2.8681,-2.8681,-2.8681,-2.8681,-2.8681,-2.8681,-1.3707,-1.5687,-2.3051,-2.3051,-1.1345,-1.1345,-1.1345,-1.1345,-1.1345,-1.0813,-1.8709,-1.8709,0.98973,0.98973,0.98973,0.98973,0.98973,3.3225,1.9592,0.17985,0.17985,-1.3005,-2.0752,-2.5499,-2.5499,-2.5499,-2.5499,-2.5499,-2.5499,-3.0926,-3.0458,-2.2434,-1.5655,-1.5655,-1.5655,-1.5655,-1.5655,-1.0876,-1.0876,0.65982,0.93226,0.25967,0.25967,0.25967
0.25967,0.25967,-2.6254,-2.4105,-2.4105,-1.6346,-1.6346,-1.6346,-1.6346,-1.6346,-1.6346,-0.25222,3.7461,3.8706,3.8706,3.5832,3.5832,3.1661,3.1661,3.1661,3.1661,3.1661,3.1661,2.5701,2.5701,2.0359,2.0359,2.0359,2.0359,2.0359,2.0359,0.96312,0.96312,-1.1568,-0.94929,-0.94929,-0.7705,-0.7705,-0.39802,-0.39802,0.054275,0.054275,0.054275,0.054275,0.054275,0.054275,0.17985,-0.02022,-0.19475,-0.46081,-0.46081,-0.46081,-0.46081,-0.46081,-0.46081,-0.51402,-0.037248,0.38525,1.0217,1.0217,1.0217,1.0217,1.0217,1.0217,1.7081,1.4324,1.4324,1.4324,1.4324,1.4324,1.4324,1.0334,1.0334,-1.9358,-2.4488,-2.5137,-2.5137,-2.5137,-2.5137,-2.5137,-2.5137,-2.4403,-2.7063,-2.5914,-2.5914,-2.7425,-2.7425,-2.7425,-2.7425,-2.7425,-2.9383,-3.2523,-3.2523,-3.2523,-3.2523,-3.2523,-3.2523,-3.2523,5.0008,5.0008,5.3254,5.3254,5.3254,5.3254,5.3254,5.3254,3.7972,-0.87799,-2.2487,-2.7489,-2.7489,-2.7489,-2.9053,-2.9053,-2.9053,-2.9053,-2.9053,-2.6787,-1.6346,-1.4037,-1.1834,-1.1834,-0.57149,0.2469,0.2469,0.2469,0.2469,0.2469,0.2469,0.2469
-1.358,-1.358,-1.358,-1.358,-1.358,-1.358,-1.358,-0.87799,0.36929,1.6911,1.6911,2.7319,2.7319,2.7319,2.7319,2.7319,3.1905,3.1905,2.8191,2.8191,2.8191,2.8191,2.3945,2.403,2.403,2.403,2.403,2.403,2.403,2.105,-0.24158,-1.0578,-1.0823,-0.98122,-0.98122,-0.98122,-0.98122,-0.98122,-0.98122,-0.98122,-0.6694,0.85351,0.85351,0.85351,0.85351,0.85351,0.85351,0.89821,0.68323,0.69175,0.63747,0.63747,0.63747,0.63747,0.63747,0.63747,0.65343,1.0472,1.0472,1.0472,1.0472,1.0472,1.0472,1.2483,1.9113,1.9113,1.9113,1.9113,1.9113,0.88118,-1.5633,-2.9554,-2.9554,-3.9951,-3.9951,-3.9951,-3.9951,-3.9951,-3.9951,-4.3059,-1.0887,-1.8986,-1.8986,-3.1671,-3.1671,-3.1671,-3.1671,-3.1671,-3.1671,-1.9678,-1.9678,-1.789,-0.35332,-0.35332,-0.35332,-0.35332,-0.35332,-0.35332,-0.35332,1.5442,1.5442,-1.558,-1.558,-1.558,-1.558,-1.558,-1.558,-1.558,-1.7698,-2.4882,-2.4882,-2.8149,-2.5435,-2.5435,-2.5435,-2.5435,-2.5435,-2.5435,-2.5435,-2.0827,-1.5527,-0.35226,-0.35226,-0.35226,-0.35226,-0.35226,-0.35226,0.46294,0.46294,-0.63854
-1.8933,-1.8933,-2.3424,-2.3424,-2.3424,-2.3424,-2.3424,-2.3424,-2.2615,-0.89182,0.24477,1.3782,1.3782,1.3782,1.3782,1.3782,2.1721,2.1721,2.4083,2.2913,2.3232,2.3232,2.3232,2.3232,2.3232,2.3232,2.618,2.618,0.1309,-0.79923,-0.79923,-0.76411,-0.76411,-0.76411,-0.76411,-0.76411,-0.76411,-0.57042,-0.66833,-0.66833,-0.66833,-0.66833,-0.66833,-0.66833,-0.66833,-0.83435,-0.78008,-0.30011,0.20752,0.20752,0.20752,0.20752,0.20752,0.20752,0.20752,0.48529,0.6098,0.6098,0.6098,0.6098,0.98654,0.98654,0.98654,2.8734,2.685,2.685,2.685,2.685,2.685,2.685,2.4488,1.4293,1.4293,-0.35439,-0.35439,-0.98547,-1.6623,-1.6623,-1.6623,-2.3647,-2.3647,-2.7234,-2.7234,-2.7234,-2.7234,-2.7234,-2.5084,-2.304,-2.304,-2.304,-2.304,-2.304,-2.304,-2.304,-2.6542,-3.3055,1.6102,1.6102,1.6102,1.6102,1.6102,1.6102,1.0642,1.0642,-5.1711,-5.1711,2.6999,2.6999,8.2701,8.2701,8.2701,8.2701,8.2701,8.2701,8.0509,1.9348,-0.32033,-2.0178,-2.0178,-2.0178,-2.0178,-2.0178,-2.0178,-2.7627,-3.1075,-3.4875,-3.6279,-3.6279,-3.3768,-3.3768
1.9507,1.9507,1.4878,-2.0135,-2.0135,-1.293,-1.293,0.13196,0.13196,1.4708,1.4708,1.4708,1.4708,1.4708,1.4708,2.8511,2.6191,2.6191,2.3743,2.3743,2.3743,2.3743,2.3743,2.4179,1.9401,0.87586,0.87586,-0.090459,-0.090459,-0.090459,-0.090459,-0.090459,-0.090459,-0.52786,-0.52786,-0.46719,-0.29905,-0.079817,-0.079817,-0.079817,-0.079817,-0.079817,-0.079817,0.10642,-0.36929,-0.36929,-0.80562,-0.80562,-0.80562,-0.80562,-0.80562,-1.0791,-1.0791,0.38631,0.38631,0.38631,0.38631,1.7741,1.7741,1.9773,1.8688,1.8688,1.8688,1.8688,1.8688,1.8688,1.358,1.358,-1.0195,-2.1742,-2.1742,-2.6765,-2.6765,-2.6765,-2.6765,-2.6765,-2.6765,-2.7638,-1.7347,-1.1898,-1.8624,-1.8624,-1.8624,-1.8624,-1.8624,-2.3072,-2.3072,0.68855,-0.7705,-2.8117,-2.8117,-2.8117,-2.8117,-2.8117,-3.2608,-3.2608,4.3857,3.8121,3.8121,1.4335,1.4335,1.4335,1.4335,1.4335,-1.21,-1.21,-3.7205,-3.4853,-3.4853,-3.4853,-3.4853,-3.4853,-3.4853,-3.4853,-2.5063,0.53531,0.53531,0.53531,0.53531,0.53531,0.53531,0.53531,1.4473,1.0664,1.0664,-0.10749,-0.10749,-0.10749,-0.10749,-0.10749
-0.10749,-0.10749,-0.10749,-0.10749,-1.8901,-1.5974,-1.5974,-0.33523,1.5059,1.5059,1.5059,1.5059,1.5059,1.5059,2.9415,2.9149,2.9149,2.3264,2.3264,2.3264,2.3264,2.3264,1.9273,1.8039,2.071,2.2253,2.2253,1.558,1.558,1.558,1.558,1.558,1.558,0.55233,-1.3984,-1.3984,-1.3069,-1.3069,-1.3069,-1.3069,-1.3069,-1.3069,-0.8716,0.42888,0.42888,0.42888,0.42888,0.42888,0.42888,-0.58213,-0.84606,-0.84606,-0.84606,-0.84606,-0.84606,-0.84606,-0.51828,1.7134,1.7134,2.1763,2.5531,2.5531,2.5531,2.5531,2.5531,2.5531,2.4882,0.812,0.812,-0.66514,-0.66514,-0.66514,-0.66514,-0.66514,-0.66514,-1.8273,-1.8273,-1.8273,-1.8273,-1.8273,-1.8273,-3.9717,-2.9309,-2.2657,-2.2657,-1.5782,-1.5782,-1.5782,-1.5782,-1.5782,-1.5782,-2.2796,-2.2796,-3.1075,-1.7879,-1.7879,1.6868,1.6868,1.6868,1.6868,1.6868,3.131,1.21,-1.342,-1.342,-1.342,-1.9294,-1.9294,-2.4967,-2.4967,-2.6967,-2.6967,-2.6967,-2.6967,-2.6967,-2.6967,-2.3498,-0.74283,-0.74283,0.059597,0.059597,0.059597,0.059597,0.059597,0.059597,0.059597,0.82584,0.15218,0.15218,-1.4026
-1.4026,-1.4026,-1.4026,-1.4026,-1.4026,-2.0933,-2.0933,0.26925,0.26925,0.26925,0.26925,0.26925,0.26925,3.0054,2.7734,2.7734,2.4626,2.4626,2.4626,2.4626,2.4626,2.2668,2.2668,2.3136,1.3101,1.3101,-0.009578,-0.009578,-0.009578,-0.009578,-0.009578,-0.009578,-1.2207,-1.2207,-1.2207,-0.87692,-0.31927,0.16495,0.16495,0.49061,0.54914,0.54914,0.54914,0.54914,0.54914,0.54914,0.41398,0.22881,0.16708,0.15751,0.15751,0.15751,0.15751,0.15751,0.15751,0.15751,0.25329,1.5644,1.5644,2.602,2.602,3.3959,3.3959,3.3959,3.3959,3.3959,0.88224,-0.40441,-1.8113,-1.8113,-1.8113,-1.8113,-1.8113,-1.8113,-3.2565,-3.1161,-3.1161,-3.1161,-1.7666,-1.7666,-0.87266,-1.1579,-1.1579,-1.1579,-1.1579,-1.1579,-1.1579,-1.9795,-0.49167,-1.3803,-1.3803,-1.7496,-1.7496,-1.7496,-1.7496,-1.7496,-1.7496,-2.0752,2.2998,0.97589,0.97589,-0.32672,-0.32672,-0.32672,-0.32672,-0.32672,-0.32672,-0.32672,-1.1494,-2.3807,-2.5488,-2.5488,-2.5488,-2.5488,-2.5488,-2.5488,-1.5325,-0.86841,0.35226,0.35226,1.5335,1.5335,2.1306,1.5782,1.5782,1.5782,1.5782,1.5782,0.16389,-2.336
1.5782,0.16389,-2.336,-2.336,-2.336,-2.336,-2.336,-2.336,-2.336,-2.0114,1.2281,1.2281,1.2281,1.2281,1.2281,1.2281,2.1391,1.9869,1.956,1.956,1.956,2.0486,2.2828,2.2828,2.2828,2.2828,2.2828,2.4296,1.7102,0.696,-0.34268,-0.34268,-0.34268,-0.34268,-0.34268,-0.34268,-1.0344,-1.0536,-0.76518,-0.25435,-0.25435,-0.25435,-0.25435,-0.25435,-0.25435,0.24796,0.34907,0.34907,0.34907,0.34907,0.25861,-0.52041,-0.52041,-0.32033,-0.32033,-0.32033,-0.32033,-0.32033,-0.32033,0.35971,1.8411,2.6116,3.3917,3.3917,3.3917,3.3917,3.3917,3.3917,3.3991,0.96206,-0.18411,-0.18411,-0.18411,-0.18411,-0.18411,-1.3218,-3.9525,-3.9525,-3.2289,-3.2289,-3.2289,-2.4403,-1.8422,-1.8422,-1.8422,-1.8422,-1.8422,-1.8422,-1.8113,-1.5506,0.12345,-1.0291,-1.0291,-1.0291,-1.0291,-1.0291,-1.0291,-2.138,2.5807,2.5807,3.1969,3.1969,1.8996,0.10217,0.10217,-1.0813,-1.6719,-1.6719,-1.9475,-1.9475,-2.3445,-2.3445,-2.3445,-2.3445,-2.5148,-2.5148,-2.4403,-2.4403,-1.972,-1.972,-1.972,-1.972,-1.972,-1.972,-1.5346,1.2515,1.2515,1.6825,1.6825,1.6825
1.6825,1.6825,1.0493,-1.2302,-1.2302,-1.2302,-1.2302,-1.2302,-1.2302,-1.0174,0.18943,1.0153,1.0153,1.706,1.9124,1.9124,1.8613,1.8613,1.7389,1.7389,1.6804,1.6804,1.6804,1.6804,1.6804,1.6804,1.6804,2.0614,2.2061,2.2061,1.4484,1.4484,1.4484,1.4484,1.4484,1.4484,-0.13835,-1.1685,-0.77901,-0.56936,-0.56936,-0.25541,-0.25541,-0.25541,-0.25541,-0.25541,-0.25541,0.14686,0.35226,0.35226,0.24371,0.24371,0.24371,0.24371,0.24371,0.24371,0.013835,-0.045762,0.37886,0.79285,0.79285,0.79285,0.79285,0.79285,0.79285,0.79285,1.2249,2.2806,2.2806,2.2806,2.2806,2.2806,1.591,1.591,-0.85138,-0.85138,-2.3551,-2.3551,-2.3551,-3.7982,-4.5272,-4.5272,-4.5272,-4.5272,-4.5272,-4.5272,-3.8706,-1.9316,-1.5176,-1.5176,-1.7304,-1.7304,-1.7304,-1.7304,-1.7304,-1.7304,-1.6676,-2.3456,-3.2938,-3.2938,-1.4516,-1.4516,-1.4516,-1.4516,-1.4516,-1.4516,2.0295,1.7432,1.7432,-0.22774,-0.22774,-0.22774,-0.22774,-0.22774,-0.22774,-0.22774,-2.3519,-2.3871,-2.3871,-2.1551,-1.8581,-1.8581,-1.8581,-1.8581,-1.8581,-1.8581,-1.5335,-1.5335,-1.5335,-0.2022
1.1781,0.3778,-2.1402,-2.1402,-1.4878,-1.4878,-0.38419,-0.38419,-0.38419,-0.38419,-0.38419,-0.38419,0.95142,0.95142,0.95142,0.95142,2.2615,2.5063,2.5063,2.5063,2.5063,2.5063,2.5063,2.5063,2.2296,1.491,-0.22774,-0.22774,-0.22774,-1.5176,-1.2451,-1.2451,-1.2451,-1.2451,-1.2451,-1.2451,0.34162,0.42995,0.56617,0.56617,0.56617,0.56617,0.56617,0.56617,0.56617,0.6662,0.65024,0.54914,0.30224,0.30224,0.15751,0.15751,0.15751,0.15751,0.15751,0.15751,1.6017,1.6017,2.154,2.5158,2.5158,2.8606,2.8606,2.8606,2.8606,2.8606,2.8606,0.12132,0.12132,-0.99292,-0.99292,-0.99292,-0.99292,-0.99292,-1.7953,-3.4768,-3.4768,-3.7929,-3.7929,-3.7929,-3.7929,-2.8606,-1.2111,-1.2111,-1.2111,-1.2111,-1.2111,-1.2111,-0.13729,-1.6315,-2.6904,-2.6904,-2.6904,-2.6904,-2.6904,-2.6904,-2.8564,2.5807,3.0873,2.2306,2.2306,0.61193,0.61193,0.61193,0.61193,0.61193,-2.4105,-2.4105,-3.1246,-3.198,-3.198,-3.198,-3.198,-3.198,-3.198,-2.5573,-2.5573,-0.58426,-0.58426,0.18411,1.0163,1.0163,1.0163,1.0163,1.0163,1.0163,-0.035119,-1.6432,-2.2934,-2.2934
-1.6432,-2.2934,-2.2934,-2.2934,-2.2934,-2.2934,-2.2934,-2.2934,-0.15644,1.0185,2.1316,2.1316,2.1316,2.8,2.8692,2.8692,2.8692,2.8692,2.8692,2.8692,2.8692,2.5935,2.3754,2.6861,2.6861,2.651,2.651,2.651,2.651,1.5495,-0.65982,-0.63321,-0.63321,-0.50338,-0.24051,-0.24051,0.21604,0.21604,0.21604,0.21604,0.21604,0.21604,0.21604,0.5949,-0.039376,-0.039376,-0.30969,-0.30969,-0.30969,-0.30969,-0.30969,-0.44485,-0.44485,0.065982,0.065982,0.66408,0.66408,1.4495,1.4495,1.4495,1.4495,1.4495,1.4495,2.3573,2.651,2.651,1.3335,1.3335,1.3335,1.3335,1.3335,1.3335,-0.018092,-4.3804,-4.3804,-4.706,-4.706,-4.3154,-4.3154,-4.3154,-4.3154,-4.3154,-3.4087,-2.286,-1.9486,-1.9486,-1.9486,-1.9486,-1.9486,-1.9486,-1.9486,-2.9628,-3.6758,-1.2068,-1.2068,-1.2068,2.9681,2.9681,4.5528,4.5528,4.5528,4.5528,4.5528,3.6673,3.6673,-1.9231,-1.9231,-2.2977,-2.2977,-2.5041,-2.5478,-2.5478,-2.5478,-2.5478,-2.5478,-2.5478,-1.0717,-0.76305,-0.36503,-0.36503,-0.36503,-0.36503,-0.36503,-0.36503,-0.36503,0.2054,0.2054,0.2054,0.2054,0.2054
0.2054,0.2054,0.2054,-1.3133,-2.5073,-2.1465,-1.1228,-1.1228,-1.1228,-1.1228,-1.1228,0.54169,0.54169,3.794,3.794,3.5524,3.5524,3.5524,3.5524,3.5524,3.5524,2.4275,2.4275,2.4158,2.4158,2.4158,2.3626,2.3626,2.3626,1.2505,1.2505,1.2505,1.2505,1.2505,0.079817,-0.079817,-0.098973,-0.098973,-0.098973,-0.098973,-0.098973,0,0.232,0.50551,0.30969,0.30969,0.30969,-0.38844,-0.54808,-0.54808,-0.38844,-0.38844,0.043633,0.043633,0.74709,0.74709,0.74709,0.74709,0.74709,2.4456,3.0384,2.8798,2.8798,2.8798,2.8798,2.8798,2.8798,2.8798,0.25754,-1.2239,-3.2225,-3.2225,-4.8305,-4.8305,-4.8305,-4.8305,-4.8305,-4.8305,-5.3924,-3.9163,-2.7968,-2.0774,-2.0774,-2.0774,-2.0774,-2.0774,-2.0774,-1.8954,-0.44059,-2.7202,-2.7202,-2.7202,-2.7372,0.69494,0.69494,0.69494,0.69494,0.69494,0.69494,4.0653,0.25967,-1.5069,-1.5069,-1.5069,-1.9709,-1.9709,-2.1742,-2.1742,-2.1742,-2.1742,-2.1742,-2.1742,-2.4392,-2.0093,-0.75773,-0.75773,-0.75773,-0.75773,-0.75773,-0.75773,-0.5832,0.36396,0.36396,0.36396,0.36396,0.36396,-1.3271,-1.3271,-2.2647,-2.3168
-1.3271,-2.2647,-2.3168,-2.3168,-1.7964,-0.70984,-0.70984,-0.70984,0.8003,2.2242,2.2242,3.1544,3.1544,3.1544,3.1544,3.1544,3.1991,2.9405,2.7712,2.7712,2.7712,2.7712,2.7712,2.7712,2.9202,2.8883,1.8539,1.8539,0.8152,0.13196,0.13196,0.13196,0.13196,0.13196,0.13196,-0.62151,-1.1079,-0.76305,-0.41505,-0.41505,-0.41505,-0.41505,-0.41505,-0.41505,-0.26818,-0.79604,-1.1941,-1.4654,-1.4654,-1.4654,-1.4654,-1.4654,-1.4654,-1.6389,-0.95887,0.07556,0.07556,0.07556,0.07556,0.07556,0.07556,1.3218,2.5424,3.3715,3.3715,2.0433,2.0433,0.39057,-0.86415,-0.86415,-0.86415,-0.86415,-0.86415,-0.86415,-2.2029,-5.402,-5.7947,-5.7947,-5.0242,-5.0242,-5.0242,-5.0242,-5.0242,-5.0242,-5.0242,-5.0242,-5.0242,-3.7333,0.012771,0.012771,-0.54488,-2.7766,-2.7766,-4.5559,-4.5559,-2.1242,-2.1242,2.005,2.005,4.1111,4.1111,3.8429,3.8429,3.8429,3.8429,3.8429,3.8429,1.5421,-1.9954,-2.0646,-2.0901,-2.0901,-2.0901,-2.0901,-2.0901,-2.0901,-2.0901,-1.2505,-0.97589,-0.97589,-0.86521,-0.86521,-0.86521,-0.86521,-0.86521,-0.86521,-0.55233,1.3207,1.3207,1.3207
1.3207,-1.9316,-1.9316,-2.1646,-1.8677,-1.8677,-1.8677,-1.8677,-1.8677,-1.8677,-0.98334,3.3608,3.3608,3.993,3.993,3.993,3.993,3.993,3.8993,2.9915,2.9915,2.7404,2.7404,2.7244,3.0777,3.0777,3.0777,3.0777,3.0777,3.0777,2.9351,0.2171,-0.44591,-0.44591,-0.64598,-0.64598,-0.64598,-0.64598,-0.64598,-0.64598,-0.62044,0.61619,0.61619,0.61619,0.61619,0.61619,0.61619,0.84499,0.56723,0.39802,0.20433,0.20433,0.20433,0.20433,0.20433,0.20433,-0.10536,0.96525,0.96525,0.96525,1.8539,1.8539,1.8539,1.8539,1.8539,3.3991,3.3991,2.6957,2.6957,1.6017,1.6017,0.24158,0.24158,0.24158,0.24158,0.24158,0.24158,-1.6144,-4.6624,-4.6624,-3.5971,-3.5971,-3.5971,-3.5971,-3.5971,-3.5971,-2.1285,-1.7368,-2.7351,-1.7879,-1.7879,-0.75454,-0.75454,-0.75454,-0.75454,-0.75454,-0.75454,-1.9433,-1.3611,1.7347,3.4853,3.4853,3.4853,3.4853,3.4853,3.4853,3.4853,2.6808,-3.0416,-3.0416,-2.8319,-2.8319,-2.5563,-2.5563,-2.4573,-2.4573,-2.4573,-2.4573,-2.4573,-2.4573,-2.3232,-1.441,-1.441,-0.54595,-0.54595,-0.54595,-0.54595,-0.54595,-0.54595,0.21604
0.054275,0.054275,0.054275,-3.2097,-2.9373,-2.9373,-2.0827,-2.0827,-2.0827,-2.0827,-2.0827,-0.30011,3.281,4.2558,4.2558,4.4006,4.4006,4.4006,4.4006,4.4006,4.0675,3.3725,3.3055,3.3055,3.3055,3.3374,2.982,2.982,2.982,2.982,2.982,2.982,1.8688,-0.44697,-1.0674,-1.2739,-1.2739,-1.2739,-1.2739,-1.2739,-1.2739,-1.0078,-1.0078,0.74709,0.74709,0.74709,0.74709,0.74709,0.74709,0.74709,-0.29266,-0.97802,-1.2547,-1.2547,-1.2547,-1.2547,-1.2547,-1.2547,-1.2547,-1.2547,-0.99824,2.0167,3.1192,3.4747,3.4747,3.4747,3.4747,3.4747,3.4747,3.4747,3.4747,2.1923,-1.2973,-3.529,-3.529,-4.7688,-4.7688,-4.7688,-4.7688,-4.7688,-4.7688,-4.7688,-1.2579,-1.8209,-1.8209,-1.8209,-1.8209,-1.8209,-1.8209,-3.562,-2.4828,-2.5839,-2.6616,-2.6616,-2.6616,-2.6616,-2.6616,-2.6616,0.40334,4.226,2.5318,2.5318,2.5318,2.5318,-0.4374,-2.2987,-2.6159,-2.552,-2.552,-2.6712,-2.6712,-2.6712,-2.6712,-2.6712,-2.6712,-2.6712,-2.1529,-1.7443,-1.7443,-1.2292,-1.2292,-1.2292,-1.2292,-1.2292,-0.60022,0.6247,1.1047,1.1047,1.1047,1.1047
1.1047,1.1047,0.20327,-2.1827,-2.2051,-1.6538,-1.6538,-1.6538,-1.6538,-1.6538,-1.6538,-0.61725,1.9731,2.6606,2.6606,2.7106,2.7106,2.4839,2.4839,2.2966,2.2966,2.2966,2.2966,2.2966,3.1767,2.9138,1.9465,1.9465,1.9465,1.9465,1.9465,1.9465,1.9465,-0.28521,-0.61406,-0.61406,-0.38525,0.087266,0.087266,0.087266,0.087266,0.087266,0.087266,0.087266,0.51189,-0.24264,-0.24264,-0.73751,-0.73751,-0.73751,-0.73751,-0.73751,-0.73751,-1.1887,-0.98547,-0.0085138,-0.0085138,1.3686,1.3686,1.3686,1.3686,1.3686,1.3686,2.8915,2.7627,1.4452,1.4452,1.4452,1.4452,1.4452,1.4452,-0.86841,-2.8149,-4.5347,-4.5347,-5.1157,-5.1157,-5.1157,-5.1157,-5.1157,-5.1157,-4.7454,-1.9741,-1.9741,-2.0114,-2.0114,-2.0114,-2.0114,-2.0114,-2.0114,-3.2704,-3.2704,-3.3374,0.37141,0.37141,0.37141,0.37141,0.37141,0.37141,3.5247,1.3494,-0.80349,-0.80349,-2.0039,-2.0039,-2.1444,-2.1444,-2.1444,-2.1444,-2.1444,-2.1444,-2.2593,-2.8511,-2.8511,-2.1955,-2.1955,-2.1955,-1.6304,-1.1462,-1.1462,-1.1462,-1.1462,-1.1462,-1.1462,-1.1462,-0.52147,1.2696,0.22881,0.22881,0.22881
0.22881,0.22881,0.22881,0.22881,-1.0962,-0.90885,-0.90885,-0.90885,-0.90885,-0.90885,-0.90885,0.056404,2.2391,2.7148,2.6755,2.6755,2.6755,2.6755,2.6755,2.6755,2.6223,2.9213,2.9213,3.1299,3.1299,3.1299,3.1299,3.1299,2.5446,-0.088331,-0.088331,-1.0451,-1.0451,-1.0451,-1.0451,-1.0451,-1.0451,-1.0451,-1.5123,-0.23839,0.3033,0.3033,0.3033,0.3033,0.3033,0.3033,0.33523,-0.18624,-0.18624,-0.18624,-0.18624,-0.18624,-0.18624,-0.4225,-0.22242,0.39483,0.39483,1.1962,1.1962,1.1962,1.1962,1.1962,1.1962,2.5754,1.9401,1.9401,0.73751,0.73751,0.73751,0.73751,0.73751,-3.4939,-3.4939,-4.3484,-4.3484,-4.3484,-4.2239,-3.0277,-3.0277,-3.0277,-3.0277,-3.0277,-3.0277,-0.34162,-1.3707,-1.3707,-2.4903,-2.4903,-2.4903,-2.4903,-2.4903,-2.4903,-2.4903,-2.8085,-3.3587,-1.3409,-1.3409,2.2413,2.2413,2.2413,2.2413,2.2413,3.9238,0.80455,-2.3807,-2.3807,-2.3807,-2.5882,-2.5882,-2.5882,-2.5882,-2.5882,-2.7712,-2.7712,-2.5531,-2.1114,-1.7187,-1.7187,-1.7187,-1.7187,-1.7187,-1.7187,-1.2707,-0.024477,0.60767,0.71622,0.71622,0.71622,0.71622,0.71622
0.71622,0.71622,-0.46932,-2.3817,-2.0784,-2.0784,-2.0784,-2.0784,-2.0784,-1.0248,1.8837,3.2193,3.8312,3.8312,3.8312,3.8312,3.8312,3.8312,3.8312,3.695,2.8851,3.2086,3.2086,2.7404,2.7404,1.3782,1.3782,0.27457,-0.038312,-0.038312,-0.038312,-0.038312,-0.038312,-0.038312,-0.23839,-0.21391,0.1724,0.59064,0.59064,0.59064,0.59064,0.59064,0.59064,0.59064,0.56404,-0.68323,-0.92268,-0.92268,-0.92268,-0.92268,-0.92268,-0.92268,-0.92268,-0.29053,0.90459,2.5307,4.0845,4.0845,4.0845,4.0845,4.0845,4.0845,4.0845,4.5708,0.57681,0.57681,-0.98228,-2.6808,-2.6808,-4.2079,-4.2079,-4.7539,-4.7539,-4.7539,-4.7539,-3.3161,-2.0167,-1.3207,-1.3207,-1.3207,-1.3207,-1.3207,-1.3207,-1.8613,-1.9113,-3.3385,-3.3385,-3.3385,-3.3385,-3.3385,-3.3385,2.1338,4.49,3.4289,3.4289,3.4289,3.4289,3.4289,3.4289,0.50231,-2.668,-2.6329,-2.3338,-2.3338,-2.1636,-2.1636,-2.1636,-1.756,-1.0983,-0.66833,-0.66833,-0.66833,-0.66833,-0.51934,-0.14686,-0.14686,0.54595,0.54595,0.54595,0.54595,0.54595,0.54595,-2.2327,-2.2327,-2.2327,-2.2327,-2.2327,-2.2327,-2.2327,-0.050019
0.54595,-2.2327,-2.2327,-2.2327,-2.2327,-2.2327,-2.2327,-2.2327,-0.050019,-0.050019,2.6233,2.6233,2.6233,2.6233,2.6233,2.4828,2.2551,2.2551,2.2551,2.2551,2.2551,2.2551,2.3892,3.0479,3.3715,3.3715,2.8223,2.8223,2.8223,1.4452,1.4452,-0.8301,-0.8301,-1.1685,-1.1685,-0.97589,-0.37354,-0.37354,-0.37354,-0.37354,-0.37354,-0.37354,0.4193,0.4193,0.73112,-0.038312,-0.038312,-0.038312,-0.038312,-0.038312,-0.038312,-0.038312,-0.49806,-0.49806,1.8432,1.8432,1.8432,2.1976,2.1976,1.243,1.243,1.243,1.243,1.243,1.243,0.16283,-0.73538,-0.73538,-2.0007,-2.0007,-2.0007,-3.1161,-3.5641,-3.5641,-3.5641,-3.5641,-3.5641,-3.5641,-3.2278,-1.8188,-1.8188,-1.8188,-1.8188,-1.8188,-1.8188,-1.8188,-1.4889,-2.304,-2.304,-2.304,-2.304,-2.304,0.70239,3.8866,4.0824,4.0824,4.0824,4.0824,4.0824,4.0824,2.9756,-2.6882,-2.6882,-3.2289,-3.0245,-3.0245,-2.2519,-2.2519,-1.392,-1.392,-1.392,-1.392,-1.392,-1.392,-0.75773,0.78114,0.78114,1.0408,1.0408,1.0408,0.35439,-1.0078,-1.0078,-1.9539,-1.9539,-1.9539,-1.9539,-1.9539,-1.9539,1.4942
-1.0078,-1.9539,-1.9539,-1.9539,-1.9539,-1.9539,-1.9539,1.4942,1.4942,1.4942,1.4942,1.4942,1.4942,1.4942,3.5886,3.2235,3.2235,2.8117,2.8117,2.8117,2.8117,2.8117,2.5627,2.5627,2.1433,0.9461,0.9461,0.9461,0.029798,0.029798,-0.42037,-0.42037,-0.42037,-0.42037,-0.42037,-0.42037,-0.7258,-0.46719,0.012771,0.41398,0.41398,0.37354,0.37354,0.37354,0.37354,0.37354,0.37354,0.15751,-0.84606,-1.0419,-1.0419,-1.0419,-1.0419,-1.0419,-1.0419,-0.71835,1.2558,2.8085,4.0856,4.0856,4.0856,4.0856,4.0856,4.0856,4.0856,1.3548,0.36822,0.36822,-1.3218,-1.3218,-3.0235,-3.0235,-3.6663,-3.6663,-3.6663,-3.6663,-3.6663,-3.6663,-3.1512,-3.1512,-1.3707,-1.0461,-2.055,-2.055,-2.055,-2.055,-2.055,-2.055,-3.1352,-4.5027,-4.109,-4.109,-4.109,-4.109,-4.109,-4.109,-0.23307,-0.23307,2.9213,2.9213,2.9213,2.9213,2.9213,2.9213,2.9213,0.36716,-1.7687,-1.7804,-1.9092,-1.9092,-1.9092,-1.9092,-1.9092,-1.8901,-0.4938,0.41611,0.41611,0.99079,0.99079,0.99079,0.99079,1.027,0.16815,-0.21391,-0.21391,-0.92055,-0.92055,-0.92055,-0.92055,-0.92055
-0.92055,-0.92055,-0.92055,-1.8571,-2.6308,-2.0029,-0.47784,-0.47784,-0.47784,-0.47784,-0.47784,-0.47784,1.3399,3.4247,3.2991,3.2991,2.8543,2.8543,2.8543,2.8543,2.8543,2.8543,2.3424,2.3424,2.618,1.4133,1.4133,0.58958,0.58958,0.27244,0.086202,0.086202,-0.14261,-0.14261,-0.10429,-0.10429,-0.10429,-0.10429,-0.10429,-0.10429,-0.10429,0.58852,0.58852,0.087266,-0.19262,-0.19262,-0.19262,-0.19262,-0.19262,-0.26393,-0.26393,-0.68643,-0.68643,-0.68643,-0.68643,-0.68643,-0.68643,-0.41611,1.856,3.0735,3.9547,3.9547,3.9547,3.9547,3.9547,3.9547,4.3144,3.6343,0.22136,-1.2388,-1.2388,-2.8191,-2.8191,-2.8191,-4.0079,-4.2835,-4.2835,-4.2835,-3.5013,-1.806,-1.806,-0.48954,-0.48954,-0.48954,-0.48954,-0.48954,-0.70132,-0.70132,-1.5048,0.26712,0.26712,0.26712,0.26712,0.26712,0.26712,-1.2579,-0.80243,-0.80243,-0.80243,-0.80243,-0.80243,-0.80243,-0.80243,-0.80243,-1.0621,-3.5705,-3.5705,-3.5705,-3.5705,-3.5705,-3.5705,-4.2888,-2.4754,-1.9603,-1.3175,-1.3175,-0.78966,-0.78966,-0.78966,-0.39057,0.13303,0.13303,0.63109,0.63109,0.63109,0.63109,0.63109,0.82265,-0.5087,-0.5087
-2.3626,-3.3885,-3.3885,-3.3885,-3.3885,-3.3885,-3.3885,-3.4321,-1.7453,0.38525,2.4562,2.4562,2.4562,2.4562,2.4562,2.4562,3.9802,3.6301,3.6301,3.0873,3.0873,3.0873,3.0873,3.0873,3.0873,2.8053,2.7883,2.7883,2.7883,2.1891,0.77795,0.77795,-0.60022,-0.60022,-1.1547,-1.1547,-1.3005,-1.3005,-1.3005,-1.3005,-1.2792,-0.91204,-0.10536,-0.10536,0.44059,0.44059,0.44059,0.44059,0.44059,0.44059,0.65237,0.54382,0.087266,0.087266,0.087266,0.087266,0.087266,0.087266,-0.29053,-0.29053,0.19795,0.812,0.812,0.812,0.812,0.812,0.812,1.3282,0.9727,0.9727,0.9727,0.4225,-0.12132,-0.12132,-0.12132,-0.12132,-0.12132,-0.12132,-1.3675,-3.828,-3.8791,-2.7723,-2.7723,-1.6783,-1.6783,-1.6783,-1.6783,-1.6783,-1.6783,-2.0561,-1.5006,-1.5006,-0.90778,-0.90778,-0.90778,-0.90778,-0.90778,-0.90778,-2.3232,2.2668,2.2668,4.3314,4.3314,4.3314,4.3314,4.3314,3.297,-2.1806,-3.2895,-3.1458,-3.1458,-3.1458,-3.1458,-3.1458,-3.1458,-2.7798,-1.7655,-1.7655,-1.2547,-1.2547,-0.85883,-0.85883,-0.85883,-0.85883,-0.85883,-0.85883,-0.47039,0.54063,0.54063,0.54063
-0.81839,-0.81839,-0.81839,-0.81839,-3.0224,-2.0486,-2.0486,-0.33097,-0.33097,-0.33097,-0.33097,-0.33097,1.7304,1.7304,4.2963,4.2963,4.2963,4.2963,4.2963,4.2963,3.8461,3.0288,2.9277,2.8755,2.8755,2.8755,2.8755,2.8755,2.8755,2.7947,-0.45549,-0.45549,-1.392,-1.8039,-1.8039,-1.8741,-1.8741,-1.8741,-1.8741,-0.98334,-0.35332,-0.35332,-0.059597,-0.059597,0.065982,0.065982,0.065982,0.065982,0.065982,0.065982,-0.34694,-0.33417,0.090459,0.090459,0.090459,0.090459,0.090459,0.090459,0.73538,1.9752,1.9752,2.4328,2.0784,2.0784,2.0784,2.0784,2.0784,1.1057,1.1057,-1.6644,-3.3353,-3.3353,-4.4974,-4.4974,-4.5293,-4.5293,-3.2278,-3.2278,-1.7847,-1.7847,-1.7847,-1.7847,-1.7847,-0.61087,-0.99505,-2.5722,-2.5722,-2.5722,-2.5722,-2.5722,-2.5722,-2.4169,-2.4796,-2.4796,-2.4796,-2.4796,-2.4796,-2.4796,4.9188,3.4651,3.4651,0.14261,0.14261,0.14261,0.14261,0.14261,0.14261,-2.5584,-3.4885,-3.4885,-3.1405,-3.1405,-2.5669,-2.5669,-2.5669,-2.5669,-1.9231,-0.64279,-0.12771,0.40334,1.0334,1.0334,1.0334,1.0142,-0.33842,-0.33842,-0.33842,-0.33842,-0.33842,-0.33842
-0.33842,-0.33842,-0.33842,-2.1327,-1.8816,-1.1909,-1.1909,-1.1909,-1.1909,-1.1909,-1.1909,0.31927,4.2633,4.2633,4.2633,4.2633,4.2633,4.2633,3.0171,2.6563,2.453,2.453,2.453,2.453,2.453,2.453,2.453,2.42,-0.71729,-0.71729,-1.3782,-1.3782,-1.6166,-1.6166,-1.6166,-1.6166,-1.6166,-1.6166,-1.557,-0.21604,-0.21604,0.22136,0.22136,0.22136,0.22136,0.22136,0.22136,0.22136,0.23094,0.014899,0.014899,-0.20114,-0.12877,-0.12877,-0.12877,-0.12877,-0.12877,0.21072,1.5069,2.386,2.386,3.1171,3.1171,3.1171,3.1171,3.1171,3.1171,3.1171,0.053211,0.053211,-1.0206,-1.0206,-1.0206,-1.0206,-1.0206,-2.4105,-3.6109,-3.6109,-2.0316,-2.0316,-1.4686,-1.4686,-1.4686,-0.72154,-1.2122,-1.2122,-1.6325,-1.6325,-1.6325,-1.6325,-1.6325,0.18943,-2.7053,-4.5208,-4.5208,-3.9217,0.42995,0.42995,0.42995,0.42995,0.42995,0.42995,4.3782,4.3782,0.093652,0.093652,0.093652,0.093652,0.093652,0.093652,-1.5538,-3.0394,-3.0394,-2.5275,-2.5275,-2.5275,-2.5275,-2.5275,-2.5275,-1.6772,-0.0074496,-0.0074496,0.19369,0.19369,0.18943,0.18943,0.27563,0.27563,0.27563,0.27563
-1.5921,-1.5921,-2.7127,-2.7127,-2.7127,-2.2253,-2.2253,-2.2253,-2.2253,-2.2253,-0.97589,2.4105,3.6439,3.9823,3.9823,3.9823,3.9823,3.9823,3.9823,3.7152,2.7659,2.8415,2.7947,2.7947,2.7947,2.7947,2.7947,2.7947,1.74,-0.812,-0.812,-0.35332,-0.35332,0.02767,0.02767,0.02767,0.02767,0.02767,0.02767,0.10536,0.21178,0.1011,-0.17134,-0.17134,-0.43314,-0.43314,-0.43314,-0.43314,-0.43314,-0.464,-0.45017,-0.45017,-0.24903,-0.24903,0.31288,1.0546,1.0546,1.0546,1.0546,1.0546,1.0546,1.9529,3.247,2.3519,2.3519,2.3519,0.99505,-0.3214,-0.3214,-1.6134,-1.6134,-1.6134,-1.6134,-1.6134,-1.6134,-2.9543,-2.9543,-2.3679,-2.3679,-0.8301,-0.16176,-0.16176,-0.77476,-0.77476,-1.3963,-1.3963,-1.3963,-1.3963,-1.3963,-1.3963,-0.6992,-1.9241,-2.3402,-0.14793,-0.14793,-0.14793,-0.14793,-0.14793,-0.14793,-2.0103,-2.0103,-2.0103,-2.0103,-2.0103,-2.0103,-2.0103,-1.4229,-1.4229,-1.392,-1.7049,-1.7049,-1.7049,-1.7049,-1.7049,-1.7049,-1.8496,-1.4207,-1.4207,-0.57681,-0.57681,0.88011,0.88011,2.3126,2.3126,2.6818,1.5282,1.5282,-0.009578,-0.009578,-0.79072
-0.009578,-0.79072,-0.79072,-0.79817,-0.79817,-0.79817,-0.79817,-0.79817,0.14793,0.78008,1.3356,1.3356,1.5889,1.5889,1.5889,1.5889,1.5889,1.5889,0.53531,0.56085,0.87479,0.87479,0.87479,0.87479,0.87479,0.87479,0.87479,1.1941,1.8592,1.8592,0.80775,0.80775,0.80775,0.80775,0.80775,0.80775,-0.14048,-0.14048,-0.14048,-0.14048,-0.14048,-0.14048,-0.94078,0.025541,0.40653,0.59703,0.59703,0.69387,0.69387,0.69387,0.69387,0.69387,0.22029,0.22029,-0.15006,-0.1724,-0.1724,-0.1724,1.2664,1.2664,2.1348,2.1348,2.1348,2.1348,2.1348,2.9138,3.3917,2.3519,0.98228,0.98228,0.98228,0.98228,0.98228,0.98228,0.035119,-1.9667,-3.3885,-3.3885,-3.9749,-3.9749,-3.9547,-3.9547,-3.9547,-3.9547,-3.9547,-3.9547,-3.9547,-1.3335,-1.7389,-1.7389,-1.508,-1.508,-1.508,-1.508,-1.508,-2.6393,-2.6393,-4.6017,-2.6606,-2.6606,2.3466,2.3466,2.3466,2.3466,2.3466,2.3466,5.8479,-0.85138,-0.85138,-2.7031,-2.7031,-2.7031,-2.7031,-2.7031,-2.7031,-3.1214,-2.9543,-2.3913,-1.7485,-1.7485,-1.7485,-1.7485,-1.7485,-1.3558,-1.3558,-1.3558,-0.44378,0.35439,0.35439,0.23839
0.23839,0.23839,-0.79072,-2.4073,-2.0955,-0.86841,-0.86841,-0.86841,-0.86841,-0.86841,-0.86841,-0.86841,0.77476,3.6482,3.2054,3.2054,3.2054,3.2054,3.2054,3.2054,3.2054,2.0114,2.1029,2.3104,2.3104,1.8496,1.8496,1.8496,1.8496,1.8496,0.61831,-0.86415,-0.86415,-1.2441,-1.2441,-1.2441,-1.2441,-1.2441,-1.2441,-1.2622,-1.2622,-0.39802,-0.18198,-0.17028,-0.17028,-0.24264,-0.27351,-0.27351,-0.27351,-0.27351,-0.27351,-0.22668,-0.081945,0.38099,1.2866,1.2866,1.2866,1.2866,1.2866,1.2866,2.4828,3.8152,3.8152,3.8152,3.8152,3.8152,3.8152,2.5031,-1.3133,-1.3133,-2.6191,-2.6191,-2.6191,-2.6191,-2.6191,-2.6191,-3.7312,-2.966,-2.1636,-2.1263,-2.1263,-1.8539,-1.8539,-1.706,-1.706,-2.5488,-2.3126,-2.3126,-2.3126,-2.3126,-2.3126,-2.3126,-1.5016,-1.5016,-3.5577,-3.7354,-3.7354,-3.7354,-3.7354,-3.7354,-3.7354,-0.43633,3.4247,1.2845,1.2845,1.2845,1.2845,1.2845,1.2845,1.2845,-0.80243,-3.1469,-2.9224,-2.9224,-2.9224,-2.9224,-2.9224,-2.9224,-2.5297,-1.5719,-0.39057,0.94929,0.94929,1.8624,1.8624,1.8624,1.8624,1.8624,1.8624,2.2625
-0.67898,-0.7705,-0.7705,-0.7705,-0.7705,-0.7705,-0.7705,-0.7705,2.4743,2.4743,3.1927,3.1927,3.1927,3.1927,3.1927,3.1927,3.1874,1.6517,1.6517,1.6517,1.6517,1.6517,1.6517,1.6517,1.2217,1.3856,0.84499,0.84499,0.84499,0.84499,0.84499,0.84499,-0.70132,-2.0965,-1.8667,-1.8667,-1.5293,-1.1887,-1.1887,-0.67046,-0.67046,-0.064918,-0.064918,0.1724,0.1724,0.1724,0.1724,0.0010642,-0.2767,-0.2767,-0.60767,-0.60767,-0.60767,-0.60767,-0.60767,-0.60767,1.2856,2.2998,2.2998,2.2998,2.2998,2.2998,2.2998,3.1714,3.1331,3.1331,1.4388,1.4388,1.4388,1.4388,1.4388,1.4388,-2.2317,-3.5683,-3.5683,-3.8738,-3.8738,-3.5705,-3.5705,-2.0273,-1.5995,-1.5995,-0.84287,-0.84287,-1.6644,-1.6644,-2.304,-2.304,-2.304,-2.304,-2.304,-2.304,1.2249,-0.4225,-3.4438,-3.4438,-3.4438,-3.4438,-3.4438,-3.4438,-3.8876,5.1115,5.1115,5.1115,5.1115,5.1115,5.1115,5.1115,-2.7861,-3.2916,-3.2916,-3.181,-3.181,-3.181,-3.181,-3.181,-3.181,-2.8574,-1.6198,-1.0472,-0.54382,-0.54382,-0.071303,-0.071303,-0.071303,-0.071303,-0.071303,-0.071303,0.30756,0.33204
-1.2196,-1.2196,-1.2196,-2.1104,-1.756,-0.67898,1.1281,1.1281,2.7031,2.7031,2.7031,2.7031,2.7031,2.7031,3.9589,3.9589,3.1097,2.403,2.403,2.403,2.403,2.403,2.403,2.403,2.0188,1.7581,1.8262,1.226,1.226,1.226,1.226,1.226,1.226,-0.20859,-0.20859,-1.2824,-0.88863,-0.88863,-0.57149,-0.57149,0.11813,0.11813,0.11813,0.11813,0.11813,0.65982,0.51189,0.51189,0.26712,0.26712,-0.081945,-0.081945,-0.081945,-0.081945,-0.081945,-0.081945,-0.42356,-0.09578,0.65876,1.525,1.525,1.525,1.525,1.525,1.525,2.2689,3.1756,2.3966,1.3218,1.3218,1.3218,1.3218,1.3218,1.3218,0.50657,-1.7432,-3.0256,-3.0256,-3.2267,-2.5478,-2.5478,-1.5453,-1.4133,-1.4133,-1.4133,-1.8113,-1.8113,-1.8113,-1.8113,-1.8113,-2.9021,0.15006,0.94822,0.94822,0.94822,0.94822,0.94822,0.94822,-0.046826,-0.046826,3.2746,3.2746,3.2746,3.2746,3.2746,3.2746,3.2746,3.2746,3.2746,3.2746,3.2746,3.1693,-1.7177,-1.7177,-1.74,-1.74,-1.74,-1.74,-1.74,-1.74,-2.3062,-2.1902,-1.9986,-1.9986,-1.9986,-1.9986,-1.9986,-1.9986,-1.4048,1.2175
-0.12984,-0.12984,-0.12984,-0.12984,-1.4207,-1.1909,-0.33204,0.74602,0.74602,0.74602,0.74602,0.74602,0.74602,1.6389,2.1444,1.7528,1.3377,1.3377,1.3377,1.3377,1.3377,1.3377,1.2047,1.8411,2.2413,2.7553,2.7553,2.5275,2.5275,2.5275,2.5275,2.5275,2.5275,1.2537,-0.85032,-1.3537,-1.5091,-1.5091,-1.1685,-1.1685,-0.48316,-0.48316,-0.48316,-0.48316,-0.48316,-0.48316,-0.48316,0.02022,-0.41505,-0.41505,-0.94929,-0.94929,-0.94929,-0.94929,-0.94929,-0.94929,-1.4112,-0.42995,0.53956,1.4814,1.4814,1.4814,1.4814,1.4814,1.4814,2.2306,2.3126,1.2686,0.56404,0.56404,0.31607,0.31607,0.31607,0.31607,0.31607,0.31607,-0.33842,-0.33842,-2.9692,-3.4183,-3.1416,-3.1416,-2.2923,-2.2923,-1.9912,-1.9912,-1.9912,-1.9912,-1.4452,-2.2466,-2.9107,-3.5843,-3.5843,-3.5843,-3.5843,-3.5843,-3.5843,-0.46294,-3.1107,-3.347,-3.347,-3.347,-3.347,-3.347,-3.347,5.0104,3.5652,3.5652,0.84499,0.84499,0.84499,0.84499,0.84499,0.84499,-2.287,-2.4445,-2.4445,-2.4552,-2.4552,-2.1061,-2.1061,-2.1061,-2.1061,-2.1061,-1.5602,-1.5602,-0.95993,-0.60129,0.074496,0.074496
-1.707,-1.707,-2.1178,-2.1178,-2.1178,-2.1178,-2.1178,-2.1178,-1.8656,-1.8656,1.7687,1.7687,2.8149,2.8149,2.8149,2.8149,2.8149,2.8149,3.148,2.6159,2.6159,2.6627,2.6627,2.6627,2.6627,2.6627,2.6627,2.8447,1.2792,1.2792,-0.15112,-0.15112,-1.0397,-1.0397,-1.3654,-1.3654,-1.3069,-1.3069,-0.86415,-0.86415,-0.86415,-0.86415,-0.29585,0.091523,0.10855,-0.13303,-0.13303,-0.13303,-0.13303,-0.13303,-0.13303,-0.33736,-0.88863,-1.1323,-1.1323,-1.1323,-1.1323,-1.1323,-1.1323,-0.97909,0.062789,0.82903,1.938,1.938,1.938,1.938,1.938,1.938,2.2019,2.2019,0.92055,-0.28415,-0.28415,-0.28415,-0.28415,-0.28415,-0.28415,-1.8315,-1.8315,-1.8315,-4.855,-3.7269,-2.8489,-2.8489,-1.6123,-1.6123,-1.6123,-1.6123,-1.6123,-2.8436,-3.5715,0.94078,0.94078,0.94078,0.94078,0.94078,0.94078,0.94078,-3.0203,1.0525,4.8209,4.8209,4.8209,4.8209,4.8209,4.8209,5.2062,-1.0993,-3.1544,-3.1874,-3.1874,-2.469,-2.469,-2.469,-2.469,-2.469,-2.469,-2.1242,-1.8784,-1.5878,-1.3856,-1.3856,-1.3856,-1.3856,-1.3856,-1.3856,-1.1579,0.35864,1.0632,1.3803
0.8152,0.8152,0.8152,-0.75666,-2.9043,-2.9043,-2.088,-2.088,-2.088,-2.088,-2.088,-2.088,2.9458,2.9458,3.7854,3.9866,3.9866,3.9866,3.9866,3.9866,3.9866,3.7769,3.2555,3.2193,2.3679,2.3679,1.094,1.094,1.094,1.094,1.094,1.094,-0.080881,-0.080881,-0.34694,-0.045762,-0.045762,0.20114,0.20114,0.20114,0.20114,0.20114,0.20114,0.69707,0.69707,0.69707,0.69707,0.69707,0.69707,0.51721,0.041505,-0.15857,-0.02022,-0.02022,-0.02022,-0.02022,-0.02022,-0.02022,0.47039,0.47039,0.47039,0.47039,0.47039,2.1391,2.1391,0.94716,0.94716,0.1873,0.1873,0.1873,0.1873,0.1873,-0.21391,-0.21391,-2.9256,-4.4506,-4.4506,-3.5151,-3.5151,-1.5335,-1.5335,-0.60129,-0.60129,-0.60129,-0.60129,-0.60129,-0.60129,-1.1377,-2.0071,-2.0071,-2.0071,-2.0071,-2.5424,2.9256,2.9256,4.3229,4.3229,4.3229,4.3229,4.3229,4.3229,4.3229,-1.9922,-2.8947,-2.6105,-2.6105,-2.1497,-2.1497,-2.1497,-2.1497,-2.1497,-2.1497,-1.9411,-1.9007,-1.8635,-1.8635,-1.8635,-1.8635,-1.8635,-1.8635,-1.8635,-1.0195,-0.067046,1.0302,1.2153,1.2153,1.2153,1.2153,1.2153,1.2153
1.2153,1.2153,-0.034055,-2.5435,-1.6762,-1.6762,-1.6762,-1.6762,-1.6762,-1.6762,-1.6762,-0.19262,3.6109,3.6109,3.7812,3.7812,3.7812,3.7812,3.7812,3.6194,3.6194,2.95,2.95,1.7975,1.7975,0.40441,0.40441,0.40441,0.40441,0.40441,0.40441,-0.89076,-0.84925,-0.7109,-0.4076,-0.4076,-0.4076,-0.4076,-0.4076,-0.4076,-0.4076,-0.13516,-0.13516,-0.13516,-0.13516,-0.27031,-0.27031,0.68004,0.68004,0.68004,0.68004,0.68004,0.68004,3.3651,3.9132,3.3374,3.3374,3.3374,3.3374,3.3374,3.3374,1.8464,-2.3062,-2.3062,-4.0132,-4.0132,-5.0838,-4.656,-4.656,-3.264,-3.264,-1.6229,-1.6229,-1.6229,-1.6229,-1.6229,-0.30118,0.25009,0.25009,0.25009,0.25009,0.25009,0.25009,0.25009,-1.4782,-3.3385,-3.3385,-2.2721,-2.2721,-2.2721,-2.2721,1.0515,2.7755,0.93333,-0.80136,-0.80136,-0.80136,-0.80136,-0.80136,-0.80136,-1.7794,-2.3051,-2.3051,-2.3636,-2.3636,-2.2147,-2.2147,-2.2147,-2.2147,-2.2147,-2.2147,0.18837,1.176,1.176,1.5378,1.5378,1.5378,1.5378,1.5378,-2.3636,-2.4413,-2.4413,-2.4413,-2.4413,-2.4413,-2.4413,-2.4413,-2.2125,0.14261,1.7347
-2.3636,-2.4413,-2.4413,-2.4413,-2.4413,-2.4413,-2.4413,-2.4413,-2.2125,0.14261,1.7347,3.0948,3.0948,3.7195,3.7195,3.7195,3.7195,3.7195,3.7195,3.7195,3.0724,2.7808,2.7808,2.5392,2.5392,2.5392,2.5392,2.5392,2.2455,2.2455,1.5772,0.49061,-1.1004,-1.1004,-1.557,-1.557,-1.1941,-1.1941,-1.1941,-1.1941,-0.91736,-0.91736,-0.30863,0.10855,0.10855,0.10855,0.10855,0.10855,0.10855,0.22242,-0.023413,-0.42463,-0.42463,-0.42463,-0.42463,-0.42463,-0.78433,0.20859,1.061,1.061,1.7794,1.7794,1.7794,1.7794,1.7794,1.7794,2.4381,1.4516,1.4516,0.99931,0.99931,0.30863,0.30863,0.30863,0.30863,0.30863,-1.1281,-4.4783,-4.6815,-3.6737,-3.6737,-2.4914,-2.4914,-1.2717,-1.2717,-1.0546,-1.0546,-1.0546,-1.0546,-2.369,-2.369,-2.3732,0.71197,0.71197,0.71197,0.71197,0.71197,0.71197,-3.1693,0.20114,0.20114,3.0852,3.0852,3.4194,2.4498,2.4498,0.28628,0.28628,0.28628,0.28628,0.28628,0.28628,-1.127,-2.369,-2.8883,-2.8883,-2.9468,-2.4796,-2.4796,-2.4796,-2.4796,-2.4796,-2.4796,-2.4796,-1.8177,0.0031927,0.0031927,0.40547,0.65663,0.65663
-2.2977,-2.2977,-2.2977,-2.2977,-2.2977,-3.0235,-2.5297,-1.2462,0.49486,0.49486,0.49486,0.49486,0.49486,2.353,3.8312,3.6418,3.6418,3.6418,3.6418,3.6418,3.6418,3.2182,1.989,1.989,0.52466,0.52466,0.52466,0.52466,0.52466,0.52466,-0.56936,-0.34268,-0.34268,-0.39908,-0.44697,-0.44697,0.011706,0.011706,0.011706,0.011706,0.011706,0.73751,0.54701,0.54701,0.54701,0.54701,0.54701,0.54701,0.3363,-0.58852,-0.49486,-0.49486,-0.49486,-0.49486,-0.49486,-0.49486,-0.49486,-0.2171,2.0816,2.7744,2.7744,2.5978,2.5978,2.5978,2.5978,2.5978,2.5978,2.0061,-1.1472,-3.0086,-3.0086,-3.0086,-3.0086,-3.0086,-3.0086,-4.1068,-3.1767,-1.8432,-1.0185,-1.0185,-1.226,-1.226,-1.226,-1.226,-1.226,-1.0504,-1.358,-2.5807,-2.3519,-2.3519,-2.3519,-2.3519,-2.3519,-2.3519,-2.3519,3.2874,1.2441,-1.2866,-1.2866,-1.2866,-1.2866,-1.2866,-1.2866,-1.8794,-1.9316,-1.9316,-2.1029,-2.1029,-2.0923,-2.0923,-2.0923,-2.0923,-2.0923,-2.0923,-0.9578,-0.9578,-0.35971,0.348,0.348,0.93545,0.93545,0.93545,0.93545,1.0408,-1.7549,-1.7549,-1.7549,-1.7549,-1.7549,-1.7549
-1.7549,-1.7549,-1.7549,-1.7549,-2.8915,-3.0479,-2.1817,-0.5683,-0.5683,-0.5683,-0.5683,-0.5683,-0.5683,1.1153,3.3821,3.3821,3.1629,3.1629,3.1629,2.8511,2.7319,2.7319,2.7319,2.7319,2.7319,2.7319,2.7574,2.6446,1.7762,0.57362,0.57362,0.57362,0.57362,0.57362,0.57362,-0.1905,-0.1905,-1.1611,-1.1973,-0.73538,-0.1873,-0.1873,-0.1873,-0.1873,-0.1873,-0.1873,-0.1873,-0.13941,-0.87905,-0.87905,-0.87905,-0.87905,-0.87905,-0.87905,-0.87905,-0.99505,-0.009578,0.86628,1.7379,1.7379,1.7379,1.7379,1.7379,1.7379,2.5744,1.4335,0.71622,0.71622,-0.37141,-0.37141,-0.37141,-0.37141,-0.37141,-0.37141,-1.9858,-3.1469,-3.1469,-2.137,-2.137,-1.0546,-1.0546,-0.61938,-1.6293,-1.6293,-1.6293,-1.6293,-1.6293,-1.6293,-2.6765,-0.82371,-0.82371,-0.82371,-0.82371,-0.82371,-0.82371,-3.1331,3.2235,3.2235,3.4715,3.4715,3.4715,3.4715,3.4715,2.0231,-2.0689,-2.0497,-1.889,-1.889,-2.0518,-2.0518,-2.0518,-2.0518,-2.0518,-2.1614,-2.1614,-1.5186,-1.0632,-0.79178,-0.79178,-0.52679,-0.52679,-0.13622,0.12877,0.12877,0.12877,0.12877,0.12877,0.12877,-0.43101,-1.7113
-1.7113,-1.7113,-1.7113,-1.7113,-1.7113,-3.1607,-2.0923,-2.0923,-0.48209,-0.48209,-0.48209,-0.48209,-0.48209,-0.48209,1.2973,3.7344,4.0558,3.9802,3.9802,3.9802,3.7695,3.8003,3.8003,3.8003,3.8003,3.8003,3.8003,3.8003,1.9422,0.96844,0.96844,0.27351,-0.32672,-0.56936,-0.56936,-0.56936,-0.54169,-0.54169,-0.28841,-0.084074,-0.084074,-0.084074,-0.084074,-0.084074,-0.4491,-0.72899,-0.72899,-0.72899,-0.72899,-0.72899,-0.72899,-0.98654,-1.0025,-1.0025,-0.28841,-0.28841,-0.28841,-0.28841,-0.28841,-0.28841,0.70665,2.9011,3.3906,2.9213,2.9213,2.9213,2.9213,2.9213,2.9213,1.9571,-1.7815,-1.7815,-3.5481,-3.5481,-4.4325,-4.4325,-4.4325,-4.4325,-4.4325,-4.4325,-4.2707,-2.0987,-1.4793,-1.7517,-1.7517,-1.7517,-1.7517,-1.7517,-1.7517,-1.7517,-2.2296,0.30969,-0.91523,-0.91523,-0.91523,-0.91523,-0.91523,-0.91523,4.4974,4.4974,4.407,4.407,4.407,4.407,4.407,4.407,2.5265,-2.5265,-2.7372,-2.5584,-2.5584,-2.751,-2.751,-2.751,-2.751,-2.751,-2.751,-2.7319,-2.7319,-0.71303,-0.18837,-0.18837,-0.18837,-0.18837,-0.18837,-0.18837,-0.18837,0.41186,0.3065,-0.29798
-1.2302,-1.2302,-1.2302,-1.2302,-1.2302,-1.9039,-1.9039,-1.9039,-1.9039,2.8766,2.8766,3.6365,3.6365,3.6365,3.6365,3.6365,3.6365,3.7557,3.413,3.3981,3.3981,3.6865,3.1161,3.1161,3.1161,3.1161,3.1161,3.1161,1.6996,-0.17028,-0.17028,-0.20433,-0.20433,0.12026,0.12026,0.40441,0.61512,0.61512,0.62364,0.62364,0.42356,0.42356,0.42356,0.42356,0.42356,-0.052147,-0.032991,0.026606,0.026606,0.026606,0.026606,0.026606,0.026606,0.026606,0.11706,2.0891,3.4939,3.4939,3.4939,4.0153,3.2054,3.2054,3.2054,3.2054,3.2054,3.2054,1.5665,-1.0962,-2.336,-2.336,-3.6226,-3.6226,-3.6226,-3.6226,-3.6226,-3.6226,-4.0111,-2.1455,-1.8124,-0.73538,-0.71516,-0.71516,-0.71516,-0.71516,-0.71516,-1.1238,-0.23413,-0.23413,-2.6776,-2.6776,-2.6776,-2.6776,-2.6776,-2.6776,-4.8635,-1.7443,2.8202,5.154,5.154,5.154,5.154,5.154,5.154,4.4772,-0.21072,-1.574,-2.1817,-2.1817,-2.1817,-2.1817,-2.1817,-2.1817,-2.4818,-1.2547,-1.2547,-0.63002,-0.63002,-0.28415,-0.28415,-0.28415,-0.28415,-0.28415,-0.28415,-0.28415,0.043633,1.1717,1.1717,0.812,0.812,-0.25967
-0.25967,-0.25967,-0.25967,-0.25967,-2.2445,-2.2445,-2.2445,-2.2445,-2.2445,-2.2445,-1.9954,0.79817,2.237,2.237,3.0586,3.0586,3.0586,3.0586,3.0586,3.0586,3.033,3.0096,3.0096,3.1661,3.1661,3.4768,3.4768,3.4768,3.4768,3.4768,3.4768,3.0384,-0.48742,-0.48742,-0.29479,-0.29479,-0.29479,-0.29479,-0.29479,-0.29479,-0.11919,0.16283,0.69175,0.96419,0.96419,0.89927,0.89927,0.89927,0.89927,0.89927,0.89927,0.70877,0.10962,-0.028734,0.036184,0.036184,0.036184,0.036184,0.036184,0.036184,0.25329,2.8915,2.8915,3.1756,3.1756,3.1756,3.1756,3.1756,3.1756,2.3998,1.2377,0.33949,-1.3835,-1.3835,-3.1852,-3.1852,-3.1852,-3.1852,-3.1852,-3.1852,-3.1852,-4.0983,-2.2551,-2.2551,-1.3441,-1.2994,-1.2994,-1.2994,-1.3154,-1.3154,-1.3154,-1.3154,-1.3154,-1.3154,-1.2686,-1.2686,-3.2789,-3.5375,-3.5375,-3.5375,-3.5375,-3.5375,-3.5375,-0.33949,4.3633,3.3065,1.0142,1.0142,1.0142,-1.077,-1.7528,-1.7528,-1.7528,-1.7528,-1.7528,-1.7528,-1.8709,-2.2796,-1.9944,-1.4303,-1.4303,-1.4303,-1.4303,-1.4303,-1.4303,-0.97164,-0.28096,0.34374,0.77476,0.77476
0.90778,0.90778,-0.95248,-1.4378,-1.4378,-1.3175,-1.3175,-1.3175,-1.3175,-1.3175,-1.3175,-0.76837,0.89288,1.5261,1.6687,1.6687,1.6687,1.6847,1.6602,1.6602,1.6602,1.6602,1.6602,1.6602,1.6602,1.7006,2.2966,2.2966,1.6134,1.6134,1.6134,1.6134,1.6134,1.6134,0.75347,-0.48635,-0.63641,-0.58107,-0.58107,-0.58107,-0.45762,0.0042569,0.0042569,0.0042569,0.0042569,0.37461,0.22349,0.22349,0.22349,0.22349,0.22349,0.22349,-0.55553,-0.52147,-0.52147,-0.52147,-0.52147,-0.52147,0.51189,1.3633,2.3328,2.3328,3.1895,3.1895,3.1895,3.1895,3.1895,3.1895,3.2789,1.6059,1.1845,0.40866,0.40866,0.40866,0.40866,0.40866,0.40866,-1.1281,-4.0217,-4.3016,-3.5471,-3.5471,-3.3704,-3.3704,-2.3785,-2.3785,-2.3785,-2.3785,-2.3785,-2.2753,-2.0135,-2.0135,1.508,1.508,1.508,1.508,1.508,1.508,-0.38631,-3.1682,-0.21817,2.2391,2.2391,2.2391,2.5371,1.9773,1.9773,1.9773,1.9773,1.9773,1.9773,0.40121,-0.961,-1.4282,-1.4282,-1.9071,-1.9071,-1.9071,-1.9071,-1.9071,-1.9071,-2.0571,-0.84393,-0.2054,0.25435,0.25435,0.6992,0.6992,1.0844,1.0844
0.15857,0.15857,0.15857,0.15857,-1.0046,-1.8017,-1.5719,-0.44697,-0.44697,-0.44697,-0.44697,-0.44697,1.0014,2.6989,2.6808,2.6808,2.3913,2.3913,2.0561,1.8496,1.8496,1.8496,1.8496,1.8496,1.8496,1.8486,1.872,1.872,1.872,1.872,1.872,1.872,1.872,0.85032,-0.47039,-0.67046,-0.63321,-0.63321,-0.49274,-0.49274,-0.49274,-0.49274,-0.49274,0.73325,0.73325,0.73325,0.73325,0.73325,0.73325,0.73325,0.62576,0.013835,-0.38631,-0.57894,-0.57894,-0.57894,-0.57894,-0.57894,-0.57894,-0.37354,1.0259,1.8539,1.8539,2.75,3.3012,3.3012,3.3012,3.3012,3.3012,3.3012,2.9937,0.42356,0.42356,-0.54488,-0.54488,-0.54488,-0.54488,-0.54488,-0.54488,-1.7538,-2.5722,-2.2338,-2.2508,-2.2508,-1.8645,-1.8645,-2.3775,-2.3775,-2.3775,-2.3775,-2.3775,-2.3775,-0.059597,-0.059597,-1.7166,-1.7166,-1.7166,-1.7166,-1.7166,-1.7166,-3.7674,2.8798,2.8798,3.2736,3.2736,3.2736,3.2736,3.2736,3.2736,1.9103,-1.3133,-1.4899,-1.4899,-1.5048,-1.7773,-1.7773,-1.7773,-1.7773,-1.7773,-1.7773,-1.8539,-1.1462,-0.85989,-0.69494,-0.69494,-0.69494,-0.69494,-0.69494,-0.69494,-0.69494
-1.525,-1.525,-1.525,-1.525,-1.525,-1.525,-1.2313,0.28415,0.28415,1.8443,1.8443,1.8443,1.8443,1.8443,1.8443,3.1278,3.5928,3.1714,2.7819,2.7819,2.7819,2.7819,2.7819,2.7819,3.0586,3.0586,2.2817,2.2817,1.0089,1.0089,1.0089,1.0089,1.0089,1.0089,0.12451,-1.1025,-1.3633,-1.3633,-1.1962,-0.63109,-0.63109,-0.63109,-0.63109,-0.63109,-0.63109,0.034055,0.034055,0.034055,0.034055,0.034055,0.034055,-0.19475,-0.74176,-0.77901,-0.54275,-0.54275,-0.54275,-0.54275,-0.54275,-0.54275,2.535,3.529,3.529,3.182,3.182,1.7602,1.7602,1.7602,1.7602,1.7602,1.7602,0.38951,-3.1618,-3.1618,-3.6567,-3.6567,-3.6567,-3.6567,-3.6567,-3.612,-2.7446,-2.1008,-2.4307,-2.4307,-2.4307,-2.4307,-2.4307,-2.4307,0.54275,-0.18943,-0.18943,-0.18943,-0.18943,-0.18943,-0.18943,-2.022,0.090459,2.452,2.6914,2.6914,2.6914,2.6914,2.6914,2.6914,1.0706,-1.8102,-1.8102,-1.4495,-1.4495,-1.5974,-1.5974,-1.5974,-1.5974,-1.5974,-1.5974,-1.9624,-1.6304,-1.375,-1.3175,-1.3175,-1.3175,-1.3175,-1.3175,-1.3175,-1.3175,-0.93971,0.47997,0.47997,-0.46294,-0.46294
-0.46294,-0.46294,-0.46294,-0.46294,-3.2544,-3.2544,-3.2544,-3.2544,-3.2544,-3.2544,-2.6893,0.4938,2.2253,3.2289,3.2289,3.2289,3.2289,3.2289,3.2289,3.5247,3.0447,2.8947,2.9617,2.9617,3.1895,3.1895,3.1895,3.1895,3.1895,3.1895,3.3023,0.40334,0.40334,-0.41611,-0.41611,-0.93758,-0.93758,-1.1643,-1.1643,-0.98867,-0.98867,-0.98867,-0.98867,-0.98867,-0.0063854,-0.0063854,-0.0063854,-0.0063854,-0.0063854,-0.0063854,-0.0063854,-0.3629,-0.73751,-0.73751,-0.41505,-0.41505,-0.41505,-0.41505,-0.41505,-0.41505,0.25329,1.7262,2.2264,2.4828,2.4828,1.9752,1.9752,1.9752,1.9752,1.9752,1.9752,0.96738,-1.1781,-1.1781,-2.8479,-2.8479,-2.8479,-2.8479,-2.8479,-2.8479,-3.9557,-3.5801,-3.1246,-3.1246,-3.1246,-3.1246,-3.1246,-1.9731,-1.9731,-1.9731,-1.8709,-0.80881,-0.80881,-0.80881,-1.8507,-3.298,-3.298,-3.298,-3.298,-3.298,-3.298,2.7308,5.0817,5.0817,4.1803,4.1803,4.1803,4.1803,4.1803,4.1803,1.3015,-2.767,-2.9915,-2.8202,-2.8202,-2.5616,-2.5616,-2.5616,-2.5616,-2.5616,-2.5616,-2.0018,-0.8003,-0.34587,0.17773,0.17773,0.17773,0.17773,0.17773,0.17773
-0.82797,-0.82797,-0.82797,-0.82797,-1.9475,-2.0571,-1.3133,-1.3133,0.22774,0.22774,1.8518,3.0884,3.0884,3.0884,3.0884,3.0884,3.0884,3.4875,2.5275,2.0231,2.0231,1.8869,1.8869,1.8869,1.8869,1.8869,1.8869,2.0114,1.0174,1.0174,-0.1756,-0.1756,-0.63641,-0.63641,-0.63641,-0.63641,-0.63641,-0.63641,-0.76943,0.11174,0.59277,0.59277,0.59277,0.59277,0.59277,0.59277,0.66514,-0.12239,-0.12239,-0.51083,-0.51083,-0.51083,-0.51083,-0.51083,-0.51083,-0.88011,-1.011,-0.37674,0.59703,0.59703,0.59703,0.59703,0.59703,0.59703,1.6272,3.2097,2.7202,2.7202,1.5218,0.64066,0.64066,0.64066,0.64066,0.64066,0.64066,0.64066,-0.42888,-2.9415,-3.3353,-2.668,-2.668,-1.5367,-1.5367,-0.86947,-0.86947,-0.4938,-0.4938,-0.4938,-0.4938,-0.4938,-0.81732,-2.1199,-2.1199,-2.1199,-2.1199,-2.1199,-2.1199,-3.7982,-3.2778,-0.17028,3.3395,3.3395,3.3395,3.3395,3.3395,3.3395,3.9238,-0.63215,-2.5063,-3.0086,-3.0086,-2.7691,-2.7691,-2.7691,-2.7691,-2.7691,-2.7691,-2.3732,-0.78433,-0.78433,-0.73219,-0.73219,-0.73219,-0.73219,-0.73219,-0.73219,-0.70239,0.56723,1.2388,1.1504
-0.079817,-0.079817,-0.079817,-0.079817,-0.079817,-1.6549,-1.6549,-2.2029,-1.0014,-1.0014,-1.0014,-1.0014,-1.0014,-1.0014,0.69281,3.596,4.0196,3.927,3.927,3.927,3.927,3.927,3.927,3.6301,3.4779,3.5364,2.5956,2.5956,2.5956,2.5956,2.5956,2.5956,1.2281,1.2281,-0.26925,-0.052147,-0.052147,0.1607,0.1607,0.47039,0.47039,0.81413,0.81413,0.79391,0.79391,0.79391,0.79391,0.79391,0.5236,-0.2618,-0.2618,-0.55872,-0.55872,-0.55872,-0.55872,-0.55872,-0.55872,-0.72154,-0.26606,0.53531,1.8784,1.8784,1.8784,1.8784,1.8784,1.8784,3.2001,2.5658,1.2643,0.23732,0.23732,-1.1174,-1.1174,-1.1174,-1.1174,-1.1174,-1.1174,-2.9064,-2.9064,-4.3878,-3.4045,-3.4045,-2.2296,-2.2296,-1.2728,-1.2728,-1.1036,-1.1036,-1.16,-1.16,-1.16,-1.16,-1.16,-0.21497,-3.5247,-3.5247,-2.486,-2.486,-2.486,-2.486,-2.486,-2.486,-2.486,3.1299,1.7049,-0.55127,-0.55127,-0.55127,-0.55127,-0.55127,-0.55127,-2.0082,-2.0082,-2.1987,-2.1987,-2.1433,-2.1433,-2.1433,-2.1433,-2.1433,-2.1433,-1.8209,-0.98228,-0.98228,-0.29692,-0.29692,0.25329,0.25329,0.25329,0.25329
-1.259,-2.2593,-2.2593,-2.2593,-2.2593,-2.2593,-2.2593,-2.2093,0.86841,0.86841,2.6457,2.6457,2.6457,2.6457,2.6457,2.6457,2.6457,3.9823,3.6216,3.6216,3.2927,3.2927,3.2927,3.2927,3.2927,3.2927,3.2438,2.2402,2.2402,1.1568,1.1568,0.28628,0.28628,0.28628,0.28628,0.28628,0.28628,-0.65237,-0.6247,-0.6247,-0.15431,-0.15431,-0.15431,-0.15431,-0.15431,-0.15431,-0.093652,-0.53318,-0.53318,-0.53318,-0.53318,-0.53318,-0.53318,-1.0451,-1.4527,-1.0078,-1.0078,-1.0078,-1.0078,-1.0078,-1.0078,-1.0078,2.4243,2.8968,2.8968,2.2891,2.2891,2.2891,2.2891,2.2891,1.4026,-0.33097,-1.8081,-1.8081,-3.3151,-4.2037,-4.2037,-4.2037,-4.2037,-4.2037,-4.2037,-4.2037,-4.1739,-1.8475,-1.8475,-2.121,-2.121,-1.293,-1.1589,-1.1589,-2.8159,-2.8159,-2.8159,-3.6865,-3.6865,-3.6865,-3.6865,-3.6865,-3.6865,4.0345,3.678,3.678,1.3984,1.3984,1.3984,1.3984,1.3984,1.3984,-2.5627,-2.5627,-2.3828,-2.3828,-2.1838,-2.1838,-1.9592,-1.9592,-1.9592,-1.9592,-1.9592,-1.9592,-1.6357,-0.91523,-0.91523,-0.60129,-0.60129,-0.60129,-0.60129,-0.60129,-0.60129,0.76199
-2.685,-2.685,-2.866,-2.866,-2.866,-2.866,-2.866,-2.866,-0.84819,0.90778,2.6159,2.6159,2.6159,2.6159,2.6159,2.6159,2.6159,4.1792,3.8291,3.8291,3.7046,3.7046,3.7046,3.7046,3.7046,3.7631,1.9986,0.76092,0.070239,0.070239,-0.30969,-0.30969,-0.30969,-0.30969,-0.30969,-0.30969,-0.30969,-0.28734,0.21817,0.47677,0.47677,0.14154,-0.23839,-0.23839,-0.68217,-0.68217,-1.0515,-1.0515,-1.0515,-1.0515,-1.0515,-0.86096,-0.31714,0.62576,0.62576,0.62576,0.62576,0.62576,0.62576,1.8294,1.6091,0.69387,0.69387,0.69387,0.69387,-0.33842,-1.6847,-1.6847,-1.6847,-1.6847,-1.6847,-3.5056,-2.9181,-1.906,-1.906,-1.906,-1.906,-1.906,-1.906,-1.2398,-2.1902,-1.3377,-1.3377,-1.0951,-1.0951,-2.4445,-2.9905,-2.9905,-0.93652,-0.93652,-0.93652,-0.93652,-0.93652,-0.93652,2.8692,3.7163,0.28415,-2.4179,-2.4179,-2.4179,-2.4179,-2.4179,-2.4179,-3.4172,-3.4172,-2.6893,-2.1902,-1.6485,-1.6485,-1.2164,-1.2164,-1.2164,-1.2164,-1.2164,-0.99718,-0.25648,0.36929,0.86202,0.86202,0.86202,0.86202,0.86202,0.86202,1.0813,-1.0525,-1.9135,-1.9135,-1.9699,-1.6964,-1.6964
1.0813,-1.0525,-1.9135,-1.9135,-1.9699,-1.6964,-1.6964,-0.61406,-0.61406,-0.61406,-0.61406,-0.61406,-0.61406,-0.61406,0.85138,2.883,2.883,2.883,2.883,2.883,2.883,1.9433,1.8528,1.8528,1.9848,1.9848,1.9848,1.9848,1.9848,1.9848,2.0955,-0.05534,-0.05534,-0.31288,-0.31288,-0.65982,-0.65982,-0.65982,-0.65982,-0.65982,-0.65982,-0.81839,-0.59277,-0.1905,-0.046826,-0.046826,-0.046826,-0.046826,-0.046826,-0.046826,-0.11281,-0.74815,-1.1036,-1.1036,-1.2877,-1.2877,-1.2877,-1.2877,-1.0695,0.52466,0.52466,0.52466,0.52466,0.52466,0.52466,1.6198,2.6765,2.6765,1.2036,1.2036,1.2036,1.2036,1.2036,1.2036,-0.0010642,-3.3055,-4.11,-4.11,-3.9994,-3.9994,-3.9994,-3.9994,-3.9994,-3.9994,-3.4087,-2.0987,-1.6485,-2.0742,-2.0742,-0.16495,-0.33097,-0.33097,-2.0816,-2.0816,-3.0692,-3.0692,-3.0692,-3.0692,-3.0692,-3.0692,-3.0692,-1.0217,2.8649,2.8649,2.8649,2.8649,2.8649,2.8649,-2.3913,-2.2764,-2.2764,-2.2306,-2.2306,-2.2306,-2.2306,-2.2306,-2.2306,-2.2232,-1.4452,-1.061,-0.76305,-0.76305,-0.19262,-0.19262,-0.19262,-0.19262,-0.19262,-0.19262,0.60235,1.6485
-0.96632,-0.96632,-0.96632,-0.96632,-2.1125,-0.53956,-0.53956,1.0887,1.0887,1.0887,1.0887,1.0887,3.646,3.646,3.646,3.646,3.646,3.646,2.3307,2.1295,2.1295,2.2072,2.2072,2.2072,2.2072,2.2072,2.2072,2.2072,0.43101,-0.41505,-0.77156,-0.77156,-0.82584,-0.82584,-0.82584,-0.82584,-0.82584,-0.82584,-0.77795,-0.77795,-0.77795,-0.77795,-0.77795,-0.25435,-0.25435,-0.25435,-0.25435,-0.25435,0.22668,-1.0781,-1.1377,-1.1377,-1.1377,-1.1377,-1.1377,-1.1377,-0.79498,0.85244,1.8337,2.8841,2.8841,3.3204,3.3204,3.3204,3.3204,3.3204,3.3204,2.3977,0.10749,-0.68323,-2.0561,-2.0561,-2.0561,-2.0561,-2.0561,-2.0561,-3.6705,-4.0951,-3.098,-1.9699,-1.9699,-1.16,-1.16,-1.16,-1.16,-1.16,-1.16,-0.89501,-0.89501,-1.3803,-2.6457,-2.6457,-2.8958,-0.28841,-0.28841,-0.28841,-0.28841,2.9362,3.3172,3.3172,3.3172,-0.51721,-0.51721,-0.51721,-0.51721,-0.51721,-1.8603,-1.9805,-2.2423,-2.337,-2.337,-2.337,-2.337,-2.337,-2.337,-2.1551,-0.30756,-0.30756,-0.30756,-0.30756,-0.30756,-0.30756,2.4424,1.5782,0.17028,0.17028,0.17028,0.17028,0.17028,0.17028
0.17028,0.17028,0.17028,-0.96951,-1.26,-0.65024,-0.65024,0.47677,1.3303,1.3303,1.3303,1.3303,1.3303,1.3303,2.0231,2.0231,1.7953,1.3558,1.0546,1.0546,1.0546,1.0546,1.0546,1.0834,1.724,1.7847,1.7847,0.78646,0.78646,0.78646,0.78646,0.78646,0.78646,-0.42356,-0.42356,-0.42356,-0.42356,-0.42356,-0.42356,-0.3033,0.12877,0.36609,0.35439,0.35439,0.35439,0.35439,0.35439,0.35439,0.15218,-0.88756,-0.88756,-0.92481,-0.92481,-0.92481,-0.92481,-0.92481,-0.4374,1.1909,1.1909,1.1909,1.1909,1.1909,1.1909,3.4619,2.4456,1.1781,1.1781,1.1781,1.1781,1.1781,1.1781,-4.839,-4.839,-5.5553,-5.5553,-5.5553,-4.4016,-4.4016,-4.4016,-4.4016,-4.4016,-3.0107,-1.1302,-0.59171,-1.7091,-1.7091,-1.7091,1.0131,-0.96738,-3.9121,-3.9121,-3.9121,-4.2101,-4.2101,-4.2101,-4.2101,-4.2101,-4.2101,-0.65876,2.5999,2.5999,2.5999,2.5999,2.5999,2.5999,-0.93652,-3.4907,-2.9373,-2.9373,-2.2381,-2.2381,-2.2381,-2.2381,-2.2381,-1.4591,-0.25222,0.092588,0.52998,0.52998,0.84606,0.84606,0.84606,0.84606,0.84606,0.84606,0.85138,0.048954,-1.2164,-2.3232,-2.3232
-2.3232,-2.5169,-2.5169,-2.0784,-2.0784,-0.7971,0.76092,0.76092,0.76092,0.76092,0.76092,0.76092,0.76092,2.3275,3.7088,3.7088,3.1533,3.1533,3.1533,3.1533,3.1533,2.402,2.402,1.6155,1.6155,0.21391,0.21391,0.21391,0.21391,0.21391,-0.66088,0.34268,0.42995,0.29585,0.29585,0.29585,0.29585,0.29585,0.29585,0.4491,0.56617,0.13729,-0.16602,-0.16602,-0.16602,-0.16602,-0.16602,-0.16602,-0.39057,-0.87479,-0.88544,-0.88544,-0.88544,-0.88544,-0.88544,-0.88544,-0.59171,2.1582,2.1582,3.1458,3.1458,3.2629,2.2296,2.2296,2.2296,2.2296,2.2296,2.2296,0.9461,-1.9582,-3.8536,-3.8536,-5.1434,-5.1434,-5.1434,-5.1434,-5.1434,-5.4871,-2.8053,-1.0046,-1.0046,-1.0046,-1.0046,-1.0046,-1.0046,-0.26818,-0.26818,-0.47464,-2.7989,-2.7989,-2.7989,-3.9493,-3.9493,-3.9493,-3.9493,-3.9493,-1.5176,3.6056,3.6056,3.6056,3.6056,3.6056,3.6056,3.6056,1.0291,-2.7276,-2.7276,-2.7425,-2.7425,-2.7425,-2.7425,-2.7425,-2.7425,-2.6201,-1.6623,-1.1866,-0.43633,-0.43633,0.52679,0.52679,0.52679,0.52679,0.52679,0.52679,1.2835,1.2835,1.3548,0.061725,-1.2973,-1.2973
-1.2973,-1.2973,-1.2973,-1.2973,-1.2973,-1.2973,-1.2036,0.39376,0.39376,1.7815,2.9724,2.9724,2.9724,2.9724,2.9724,2.9724,2.9724,3.4321,2.5722,2.021,2.021,1.7613,1.8156,1.8156,2.0061,2.0061,2.0061,2.0061,2.0061,2.0061,1.6474,0.78114,0.78114,-0.18624,-0.18624,-0.18624,-0.18624,-0.18624,-0.97164,-0.97164,-1.326,0.063853,0.063853,0.39163,0.39163,0.39163,0.39163,0.39163,0.39163,-0.31182,-0.31182,-0.83755,-0.83755,-0.40441,-0.40441,-0.40441,-0.40441,-0.40441,0.22774,2.0816,2.0816,2.7883,2.7883,2.8394,2.0923,2.0923,2.0923,2.0923,2.0923,1.2888,-0.60235,-1.989,-1.989,-3.0011,-3.0011,-3.0011,-3.0011,-3.0011,-3.4534,-1.7283,-1.7677,-1.8858,-1.8858,-1.8858,-1.8858,-1.8858,-1.8858,-1.8858,-1.2483,-4.5708,-4.5708,-4.4346,-4.4346,-0.3331,4.5581,4.5581,4.5581,4.5581,4.5581,3.5843,0.4225,-2.3509,-2.3509,-2.3509,-2.3509,-2.3509,-3.3363,-3.3363,-3.2661,-2.8692,-2.1433,-2.1433,-2.1433,-2.1433,-2.1433,-2.1433,-2.1433,-2.1433,-2.1433,-2.1433,-1.2505,0.4789,0.4789,0.4789,0.4789,0.4789,0.36503,-1.8581,-2.5946,-2.5829
-2.5946,-2.5829,-2.5829,-2.5829,-2.5829,-2.5829,-2.5829,-1.9752,2.9766,2.9766,2.9766,2.9766,2.9766,2.9766,3.894,3.4566,2.8511,2.3924,2.3924,2.3924,2.3924,2.3924,2.3924,2.2115,2.2115,2.1455,0.89182,0.89182,-0.043633,-0.043633,-0.043633,-0.043633,-0.043633,-0.043633,-0.1458,-0.1458,-0.84606,-0.84606,-0.27883,-0.27883,-0.27883,0.49699,0.49699,0.3331,0.3331,0.3331,0.3331,0.3331,0.3331,-0.034055,-0.034055,-1.1323,-1.1323,-0.71622,-0.71622,-0.057468,0.72793,0.72793,0.72793,0.72793,0.72793,0.72793,1.6261,1.524,1.524,0.74709,0.74709,-0.25541,-0.25541,-0.25541,-0.25541,-0.25541,-0.25541,-2.9628,-2.9756,-2.9756,-2.286,-2.286,-2.286,-2.286,-2.286,-2.286,-1.409,-1.3973,-1.375,-1.375,-1.375,-1.375,-1.375,-1.375,-1.4207,-4.2856,-3.9323,-3.9323,-3.9323,-0.76305,4.0653,4.0653,4.0653,4.0653,4.0653,5.8649,5.8649,-2.0082,-3.4332,-3.4332,-3.4332,-3.5673,-3.3991,-3.3991,-3.3991,-3.3991,-3.3991,-3.3991,-2.9436,-0.68004,-0.68004,0.0074496,0.0074496,0.0074496,0.0074496,0.0074496,0.0074496,1.5889,1.5889,1.3665,1.3665,1.3665,1.3665,1.3665
1.3665,1.3665,1.3665,-2.2945,-2.2945,-2.2923,-2.2923,-2.2923,-1.6102,-0.12984,-0.12984,-0.12984,-0.12984,-0.12984,1.2271,2.8777,2.8904,2.8904,2.8904,2.6371,2.6371,2.6371,2.6371,2.4445,2.4445,3.1427,2.6627,2.6627,2.6627,1.5782,0.3065,0.3065,-0.63321,-0.63321,-1.2302,-1.2302,-1.2302,-1.2302,-1.2302,-1.2302,-1.3494,0.0010642,0.41611,0.41611,0.46613,0.045762,-0.39802,-0.39802,-0.77688,-0.77688,-0.77688,-0.31714,-0.31714,-0.31714,-0.31714,-0.31714,-0.31714,-0.31714,0.2469,2.3062,1.8539,1.8539,1.8539,1.8539,1.8539,1.8539,1.8539,1.0749,-3.1235,-3.1235,-4.5464,-4.5464,-4.988,-4.988,-4.988,-4.988,-4.988,-4.988,-4.2228,-3.0703,-0.80349,-0.86096,-0.86096,-0.86096,-0.86096,-0.86096,-0.86096,-0.86096,-0.86096,-0.86096,-0.86096,-1.3164,-0.0074496,2.7287,2.7287,2.7287,2.7287,2.7287,2.7287,2.7287,2.7287,-1.3697,-3.0373,-3.0373,-3.1065,-2.6137,-2.6137,-2.6137,-2.6137,-2.6137,-2.2274,-2.2274,-0.91204,-0.91204,-0.59597,-0.59597,-0.15325,-0.15325,-0.15325,-0.15325,-0.15325,-0.15325,-0.15325,1.2079,1.2079,-0.058532,-0.058532,-0.058532,-0.058532,-0.058532
-0.058532,-0.058532,-0.058532,-1.3824,-2.0295,-2.0295,-0.90459,-0.90459,-0.90459,0.63428,1.9422,2.7808,2.7808,2.7808,2.7808,2.7808,2.7808,2.2753,2.2753,2.2753,2.3647,2.7127,2.7127,2.7127,2.7127,2.7127,2.7127,2.8702,1.2845,0.20646,0.20646,-0.48422,-0.48422,-0.48422,-0.48422,-0.48422,-0.48422,-0.9163,-0.68643,-0.68643,0.034055,0.034055,0.034055,0.034055,0.034055,0.034055,0.35758,0.018092,0.018092,-0.40334,-0.40334,-0.74496,-0.74496,-0.70984,-0.70984,-0.70984,-0.70984,-0.70984,-0.70984,-0.4523,1.1366,2.1742,2.1742,2.1742,2.1742,2.1742,2.3062,0.12558,0.12558,-0.97164,-0.97164,-0.97164,-0.97164,-0.97164,-0.97164,-0.97164,-2.6489,-4.0132,-3.4747,-3.4747,-3.4747,-3.4747,-3.4747,-1.0397,-1.0408,0.81626,0.81626,0.81626,0.81626,0.81626,0.81626,0.92055,-1.8975,-1.8592,0.97802,0.97802,0.97802,3.1384,2.4456,2.4456,2.4456,2.4456,2.4456,2.4456,-2.3605,-2.2711,-2.0465,-2.0465,-2.0465,-2.0806,-2.0752,-2.0752,-2.0752,-2.0752,-2.0752,-2.0752,-1.9326,-1.641,-1.641,-0.62896,-0.62896,0.6992,0.6992,0.6992,0.6992,0.6992,1.7219,0.35971,-1.094,-1.8922
-1.094,-1.8922,-1.8922,-1.8922,-1.8922,-1.8922,-1.8922,-2.0976,-0.74283,-0.74283,0.55659,1.8528,1.8528,2.7031,2.9979,2.9979,2.9979,2.9979,2.9979,2.9979,2.9692,2.8138,2.95,2.95,3.2831,3.2831,3.4406,2.8894,2.8894,2.8894,2.8894,2.8894,1.9529,1.9529,-0.9876,-0.9876,-1.3505,-1.3505,-1.3505,-1.3505,-1.3505,-1.3377,-0.15112,-0.15112,0.10429,0.10429,0.10429,0.10429,0.10429,0.13516,-0.58852,-0.58852,-0.86521,-0.86521,-0.86521,-0.87905,-0.54382,-0.54382,-0.54382,-0.54382,-0.54382,-0.54382,-0.54382,-0.54382,0.060661,2.1625,0.86947,0.86947,0.86947,0.86947,0.86947,0.86947,0.86947,-3.049,-3.9057,-3.9057,-3.5226,-3.5226,-3.5226,-3.5226,-3.5226,-3.5226,-3.5226,-3.5226,-1.8698,-1.8698,-2.9149,-0.24264,-0.24264,-0.24264,-0.24264,-0.24264,-0.24264,-1.6793,-1.6793,1.094,1.094,4.4261,4.2079,4.2079,1.6315,1.6315,1.6315,1.6315,1.6315,1.6315,-1.8879,-3.1725,-3.1725,-2.7829,-2.7829,-2.7829,-2.3764,-2.3764,-1.8464,-1.8464,-1.8464,-1.8464,-1.8464,-1.4335,-0.26286,-0.26286,-0.26286,-0.26286,-0.26286,-0.26286,0.31395,0.36929,-0.8152,-2.0082
-2.0082,-2.0082,-2.0082,-2.0082,-2.0082,-2.0082,-2.7021,-1.6325,-0.045762,1.6432,1.6432,1.6432,3.0256,3.6013,3.6013,3.6013,3.6013,3.6013,3.5896,3.5896,2.9958,2.9958,3.3853,3.3853,3.3853,2.6989,2.6989,2.6989,2.6989,2.6989,2.6989,1.5697,1.5697,-0.92588,-0.92588,-0.92588,-0.92588,-0.92588,-1.0749,-0.28947,0.20114,0.19688,0.19688,0.19688,0.19688,0.19688,0.19688,-0.38525,-1.3335,-1.3484,-1.3484,-0.91736,-0.078753,-0.078753,1.1898,1.1898,2.4318,2.4318,2.4318,2.4318,2.4318,2.4318,2.7372,1.8613,0.11068,-0.83861,-0.83861,-0.83861,-0.83861,-0.83861,-0.83861,-0.83861,-3.9866,-3.7748,-3.7748,-3.4662,-3.4662,-3.4662,-3.4662,-3.4662,-3.4662,-2.3902,-1.9433,-1.9433,-0.55765,-0.55765,-0.70452,-0.70452,-0.70452,-0.70452,-0.70452,-2.7223,-2.2625,-2.2625,1.1238,4.4293,4.4293,4.4293,4.4293,4.4293,4.4293,-0.33417,-0.33417,-2.8926,-2.8926,-2.8926,-2.8319,-2.5701,-2.5701,-2.5701,-2.5701,-2.5701,-2.5701,-2.5701,-2.2125,-1.0685,-1.027,-1.027,-1.027,-1.027,-1.027,-1.027,-1.027,-1.027,0.3778,0.52253,0.52253,0.52253,0.52253,0.52253
0.52253,-0.074496,-2.1976,-2.4679,-2.4679,-1.9837,-1.9837,-1.9837,0.65769,0.65769,0.65769,0.65769,0.65769,0.65769,2.0635,2.0635,3.4396,3.2938,3.2938,3.2938,3.2938,3.2938,3.4694,3.2182,3.2182,2.3019,2.3019,2.3019,2.3019,2.3019,1.3824,1.3824,-0.28734,-0.28734,-0.29905,-0.29905,-0.29905,-0.29905,-0.29905,-0.29905,0.49593,0.40334,0.40334,0.40334,-0.26818,-0.26818,-0.26818,-0.26818,-0.26818,-0.26818,-0.26818,-0.72154,-1.3548,-1.1738,-0.5683,-0.5683,-0.5683,0.42356,0.42356,1.5761,1.5761,1.5761,1.5761,1.5761,1.5761,2.2242,0.96951,0.96951,0.54808,0.54808,-0.72687,-2.6733,-2.6733,-2.6733,-2.6733,-2.6733,-2.6733,-4.8848,-3.8791,-3.8791,-3.8791,-3.8791,-3.8791,-2.4956,-0.64173,0.56298,0.1011,0.1011,0.1011,0.1011,0.1011,0.1011,-1.4931,-1.3633,1.1845,1.1845,3.1948,3.1948,2.7904,1.0259,1.0259,-1.1313,-1.1313,-1.1313,-1.1313,-1.1313,-1.1313,-2.1934,-2.0337,-2.1146,-2.0965,-2.0965,-2.0965,-2.0965,-2.0965,-2.0965,-2.0965,-0.74176,-0.31395,0.19262,0.19262,0.19262,0.19262,0.19262,0.19262,0.19262,0.63747,0.95887,-0.0021285,-1.1866
-1.1866,-1.8794,-1.8794,-1.8794,-1.8794,-1.8794,-1.8794,-1.9028,-0.37035,0.98334,2.1806,2.1806,2.1806,2.1806,2.1806,2.1806,2.8702,2.717,2.7457,2.7457,2.7457,3.2235,3.1139,3.1139,3.1139,3.1139,3.1139,3.1139,2.0124,2.0124,0.34907,0.042569,0.042569,0.042569,0.17879,0.34481,0.34481,0.34481,0.34481,0.34481,0.34481,0.55872,0.11813,-0.28415,-0.28415,-0.28415,-0.28415,-0.28415,-0.28415,-0.66833,-1.1238,-1.0153,-1.0153,-0.65024,-0.65024,0.069175,1.0664,1.0664,1.0664,1.0664,1.0664,1.0664,2.8085,2.8085,1.3356,0.59277,0.59277,-0.40866,-0.40866,-0.40866,-0.40866,-0.40866,-0.40866,-0.40866,-1.8273,-4.3676,-4.4016,-4.026,-4.026,-4.026,-4.026,-4.026,-4.026,-2.8404,-1.0355,0.18518,0.18518,0.18518,0.18518,0.18518,0.18518,0.18518,-4.291,-1.7528,-1.7528,2.1061,2.1061,4.4187,3.7418,3.7418,1.7336,-0.42995,-0.42995,-0.42995,-0.42995,-0.42995,-0.42995,-0.42995,-1.8124,-2.0305,-2.0305,-1.8688,-1.8688,-1.8688,-1.3079,-0.7854,-0.7854,-0.7854,-0.7854,-0.7854,-0.7854,0.76943,0.76943,0.76943,0.76943,0.76943,0.76943,0.98547,-0.052147,-0.052147
-0.96844,-0.96844,-0.96844,-0.96844,-0.96844,-0.96844,-0.96844,-0.96844,-0.96844,-0.96844,-1.293,1.7358,2.1731,2.1731,2.1731,2.1731,2.1731,2.2668,2.2551,2.4083,2.6755,2.6755,2.6755,2.6755,2.6755,3.198,-0.10217,-0.10217,-0.10217,-0.56298,-0.56298,-0.75134,-0.75134,-0.75134,-0.75134,-0.75134,-0.79498,-0.79498,0.45549,0.58745,0.58745,0.58745,0.5236,0.28202,0.28202,0.28202,0.28202,0.28202,0.28202,0.28202,-0.45549,-0.22455,0.1873,0.1873,0.1873,0.1873,0.1873,0.1873,0.1873,2.6882,2.6882,1.8943,1.2483,1.2483,1.2483,1.2483,1.2483,0.38099,0.38099,0.38099,0.38099,0.38099,-2.6978,-2.6978,-2.6978,-3.2682,-2.2104,-1.6591,-1.6591,-1.3207,-1.3207,-1.3207,-1.3207,-1.3207,-1.3207,1.2377,-1.0461,-1.0461,-3.0777,-3.0777,-3.0777,-3.0777,-3.0777,-3.1969,-3.1969,3.1352,3.1352,3.1352,3.1352,3.1352,3.1352,2.021,-1.4431,-1.7123,-1.7996,-1.7996,-1.7996,-1.7996,-1.7996,-1.7996,-1.9401,-1.4559,-0.99611,-0.8152,-0.8152,-0.66833,-0.12771,-0.12771,0.59916,0.59916,1.193,1.193,1.193,1.193,1.193,1.193,1.4516,-0.2916,-1.3409,-1.8475
1.4516,-0.2916,-1.3409,-1.8475,-1.8475,-1.8475,-1.6581,-0.7556,-0.7556,-0.7556,-0.7556,-0.7556,-0.7556,0.54808,3.148,3.148,3.148,3.148,3.148,3.148,3.2363,3.1086,3.2054,3.4821,3.4821,3.4821,3.4821,3.4821,3.4821,3.1469,3.1469,-0.45975,-0.45975,-0.45975,-0.79817,-0.8301,-0.8301,-0.8301,-0.8301,-0.8301,-0.8301,-0.8301,-0.14154,0.52253,0.52253,0.51508,0.030863,0.030863,0.030863,0.030863,0.030863,0.030863,-0.3629,0.0085138,0.0085138,0.0085138,0.0085138,0.0085138,0.0085138,0.0085138,2.3636,2.3392,1.4622,1.4622,1.4622,1.4622,1.4622,1.4622,0.59703,-2.0263,-3.8993,-5.1753,-5.1753,-5.1753,-5.253,-4.4825,-3.1586,-3.1586,-2.1274,-2.1274,-1.7443,-1.7443,-1.3984,-1.3984,0.6843,0.6843,0.6843,0.6843,0.6843,0.6843,-0.98122,-0.20433,-0.20433,2.3189,2.3189,2.3189,2.3189,2.3189,2.3189,2.3189,-2.3615,-2.3615,-2.3615,-2.3615,-2.3615,-2.3615,-2.3615,-2.3615,-2.3615,-2.3615,-2.3626,-1.093,-0.99292,-0.99292,-0.99292,-0.99292,-1.061,-0.96738,-0.42143,-0.42143,0.23094,0.23094,0.73538,0.64279,0.64279,-0.50976,-0.50976,-0.50976,-0.50976,-0.50976
-0.50976,-0.50976,-0.50976,-0.50976,-2.4169,-2.1348,-1.2122,-1.2122,-1.2122,-1.2122,-1.2122,-1.2122,0.17666,2.8606,3.5992,3.5992,3.5992,3.5992,3.5992,3.8014,3.3906,3.2757,3.4555,3.4555,3.4555,3.4555,3.4555,3.4555,3.2182,3.2182,0.31288,-0.17666,-0.17666,-0.17666,-0.44059,-0.3182,-0.3182,-0.15325,-0.15325,0.086202,0.3629,0.3629,0.3629,0.3629,0.3629,0.3629,0.3629,-0.087266,-0.37461,-0.37461,-0.37461,-0.37461,-0.76092,-0.76092,-0.76092,-0.76092,-0.76092,-0.76092,-0.67791,1.6793,1.6793,1.6793,1.6793,1.6793,1.6793,1.6793,2.9011,0.99079,0.99079,-0.44591,-0.44591,-0.44591,-0.44591,-0.44591,-0.44591,-4.1792,-4.0781,-4.0781,-3.8216,-3.8216,-2.6191,-2.1785,-2.1785,-1.9145,-1.9145,-2.6776,-2.6776,-1.1142,-1.1142,-1.1142,-1.1142,-3.1607,-4.1579,-4.1579,-0.72367,-0.72367,3.7652,5.6915,5.6915,5.6915,5.6915,5.6915,4.0185,4.0185,-3.9344,-3.9344,-3.9344,-3.9344,-3.9344,-3.331,-1.9731,-1.2813,-0.67685,-0.67685,-0.67685,-0.67685,-0.67685,-0.67685,-0.28202,0.91311,0.91311,1.177,1.177,1.177,1.3377,1.2313,1.2313,0.30224,0.30224,0.30224
0.30224,0.30224,0.30224,-0.96951,-1.8443,-0.92481,-0.92481,-0.92481,1.673,1.673,1.673,1.673,1.673,1.673,2.5488,2.5488,2.3009,2.3009,2.3009,2.3009,2.3009,2.3009,2.6265,2.6265,2.5935,1.955,1.955,1.955,1.955,1.955,0.98015,0.98015,-0.89714,-0.89714,-0.76943,-0.76943,-0.76943,0.17453,0.17453,0.69707,0.69707,0.69707,0.69707,0.69707,0.69707,0.054275,0.054275,-0.23307,-0.23307,-0.47571,-0.47677,-0.47677,-0.47677,-0.47677,-0.47677,-0.47677,-0.27563,2.0806,2.0806,2.0806,2.0806,2.0806,1.9869,0.66727,-0.43952,-0.43952,-0.43952,-0.43952,-0.43952,-0.43952,-0.43952,-1.9262,-4.6209,-4.6209,-3.1352,-3.1352,-2.1253,-2.1253,-2.1253,-2.1253,-2.1253,-2.1253,-0.90672,-1.7091,0.17347,0.0021285,0.0021285,0.0021285,0.0021285,0.0021285,0.0021285,0.0021285,-1.6847,1.7262,2.9607,2.9607,2.9607,2.9607,2.9607,2.9607,2.9607,2.9607,-2.4211,-2.4211,-2.4211,-2.4211,-2.4211,-2.4211,-2.4211,-1.6634,-0.93333,-0.93333,-0.93333,-0.93333,-0.74709,-0.58213,-0.58213,-0.58213,-0.58213,-0.58213,-0.26712,0.9429,1.4144,1.4144,1.2473,1.2473,0.23732,-1.0483,-1.0483,-1.0483
-1.0483,-1.0483,-1.0483,-2.2327,-1.8933,-1.8933,-0.812,-0.812,1.4516,1.4516,1.4516,1.4516,1.4516,1.4516,2.0646,2.0646,2.0838,2.0838,2.1327,2.1327,2.1327,2.1327,2.1327,2.5733,1.11,1.11,-0.21285,-0.21285,-0.21285,-0.91736,-0.91736,-0.91736,-0.91736,-0.91736,-0.91736,-0.86202,-0.33204,-0.33204,0.22774,0.39376,0.24264,0.24264,0.010642,0.010642,0.010642,0.010642,0.010642,-0.28947,-0.22455,-0.22455,0.087266,0.087266,0.087266,0.087266,0.087266,0.087266,0.52892,2.5531,2.5531,2.5531,2.5531,2.5531,2.5531,2.8362,1.5548,0.93333,0.25861,0.25861,0.25861,0.25861,0.25861,0.25861,-0.94184,-0.94184,-3.4853,-3.1012,-3.1012,-2.8181,-1.9145,-1.9624,-1.9624,-2.3743,-2.3743,-2.5073,-2.5073,-2.5073,-2.5073,-2.5073,-1.7634,-2.5999,-2.5999,-2.6233,-2.6233,-2.6233,3.1097,3.1097,3.1097,3.1097,3.1097,3.1097,4.0941,-0.21923,-1.7102,-1.7102,-1.7102,-1.7102,-1.7102,-2.2296,-1.9156,-1.7975,-1.5772,-1.5772,-1.5772,-1.5772,-1.5772,-1.5772,-1.5495,-1.5495,-1.0844,-1.0844,-0.43527,-0.43527,0.52466,1.5953,1.5953,2.1742,2.1742,1.4963,1.4963,0.24371
0.24371,0.24371,0.24371,0.24371,-1.2654,-1.2654,-0.88011,-0.88011,-0.88011,0.035119,0.9312,0.9312,0.9312,0.9312,0.9312,0.9312,1.5421,1.5474,1.5474,1.5474,1.5474,1.5474,1.5474,1.6815,2.6095,2.5563,1.6261,1.6261,1.6261,1.6261,1.6261,1.6261,1.6261,-0.78433,-0.8418,-0.8418,-0.64918,-0.64918,-0.3629,0.30543,0.30543,0.91949,0.97696,0.97696,0.64492,0.64492,0.64492,0.64492,0.64492,0.64492,-0.116,-0.116,-0.116,-0.116,-0.116,-0.51296,-0.037248,-0.037248,-0.037248,-0.037248,-0.037248,-0.037248,0.72154,2.5126,2.7649,2.7649,2.7649,2.7649,2.7649,1.9741,0.1458,0.1458,-1.0706,-2.5456,-2.5456,-2.5456,-2.5456,-2.5456,-3.5726,-3.5726,-2.1721,-2.1721,-1.3026,-1.376,-1.376,-2.4616,-2.4616,-2.4616,-2.4616,-2.4616,-1.3122,-2.6233,-3.0118,-3.0118,-3.0118,-0.43314,3.2448,3.2448,3.2448,3.2448,3.2448,3.2448,4.6783,-0.12451,-2.6446,-2.6446,-2.6446,-2.6446,-2.6446,-2.6446,-1.972,-1.972,-1.2973,-1.2973,-1.2973,-1.2973,-1.2973,-1.2973,-1.2973,-1.127,-1.607,-1.6836,-1.1504,-1.1504,-1.1504,-0.15751,0.92162,0.92162,1.4644,1.4644
-0.63747,-0.63747,-0.63747,-1.6964,-1.5453,-1.5453,-0.41398,-0.41398,-0.41398,2.2572,2.2572,2.2572,2.2572,2.2572,2.2572,3.0777,3.0554,2.7446,2.7446,2.7446,2.7446,2.7446,2.7446,2.5744,2.5744,2.5744,3.1363,0.58532,0.58532,0.25222,0.25222,0.25222,0.25222,0.25222,-0.015963,0.22562,0.50019,0.68323,0.68323,0.55553,0.55553,0.20114,0.20114,0.20114,0.20114,0.20114,0.20114,-0.77263,-0.89288,-0.89288,-0.89288,-0.89288,-0.89288,-0.89288,-0.88437,1.359,1.359,1.359,1.359,1.359,1.359,2.5286,2.5063,2.5063,0.40547,0.40547,0.40547,0.40547,0.40547,0.40547,-0.70132,-0.70132,-4.6422,-4.0217,-4.0217,-2.9436,-2.9436,-1.5644,-1.5644,-1.0887,-1.5006,-1.5006,-1.5006,-2.0422,-0.015963,-0.015963,-1.7953,-1.7953,-1.7953,-1.7953,-1.7953,-1.7953,1.1057,1.1057,3.7408,3.7408,3.7408,3.7408,3.7408,3.446,-1.7517,-3.0873,-3.0873,-3.0873,-3.0873,-3.0873,-3.0873,-2.7925,-2.2296,-1.6006,-1.2941,-1.2941,-1.0515,-0.89608,-0.89608,-0.89608,-0.89608,-0.89608,-0.89608,-0.7705,-0.24371,-0.24371,0.12558,0.49912,0.49912,0.27563,0.27563,-0.72261,-0.72261,-0.72261
-0.72261,-0.72261,-0.72261,-0.72261,-2.5031,-2.2774,-1.2143,-1.2143,-1.2143,0.44272,1.9912,1.9912,1.9912,1.9912,1.9912,1.9912,3.1341,2.8138,2.8138,2.5967,2.5967,2.5967,2.5967,2.5967,2.5967,2.5967,2.6669,0.87373,0.87373,0.87373,0.87373,0.87373,0.87373,0.36077,-0.49274,-0.49274,-0.46826,-0.46826,-0.039376,-0.039376,0.27031,0.27031,0.27031,0.27031,0.25009,0.067046,-0.25648,-0.67578,-0.67578,-1.1228,-1.2441,-1.2441,-1.2441,-1.2441,-1.2441,-1.2441,-0.99718,-0.99718,1.1228,1.1228,1.1228,1.1228,1.1228,1.1228,1.1228,1.1824,1.1824,0.35226,0.35226,0.35226,0.35226,0.35226,0.35226,-4.2058,-4.2058,-4.2058,-3.6035,-3.6035,-2.5126,-1.5484,-1.5484,-0.64279,-0.93439,-0.93439,0.53956,0.53956,0.53956,0.53956,0.53956,-0.68749,-3.4002,-1.6166,-1.6166,-1.6166,-1.6166,-1.6166,-1.6166,-1.6166,1.7975,0.61193,0.61193,0.61193,0.61193,0.61193,-1.9113,-2.502,-2.502,-2.0625,-2.0625,-2.0625,-1.3047,-1.3047,-1.3047,-1.3047,-1.3047,-1.3047,-1.1281,-0.59384,-0.59384,0.14793,0.14793,1.0004,1.4793,1.4793,0.98122,0.98122,0.98122,0.98122,0.98122,-1.6155
0.98122,0.98122,0.98122,-1.6155,-1.6155,-1.4271,-1.4271,-1.4271,0.73964,0.73964,0.73964,0.73964,0.73964,0.73964,1.8102,2.601,2.9734,2.8766,2.8766,2.8766,2.8766,2.8766,2.8766,2.7787,3.0405,2.2774,2.2774,1.3941,1.3941,0.76199,0.28947,0.28947,0.28947,0.28947,-0.22029,-0.40228,-0.40228,-0.23626,0.080881,0.080881,0.080881,0.080881,0.080881,0.080881,0.080881,-0.41718,-0.84606,-0.84606,-0.84606,-0.84606,-0.84606,-0.84606,-0.84606,-0.70026,-0.70026,-0.70026,-0.70026,-0.70026,0.022349,2.1529,2.6435,1.9986,1.9986,0.8418,-0.24158,-0.24158,-0.24158,-0.24158,-0.24158,-0.24158,-1.4271,-3.7301,-3.9281,-3.9281,-3.4534,-2.2359,-2.2359,-1.3835,-1.3835,-0.95993,-0.95993,-1.5325,-1.5325,-1.5325,-1.5325,-1.21,-3.4162,-3.4162,-3.3757,-3.3757,-3.3757,-3.3757,-3.3757,-3.3757,-0.21072,1.8581,1.8581,1.8581,1.8581,1.8581,1.8581,-3.4768,-3.4768,-2.6489,-1.8922,-1.8922,-1.8922,-1.8922,-1.8922,-1.8922,-1.3505,-0.68855,-0.7141,-0.7141,-0.81094,-0.81094,-0.89076,-0.69068,-0.69068,-0.69068,-0.69068,-0.69068,-0.69068,-0.69068,-0.69068,-0.072367,0.62683,-0.3182,-1.2143,-1.2143
-1.2143,-1.2143,-1.2143,-1.6964,-1.5059,-1.5059,-1.5059,-1.5059,-1.5059,-1.5059,-0.52466,-0.52466,2.6435,2.6435,2.6435,2.6435,2.6435,2.6435,3.0022,3.265,3.3459,3.6939,3.6939,3.6939,3.6939,3.6939,3.6939,3.7354,1.1079,1.1079,0.63109,0.63109,0.63109,0.10855,-0.0063854,-0.0063854,0.026606,0.11813,0.11813,0.31288,0.31288,0.31288,0.31288,0.31288,0.056404,-0.22455,-0.22455,-0.56298,-0.56298,-0.56298,-0.92162,-1.3441,-1.3441,-1.3441,-1.3441,-1.3441,-1.3441,-1.2622,-0.36077,-0.36077,-0.36077,-0.36077,-0.36077,-0.36077,2.5435,1.9741,1.9741,1.3643,1.3643,1.3643,1.3643,1.3643,0.38844,0.38844,-3.8301,-4.2037,-4.2037,-4.391,-4.391,-3.4513,-3.4513,-2.2285,-1.3622,-1.3622,-1.3622,-1.3622,-1.3622,-0.78646,1.2686,-1.8071,-4.5453,-4.5453,-4.5453,-3.7141,0.17134,0.17134,0.17134,0.17134,0.17134,0.17134,3.811,0.3182,0.3182,-1.7485,-1.7485,-1.7485,-1.7485,-1.7485,-1.7485,-2.5435,-2.1061,-2.1061,-1.4261,-1.4261,-1.4261,-0.6662,-0.116,-0.116,-0.116,-0.116,-0.116,-0.116,0.042569,1.2686,1.2686,1.6793,1.6251,1.6251,1.6251,0.93013
0.93013,0.93013,0.93013,0.93013,0.93013,-0.77901,-1.3069,-1.1462,-1.1462,-1.1462,-1.1462,-1.1462,-1.1462,-0.078753,1.8177,1.8177,1.723,1.723,1.723,1.723,1.723,1.723,1.6102,1.7177,1.9933,1.5559,1.5559,1.5559,0.96206,0.35545,0.35545,0.35545,0.35545,0.35545,0.35545,0.12984,0.12984,-0.011706,0.26818,0.26818,0.464,0.464,0.61938,0.61938,0.61938,0.61938,0.61938,0.59597,0.42888,-0.37567,-0.37567,-0.37567,-0.37567,-0.37567,-0.37567,-0.37567,-0.76943,-0.67472,-0.67472,-0.67472,-0.67472,-0.67472,-0.67472,2.602,2.6414,1.5719,1.5719,1.5719,1.5719,1.5719,1.5719,0.31288,0.31288,-2.8755,-3.8493,-3.8493,-3.8493,-3.795,-3.795,-3.795,-3.5226,-2.4871,-2.4871,-1.4654,-1.4654,-1.4654,-1.4654,-1.4654,-1.4654,-1.21,1.2483,-0.2054,-0.2054,-0.2054,-3.3779,-3.3779,-3.3779,-3.3779,-3.3779,-3.3779,-3.3779,-3.3779,-0.89501,-0.89501,3.2927,0.55765,-1.6389,-1.6389,-1.6389,-2.221,-2.221,-2.0625,-2.0625,-2.021,-2.021,-1.9656,-1.9656,-1.9656,-1.9656,-1.9656,-1.9656,-1.8422,-1.8422,-0.22562,0.71197,1.3441,1.3441,1.4559,1.4559,1.4559
-0.10642,-1.226,-1.226,-2.0486,-2.0486,-2.4339,-2.3711,-2.3711,-2.3711,-2.3711,-2.3711,-2.3711,-1.2866,1.2792,2.0976,2.3966,2.3966,2.3966,2.3966,2.3966,2.3966,2.5031,3.1501,3.1501,3.5268,3.5268,3.5268,3.2725,2.6584,2.6584,2.6584,2.6584,2.6584,2.6584,2.6584,-0.077688,-0.51508,-0.70984,-0.70984,-0.79604,-0.79604,-0.52679,-0.52679,-0.52679,-0.52679,-0.52679,-0.022349,-0.15538,-0.15538,-0.15538,-0.15538,-0.15538,-0.15538,-0.42037,-0.42037,-0.3927,0.116,0.116,0.116,0.116,0.116,0.116,0.116,1.5931,0.91098,0.91098,0.91098,0.72793,0.11174,0.11174,0.11174,0.11174,0.11174,0.11174,-1.1142,-3.6652,-3.7471,-3.7471,-3.7471,-3.7471,-3.2214,-1.8017,-1.0408,-1.0408,-1.0408,-1.0376,0.10429,0.10429,0.10429,0.10429,0.10429,0.10429,-2.1231,1.1366,1.1366,1.1366,1.1366,1.1366,1.1366,4.193,1.7102,-1.1994,-1.1994,-1.1994,-1.1994,-1.1994,-1.1994,-1.1994,-3.0394,-2.4765,-2.4765,-1.972,-1.4697,-1.4697,-1.4697,-1.4697,-1.4697,-1.4697,-1.1643,-1.1951,-0.69707,0.22349,0.22349,0.96738,0.96738,1.0802,1.0802,1.0802,1.0802,1.0802
1.0802,1.0802,-1.6059,-2.1274,-2.1274,-2.1274,-2.1274,-2.1274,-2.1274,-1.9688,1.5282,1.5282,1.5282,1.5282,1.5282,1.5282,1.5282,3.0831,3.1927,3.2374,3.2374,3.2374,3.2374,3.2374,3.2374,3.5151,2.8319,1.9656,1.9656,0.9727,0.9727,0.26286,-0.20646,-0.35758,-0.35758,-0.35758,-0.37993,-0.37993,-0.37993,-0.37993,-0.37993,-0.14048,-0.17453,-0.17453,-0.26925,-0.26925,-0.26925,-0.46719,-0.78859,-0.78859,-0.78859,-0.78859,-0.78859,-0.78859,-1.1142,-0.88331,-0.45017,0.44165,0.44165,0.44165,0.44165,0.44165,1.7038,0.99079,0.99079,0.30011,0.30011,0.30011,0.30011,0.30011,-0.57575,-2.0156,-4.9252,-4.9252,-5.0891,-4.5996,-4.5996,-3.3927,-1.4708,-1.4708,0.25222,0.29053,2.0997,2.0997,2.0997,2.0997,2.0997,2.0997,2.0997,-3.1991,-1.0546,-1.0546,-1.0546,-1.0546,-1.0546,-1.0546,-1.0546,2.1955,0.86309,0.86309,-1.3824,-1.3824,-1.3824,-2.518,-2.7276,-2.7276,-2.7276,-2.7276,-2.7276,-2.5478,-1.475,-1.2547,-1.2547,-1.2547,-1.2547,-0.84499,-0.84499,0.087266,1.0174,1.0174,1.5261,1.5261,1.5261,1.5261,1.5261,1.3558,-0.69494,-0.69494,-1.5101,-1.5101
-0.69494,-0.69494,-1.5101,-1.5101,-1.5101,-1.5101,-1.5101,-1.5101,-1.5101,0.5651,0.5651,0.5651,0.5651,0.5651,1.7964,3.364,3.3672,3.3672,3.3672,3.3938,3.6907,3.6907,3.6907,3.6907,3.6907,3.6907,3.5673,1.9337,1.1281,0.5949,0.5949,0.5949,0.5949,0.5949,0.5949,0.5949,0.093652,-0.36184,-0.14261,-0.14261,0.02767,0.02767,0.061725,0.061725,0.061725,0.061725,0.061725,0.061725,-0.53211,-0.88224,-0.88224,-0.88224,-0.88224,-0.88224,-0.88224,-0.88224,-1.1547,-0.38951,-0.38951,0.44378,0.44378,0.44378,1.6176,1.6176,2.0859,2.0859,1.3803,0.67472,0.67472,0.67472,0.67472,0.67472,0.67472,-0.55765,-0.55765,-0.55765,-4.8763,-4.8763,-4.1345,-2.9532,-2.9532,-2.9532,-2.9532,-2.9532,-1.4846,1.0695,1.0695,1.0695,1.0695,1.0695,1.0695,-2.1902,-2.1902,2.8777,2.8777,2.8777,2.8777,2.8777,2.8777,2.8777,-0.19795,-2.1763,-2.6382,-2.6382,-2.6382,-2.0305,-2.0305,-2.0305,-2.0305,-2.0305,-2.0305,-1.8049,-1.8049,-1.2749,-1.4048,-1.4048,-1.4048,-1.4048,-1.4048,-1.4048,-1.4048,0.5949,0.58426,0.58426,-0.2054,-0.2054,-0.2054,-0.2054,-0.2054,-0.2054
-0.2054,-0.2054,-0.2054,-0.2054,-1.3686,-1.3686,-1.3686,-1.3686,-1.3686,-1.3686,-1.3686,1.9944,2.602,2.8713,2.8713,2.8713,2.8713,2.8713,2.8713,2.9883,3.4992,3.4992,3.4992,3.4992,2.6893,1.7038,1.7038,1.7038,1.7038,1.7038,1.7038,0.99931,0.051083,-0.22242,-0.25116,-0.25116,-0.039376,-0.039376,-0.039376,-0.039376,-0.039376,-0.039376,0.28096,0.057468,0.057468,0.057468,0.057468,0.057468,0.057468,0.057468,-0.2469,-1.0429,-1.0429,-1.0472,-0.65024,-0.65024,-0.65024,-0.65024,-0.65024,-0.65024,-0.65024,0.17453,1.4399,1.1228,0.44697,0.44697,0.44697,0.44697,0.44697,0.44697,-2.0731,-3.6258,-4.8486,-4.8486,-4.8486,-4.8486,-4.8486,-4.8486,-4.8486,-5.1732,-2.022,-0.87586,-0.87586,-0.58213,-0.58213,-0.58213,-0.58213,-0.58213,-0.58213,1.0515,1.0515,-2.2583,-2.2583,-2.2583,-2.2583,-2.2583,-2.2583,-0.28947,2.9883,1.989,0.041505,0.041505,0.041505,0.041505,0.041505,0.041505,-1.5176,-1.5176,-1.6421,-1.7049,-1.7049,-1.7049,-0.98867,-0.98867,-0.98867,-0.98867,-0.98867,-0.98867,-0.98867,0.7141,1.4686,1.4686,1.4686,1.7815,1.6783,1.6783,1.6783,1.6783,1.6783,1.6783
1.6783,1.6783,1.0302,-1.1792,-1.1792,-1.1792,-1.1792,-1.1792,-1.1792,-1.1792,-0.26393,0.88544,1.7166,1.7166,1.7166,1.7166,1.7166,2.2466,2.4935,2.6382,2.6382,3.0863,3.0863,3.2746,2.5669,2.5669,2.5669,2.5669,2.5669,2.5669,1.7496,1.7496,0.62151,0.1607,0.1607,0.26393,0.51934,0.51934,0.51934,0.51934,0.51934,-0.0021285,-0.32778,-0.64918,-0.64918,-0.98228,-0.98228,-0.98228,-0.98228,-0.98228,-1.2324,-1.3154,-1.2111,-0.61087,-0.61087,-0.61087,-0.61087,-0.61087,-0.61087,-0.61087,0.52573,1.6368,1.6368,0.6694,0.6694,0.6694,0.6694,0.6694,0.6694,0.6694,-2.4743,-3.3651,-3.8078,-3.8078,-4.0143,-4.0143,-4.0143,-4.0143,-4.0143,-4.0143,-3.7418,-3.7418,-1.6112,-1.6112,-1.6112,-1.6112,-1.6112,0.39696,-3.3204,-3.2959,-1.1036,-1.1036,-1.1036,-1.1036,-1.1036,-1.1036,2.1838,2.8085,0.55659,0.55659,-1.4346,-1.4346,-1.4346,-2.2349,-1.9741,-1.6208,-1.6208,-1.6208,-1.6208,-1.6208,-1.6208,-1.6208,-0.38312,-0.24371,-0.45442,-0.45442,-0.61406,-0.35864,-0.35864,-0.35864,-0.35864,-0.35864,0.40121,1.2207,1.7741,1.7741,1.7741,1.7741,1.7741,1.7741
1.7741,1.8496,0.6694,-0.22242,-0.22242,-0.22242,-0.22242,-0.22242,-0.22242,-0.22242,-0.22242,1.8528,2.1519,2.1519,2.1519,2.1519,2.1519,2.2029,2.4594,2.6127,2.8926,2.8926,2.8926,2.8926,2.8926,2.8926,2.8926,0.6247,-0.59809,-0.59809,-0.55978,-0.55978,-0.55978,-0.55978,-0.55978,-0.55978,-0.36609,-0.36609,0.74602,0.74602,0.74602,0.74602,0.74602,0.74602,0.090459,0.090459,-0.51934,-0.51934,-0.51934,-0.51934,-0.51934,-0.60022,-0.63747,-0.63747,-0.63428,-0.63428,-0.63428,0.063853,1.1196,1.1196,1.1196,1.1196,1.1196,1.1196,1.7049,-0.56617,-1.4835,-1.4835,-1.4835,-2.3477,-2.3477,-3.1714,-3.1714,-3.1714,-3.1714,-3.1714,-4.143,-4.3708,-4.0004,-4.0004,-4.0004,-4.0004,-4.0004,-4.0004,-3.314,-1.9071,-1.9071,-0.11174,-0.11174,-0.11174,-0.11174,-0.11174,-0.11174,-0.64598,-0.64598,2.5967,2.5967,2.5967,4.2484,3.3076,3.3076,3.3076,3.3076,3.3076,3.3076,1.5857,-1.5697,-1.7645,-1.9795,-1.9795,-1.9795,-1.9795,-1.9795,-1.9795,-2.1763,-1.1824,-0.63747,-0.348,-0.348,-0.25754,-0.25754,-0.25754,-0.25754,-0.25754,-0.25754,-0.022349,1.4165,1.4165,1.5846,1.5846
