8.4377,8.4408,8.4114,8.3489,8.2526,8.1219,7.9563,7.7554,7.5189,7.2467,6.9392,6.5967,6.2201,5.8106,5.3697,4.8996,4.4026,3.8816,3.3399,2.7813,2.2097,1.6295,1.0453,0.46194,-0.11569,-0.68261,-1.2339,-1.7647,-2.2705,-2.7469,-3.1899,-3.596,-3.9621,-4.2855,-4.5644,-4.7973,-4.9834,-5.1226,-5.2152,-5.2623,-5.2654,-5.2268,-5.1489,-5.035,-4.8883,-4.7128,-4.5124,-4.2914,-4.0542,-3.8053,-3.5493,-3.2905,-3.0334,-2.7822,-2.541,-2.3134,-2.1031,-1.9132,-1.7465,-1.6055,-1.4921,-1.408,-1.3543,-1.3316,-1.3402,-1.3797,-1.4496,-1.5485,-1.6748,-1.8266,-2.0012,-2.196,-2.4077,-2.6329,-2.8679,-3.1086,-3.3511,-3.5911,-3.8243,-4.0464,-4.2534,-4.4409,-4.6052,-4.7424,-4.8492,-4.9224,-4.9592,-4.9573,-4.9149,-4.8303,-4.7028,-4.5319,-4.3176,-4.0606,-3.7621,-3.4236,-3.0472,-2.6356,-2.1916,-1.7187,-1.2204,-0.70074,-0.16379,0.38616,0.94473,1.5076,2.0703,2.6286,3.1785,3.7159,4.2373,4.7391,5.2184,5.6722,6.0982,6.4942,6.8584,7.1894,7.4859,7.747,7.9721,8.1607,8.3126,8.4275,8.5056,8.547,8.5517,8.5201,8.4524,8.3489
8.547,8.5517,8.5201,8.4524,8.3489,8.2101,8.0363,7.8281,7.586,7.3108,7.0032,6.6643,6.2953,5.8977,5.473,5.0234,4.5509,4.0581,3.5478,3.023,2.4872,1.9438,1.3965,0.84941,0.30638,-0.22848,-0.75111,-1.2575,-1.7438,-2.2063,-2.6415,-3.0463,-3.4179,-3.7537,-4.0518,-4.3106,-4.5289,-4.7062,-4.8421,-4.9371,-4.992,-5.0079,-4.9865,-4.93,-4.8407,-4.7213,-4.575,-4.4051,-4.215,-4.0085,-3.7893,-3.5612,-3.3282,-3.094,-2.8625,-2.6373,-2.4219,-2.2197,-2.0335,-1.8663,-1.7205,-1.5981,-1.501,-1.4304,-1.3873,-1.3722,-1.385,-1.4253,-1.4924,-1.5849,-1.7012,-1.8392,-1.9964,-2.1702,-2.3575,-2.555,-2.7594,-2.9671,-3.1745,-3.3779,-3.5738,-3.7587,-3.9293,-4.0823,-4.2149,-4.3244,-4.4084,-4.465,-4.4924,-4.4893,-4.4547,-4.388,-4.2889,-4.1575,-3.9942,-3.7997,-3.5749,-3.321,-3.0395,-2.7321,-2.4005,-2.0467,-1.6727,-1.2807,-0.87296,-0.45166,-0.019107,0.42242,0.87064,1.3233,1.7782,2.2331,2.686,3.1346,3.577,4.0112,4.4352,4.8472,5.2452,5.6274,5.9919,6.3371,6.6611,6.9621,7.2384,7.4882,7.7099,7.9016,8.0618,8.1887
8.3368,8.355,8.3344,8.2738,8.1723,8.0293,7.8445,7.6177,7.3492,7.0396,6.69,6.3018,5.8768,5.4173,4.9261,4.4062,3.8612,3.295,2.7118,2.1163,1.5131,0.90737,0.30403,-0.29173,-0.87482,-1.4402,-1.9832,-2.499,-2.9835,-3.4328,-3.8435,-4.2125,-4.5376,-4.8168,-5.0488,-5.233,-5.3694,-5.4583,-5.5011,-5.4993,-5.455,-5.371,-5.2504,-5.0967,-4.9136,-4.7053,-4.476,-4.2302,-3.9724,-3.7071,-3.4389,-3.1722,-2.9113,-2.6601,-2.4226,-2.2022,-2.0022,-1.8253,-1.674,-1.5502,-1.4556,-1.3913,-1.3578,-1.3553,-1.3837,-1.4422,-1.5296,-1.6443,-1.7846,-1.948,-2.1321,-2.3338,-2.5502,-2.7779,-3.0134,-3.2533,-3.4939,-3.7315,-3.9626,-4.1835,-4.391,-4.5816,-4.7523,-4.9001,-5.0223,-5.1164,-5.1804,-5.2122,-5.2104,-5.1736,-5.1008,-4.9916,-4.8456,-4.6629,-4.444,-4.1894,-3.9004,-3.5784,-3.225,-2.8424,-2.4327,-1.9985,-1.5426,-1.068,-0.57774,-0.07516,0.43644,0.95367,1.4732,1.9915,2.5056,3.0122,3.5083,3.9912,4.4583,4.9073,5.336,5.7427,6.1258,6.4839,6.816,7.1211,7.3985,7.6476,7.868,8.0592,8.221,8.3528,8.4545,8.5256
8.5656,8.574,8.5502,8.4936,8.4036,8.2795,8.1207,7.9266,7.6969,7.4314,7.13,6.7931,6.4214,6.0159,5.578,5.1097,4.6134,4.0919,3.5484,2.9869,2.4114,1.8263,1.2366,0.64719,0.063264,-0.50998,-1.0674,-1.6038,-2.1145,-2.595,-3.041,-3.4489,-3.8156,-4.1384,-4.4154,-4.6454,-4.8276,-4.9621,-5.0495,-5.0912,-5.0889,-5.0452,-4.9628,-4.8452,-4.696,-4.5193,-4.319,-4.0997,-3.8657,-3.6214,-3.3712,-3.1194,-2.87,-2.6269,-2.3938,-2.174,-1.9706,-1.7863,-1.6234,-1.4839,-1.3695,-1.2814,-1.2204,-1.1872,-1.1818,-1.204,-1.2532,-1.3287,-1.4291,-1.5529,-1.6983,-1.8633,-2.0455,-2.2423,-2.4512,-2.669,-2.8928,-3.1193,-3.3453,-3.5675,-3.7824,-3.9867,-4.1771,-4.3504,-4.5034,-4.6331,-4.7367,-4.8116,-4.8555,-4.8663,-4.8421,-4.7817,-4.6839,-4.548,-4.3737,-4.1611,-3.9108,-3.6236,-3.3009,-2.9444,-2.5562,-2.1389,-1.6951,-1.2281,-0.74109,-0.23766,0.2785,0.80361,1.3338,1.8653,2.3943,2.9172,3.4304,3.9308,4.4153,4.8811,5.3258,5.7474,6.1438,6.5138,6.856,7.1696,7.4538,7.7083,7.9327,8.1269,8.2909,8.4246,8.5281,8.6014
8.6444,8.6569,8.6388,8.5897,8.5093,8.3971,8.2527,8.0756,7.8653,7.6216,7.3442,7.0332,6.6888,6.3115,5.9024,5.4627,4.9941,4.4988,3.9794,3.4391,2.8811,2.3096,1.7286,1.1428,0.55692,-0.024113,-0.59526,-1.1515,-1.6879,-2.1997,-2.6823,-3.1318,-3.5442,-3.9164,-4.2456,-4.5297,-4.7672,-4.9571,-5.0993,-5.1941,-5.2425,-5.2461,-5.2072,-5.1284,-5.0127,-4.8638,-4.6856,-4.4821,-4.2577,-4.0168,-3.7641,-3.5039,-3.2409,-2.9792,-2.7232,-2.4768,-2.2435,-2.0268,-1.8297,-1.6548,-1.5045,-1.3804,-1.2842,-1.2167,-1.1786,-1.17,-1.1906,-1.2398,-1.3166,-1.4194,-1.5467,-1.6964,-1.866,-2.0531,-2.2548,-2.4681,-2.69,-2.9173,-3.1465,-3.3745,-3.5978,-3.8133,-4.0176,-4.2077,-4.3805,-4.5331,-4.6631,-4.7677,-4.8449,-4.8925,-4.9089,-4.8925,-4.8422,-4.757,-4.6365,-4.4803,-4.2885,-4.0615,-3.8001,-3.5054,-3.1787,-2.8218,-2.4367,-2.0258,-1.5915,-1.1368,-0.66464,-0.17823,0.3191,0.82394,1.3328,1.8424,2.3491,2.8498,3.3412,3.8205,4.2848,4.7317,5.1589,5.5644,5.9466,6.304,6.6356,6.9404,7.2179,7.4676,7.6893,7.8826,8.0477,8.1845
8.4247,8.4478,8.4419,8.407,8.3424,8.2477,8.1225,7.9661,7.7782,7.5581,7.3058,7.021,6.7038,6.3547,5.9743,5.5638,5.1246,4.6585,4.1679,3.6555,3.1244,2.5782,2.0207,1.456,0.88869,0.32318,-0.23579,-0.78352,-1.3154,-1.8268,-2.3134,-2.7713,-3.1968,-3.5864,-3.9376,-4.2478,-4.5154,-4.7392,-4.9184,-5.053,-5.1434,-5.1907,-5.1965,-5.1626,-5.0915,-4.9861,-4.8495,-4.6853,-4.497,-4.2885,-4.0639,-3.8272,-3.5826,-3.3339,-3.0853,-2.8406,-2.6034,-2.3773,-2.1654,-1.9708,-1.796,-1.6435,-1.5152,-1.4126,-1.3372,-1.2897,-1.2706,-1.28,-1.3176,-1.3827,-1.4744,-1.5911,-1.7313,-1.8928,-2.0736,-2.2709,-2.4822,-2.7045,-2.9347,-3.1697,-3.4063,-3.6412,-3.8711,-4.0926,-4.3027,-4.4982,-4.6761,-4.8334,-4.9674,-5.0757,-5.1557,-5.2055,-5.2232,-5.207,-5.1558,-5.0683,-4.944,-4.7824,-4.5834,-4.3473,-4.0747,-3.7667,-3.4245,-3.0499,-2.6449,-2.2118,-1.7534,-1.2725,-0.77232,-0.25629,0.27207,0.80909,1.351,1.8942,2.4348,2.9694,3.4943,4.0063,4.5023,4.9795,5.4353,5.8675,6.2741,6.6536,7.0045,7.3258,7.6167,7.8766,8.1051,8.302
8.8102,8.8164,8.7906,8.7326,8.6422,8.5192,8.3632,8.174,7.9514,7.6953,7.4057,7.0829,6.7273,6.3397,5.9211,5.4731,4.9974,4.4962,3.9722,3.4283,2.868,2.2949,1.7131,1.1269,0.54074,-0.040787,-0.61301,-1.1713,-1.7111,-2.228,-2.7179,-3.1769,-3.6016,-3.989,-4.3363,-4.6415,-4.9031,-5.12,-5.2916,-5.4182,-5.5002,-5.5387,-5.5353,-5.492,-5.4112,-5.2958,-5.1489,-4.9739,-4.7744,-4.5542,-4.3173,-4.0678,-3.8097,-3.5472,-3.2842,-3.0247,-2.7726,-2.5314,-2.3047,-2.0956,-1.9069,-1.7414,-1.6012,-1.4882,-1.404,-1.3496,-1.3256,-1.3322,-1.3693,-1.436,-1.5313,-1.6537,-1.8011,-1.9712,-2.1612,-2.3681,-2.5885,-2.8188,-3.0553,-3.2938,-3.5305,-3.7612,-3.9817,-4.188,-4.3763,-4.5427,-4.6837,-4.796,-4.8767,-4.9231,-4.9331,-4.9047,-4.8367,-4.728,-4.5782,-4.3872,-4.1557,-3.8844,-3.5749,-3.229,-2.8488,-2.4371,-1.9967,-1.5311,-1.0437,-0.53816,-0.018516,0.5113,1.0472,1.5853,2.1215,2.6519,3.173,3.6812,4.1733,4.6463,5.0976,5.5248,5.926,6.2994,6.6436,6.9575,7.2404,7.4917,7.7111,7.8984,8.0536,8.1769,8.2685,8.3286
8.3286,8.3575,8.3555,8.3229,8.2599,8.1668,8.0436,7.8907,7.7083,7.4966,7.2558,6.9865,6.6891,6.3643,6.0131,5.6366,5.236,4.8131,4.3696,3.9079,3.4304,2.9398,2.4389,1.9312,1.4198,0.9083,0.40032,-0.10052,-0.59057,-1.0662,-1.5241,-1.9607,-2.3731,-2.7584,-3.114,-3.4377,-3.7276,-3.9823,-4.2005,-4.3817,-4.5255,-4.632,-4.7018,-4.7357,-4.7351,-4.7015,-4.6369,-4.5435,-4.424,-4.2811,-4.1178,-3.9374,-3.743,-3.5383,-3.3268,-3.1119,-2.8973,-2.6865,-2.4828,-2.2895,-2.1098,-1.9465,-1.8022,-1.6792,-1.5796,-1.5049,-1.4564,-1.4349,-1.4407,-1.4739,-1.5339,-1.6198,-1.7303,-1.8637,-2.0178,-2.1902,-2.378,-2.5783,-2.7877,-3.0028,-3.2201,-3.4359,-3.6464,-3.8481,-4.0374,-4.2107,-4.3649,-4.4967,-4.6033,-4.6821,-4.7308,-4.7474,-4.7302,-4.6779,-4.5895,-4.4645,-4.3026,-4.1039,-3.869,-3.5988,-3.2944,-2.9574,-2.5897,-2.1935,-1.7711,-1.3253,-0.8589,-0.37507,0.12297,0.63187,1.1482,1.6685,2.1893,2.7072,3.2188,3.7209,4.2102,4.684,5.1394,5.5738,5.9849,6.3705,6.7288,7.0581,7.3568,7.6238,7.858,8.0583,8.2242,8.3549
8.5092,8.532,8.5184,8.4683,8.3816,8.2584,8.0989,7.9036,7.6728,7.4072,7.1078,6.7755,6.4117,6.0181,5.5963,5.1488,4.6779,4.1863,3.6772,3.154,2.6202,2.0796,1.5362,0.99431,0.45797,-0.068511,-0.58094,-1.0752,-1.5474,-1.9937,-2.4108,-2.7955,-3.1451,-3.4574,-3.7304,-3.9629,-4.154,-4.3033,-4.4111,-4.4781,-4.5053,-4.4946,-4.4478,-4.3677,-4.2569,-4.1187,-3.9565,-3.774,-3.575,-3.3636,-3.1438,-2.9196,-2.6951,-2.4743,-2.261,-2.0589,-1.8714,-1.7017,-1.5527,-1.427,-1.3268,-1.2538,-1.2094,-1.1946,-1.2099,-1.2551,-1.33,-1.4335,-1.5642,-1.7204,-1.8999,-2.0998,-2.3174,-2.5494,-2.792,-3.0417,-3.2944,-3.5461,-3.7928,-4.0304,-4.2548,-4.4622,-4.6489,-4.8114,-4.9465,-5.0514,-5.1235,-5.1607,-5.1613,-5.124,-5.0478,-4.9324,-4.7777,-4.5843,-4.353,-4.0849,-3.7819,-3.4458,-3.079,-2.684,-2.2637,-1.8211,-1.3594,-0.88195,-0.39213,0.10666,0.61099,1.1175,1.623,2.1242,2.6182,3.1022,3.5737,4.0303,4.4699,4.8906,5.2909,5.6693,6.0248,6.3565,6.6636,6.9456,7.2021,7.4326,7.6371,7.8153,7.9669,8.0918,8.1896,8.26
8.3026,8.3169,8.3023,8.2582,8.1839,8.0787,7.942,7.773,7.5714,7.3367,7.0688,6.7678,6.4341,6.0685,5.672,5.2461,4.7929,4.3146,3.8141,3.2945,2.7595,2.2131,1.6593,1.1029,0.54829,0.00038643,-0.53605,-1.0563,-1.5557,-2.0299,-2.4748,-2.8867,-3.2623,-3.5987,-3.8935,-4.1452,-4.3526,-4.515,-4.6326,-4.706,-4.7364,-4.7257,-4.676,-4.5902,-4.4715,-4.3232,-4.1494,-3.9539,-3.7411,-3.5152,-3.2807,-3.0419,-2.8031,-2.5684,-2.3419,-2.1272,-1.9278,-1.7469,-1.5873,-1.4514,-1.3412,-1.2584,-1.204,-1.1789,-1.1834,-1.2171,-1.2796,-1.3698,-1.4862,-1.6271,-1.7901,-1.9727,-2.1721,-2.3852,-2.6086,-2.8387,-3.0719,-3.3043,-3.5322,-3.7518,-3.9591,-4.1506,-4.3227,-4.4719,-4.5952,-4.6897,-4.7528,-4.7821,-4.7759,-4.7325,-4.6509,-4.5303,-4.3705,-4.1716,-3.9341,-3.6592,-3.348,-3.0025,-2.6248,-2.2174,-1.783,-1.3248,-0.84609,-0.35027,0.15899,0.67797,1.2029,1.73,2.2556,2.7761,3.2879,3.7878,4.2727,4.7397,5.1862,5.6098,6.0086,6.3806,6.7245,7.039,7.3231,7.5759,7.7971,7.9861,8.1428,8.267,8.3587,8.4179,8.4448,8.4393
8.4179,8.4448,8.4393,8.4018,8.3323,8.2309,8.098,7.9337,7.7383,7.5122,7.2557,6.9696,6.6545,6.3113,5.9413,5.5456,5.126,4.6843,4.2227,3.7435,3.2495,2.7435,2.2287,1.7084,1.1861,0.66542,0.14998,-0.35652,-0.85042,-1.3281,-1.7863,-2.2216,-2.631,-3.0118,-3.3616,-3.6783,-3.9601,-4.2057,-4.4141,-4.5849,-4.7178,-4.8131,-4.8714,-4.8937,-4.8814,-4.8361,-4.7597,-4.6546,-4.5231,-4.3679,-4.192,-3.9982,-3.7898,-3.5699,-3.3418,-3.1088,-2.8743,-2.6414,-2.4134,-2.1934,-1.9843,-1.789,-1.61,-1.4499,-1.3107,-1.1943,-1.1023,-1.036,-0.9962,-0.98347,-0.99797,-1.0394,-1.1073,-1.2004,-1.3175,-1.4567,-1.6159,-1.7927,-1.9843,-2.1877,-2.3997,-2.6168,-2.8356,-3.0524,-3.2637,-3.4657,-3.655,-3.828,-3.9817,-4.113,-4.219,-4.2974,-4.3459,-4.3628,-4.3467,-4.2964,-4.2114,-4.0914,-3.9365,-3.7471,-3.5243,-3.2692,-2.9834,-2.6686,-2.327,-1.9609,-1.5728,-1.1653,-0.74112,-0.30319,0.14566,0.60255,1.0646,1.5291,1.9933,2.4545,2.9103,3.3583,3.7962,4.2219,4.6335,5.029,5.4067,5.7649,6.1021,6.4167,6.7073,6.9724,7.2105,7.4204
7.9978,8.0096,7.9841,7.9204,7.8176,7.6751,7.4926,7.2701,7.0079,6.7067,6.3675,5.9919,5.5819,5.1398,4.6686,4.1715,3.6523,3.1149,2.5639,2.0039,1.4398,0.87658,0.31927,-0.2271,-0.75765,-1.2677,-1.7528,-2.2089,-2.6324,-3.0201,-3.3695,-3.6784,-3.9454,-4.1696,-4.3508,-4.4892,-4.5858,-4.6418,-4.6591,-4.6401,-4.5872,-4.5036,-4.3923,-4.2567,-4.1002,-3.9264,-3.7387,-3.5407,-3.3356,-3.1268,-2.9172,-2.7099,-2.5075,-2.3124,-2.127,-1.9533,-1.7931,-1.648,-1.5195,-1.4086,-1.3165,-1.2438,-1.1911,-1.1587,-1.1469,-1.1556,-1.1845,-1.2332,-1.3009,-1.3868,-1.4898,-1.6085,-1.7415,-1.887,-2.0431,-2.2078,-2.3787,-2.5536,-2.73,-2.9052,-3.0768,-3.2421,-3.3984,-3.5433,-3.6742,-3.7886,-3.8845,-3.9596,-4.0121,-4.0402,-4.0424,-4.0176,-3.9647,-3.8829,-3.7718,-3.6312,-3.461,-3.2617,-3.0338,-2.778,-2.4956,-2.1876,-1.8558,-1.5018,-1.1276,-0.73517,-0.32694,0.094706,0.52722,0.96793,1.4141,1.8629,2.3116,2.7572,3.197,3.6283,4.0483,4.4545,4.8445,5.2161,5.5671,5.8957,6.2003,6.4796,6.7322,6.9574,7.1544,7.323,7.4628,7.5739
7.7381,7.7383,7.7125,7.6615,7.5862,7.4877,7.3667,7.2244,7.0616,6.8792,6.6781,6.459,6.2228,5.9702,5.7018,5.4184,5.1206,4.8092,4.4846,4.1478,3.7994,3.4402,3.0711,2.6931,2.3072,1.9145,1.5162,1.1137,0.70824,0.30146,-0.1051,-0.50979,-0.91085,-1.3065,-1.6948,-2.074,-2.442,-2.7969,-3.1368,-3.4597,-3.7636,-4.0468,-4.3074,-4.5438,-4.7543,-4.9376,-5.0923,-5.2175,-5.3123,-5.3761,-5.4087,-5.4101,-5.3807,-5.3211,-5.2324,-5.1161,-4.9739,-4.8081,-4.6212,-4.416,-4.1957,-3.9637,-3.7238,-3.4797,-3.2353,-2.9947,-2.7619,-2.5406,-2.3347,-2.1476,-1.9824,-1.842,-1.7287,-1.6444,-1.5905,-1.5678,-1.5763,-1.6158,-1.6852,-1.7829,-1.9068,-2.0542,-2.222,-2.4064,-2.6037,-2.8095,-3.0194,-3.2289,-3.4332,-3.628,-3.8086,-3.9707,-4.1105,-4.224,-4.3082,-4.3599,-4.3769,-4.3572,-4.2994,-4.2025,-4.0662,-3.8907,-3.6764,-3.4246,-3.1367,-2.8146,-2.4606,-2.0773,-1.6675,-1.2343,-0.78077,-0.31034,0.1736,0.66763,1.1683,1.6723,2.1762,2.6768,3.1711,3.656,4.1288,4.5867,5.0274,5.4485,5.8478,6.2233,6.5733,6.896,7.1899,7.4537
8.3416,8.3664,8.3546,8.3061,8.2208,8.0989,7.9405,7.7464,7.5171,7.2536,6.957,6.6288,6.2706,5.8842,5.4719,5.036,4.5792,4.1043,3.6144,3.1127,2.6028,2.088,1.5722,1.0589,0.55188,0.05488,-0.4285,-0.89474,-1.3405,-1.7626,-2.1582,-2.5245,-2.8594,-3.1607,-3.4268,-3.6566,-3.8491,-4.0039,-4.1209,-4.2005,-4.2435,-4.251,-4.2245,-4.1659,-4.0774,-3.9615,-3.821,-3.6589,-3.4783,-3.2827,-3.0756,-2.8606,-2.6414,-2.4216,-2.205,-1.9949,-1.7951,-1.6086,-1.4387,-1.2882,-1.1597,-1.0556,-0.97767,-0.92762,-0.90658,-0.91532,-0.95414,-1.0229,-1.1211,-1.2475,-1.4008,-1.5791,-1.7799,-2.0006,-2.2381,-2.4892,-2.7501,-3.017,-3.286,-3.553,-3.8138,-4.0644,-4.3006,-4.5187,-4.7147,-4.8854,-5.0273,-5.1377,-5.2139,-5.2539,-5.2557,-5.2182,-5.1404,-5.0219,-4.8626,-4.6631,-4.4242,-4.1471,-3.8336,-3.4857,-3.1059,-2.6967,-2.2612,-1.8026,-1.3243,-0.82976,-0.3227,0.19319,0.71421,1.2367,1.757,2.2718,2.7776,3.2714,3.7504,4.2119,4.6535,5.0733,5.4696,5.8409,6.1861,6.5044,6.7952,7.0583,7.2934,7.5006,7.6801,7.8321,7.957,8.055
8.1714,8.1899,8.1821,8.1477,8.0865,7.998,7.8816,7.7369,7.5632,7.3599,7.1263,6.8622,6.5671,6.2412,5.8847,5.4981,5.0826,4.6396,4.1709,3.6789,3.1666,2.6371,2.0944,1.5424,0.98579,0.42921,-0.12233,-0.66375,-1.19,-1.6959,-2.1767,-2.6277,-3.0448,-3.424,-3.7621,-4.0563,-4.3044,-4.5052,-4.6578,-4.7621,-4.8189,-4.8295,-4.7958,-4.7205,-4.6068,-4.4583,-4.2791,-4.0736,-3.8465,-3.6027,-3.3472,-3.0848,-2.8207,-2.5595,-2.3059,-2.0642,-1.8383,-1.6319,-1.4482,-1.2899,-1.1593,-1.0581,-0.98765,-0.94857,-0.9411,-0.96497,-1.0194,-1.1031,-1.2143,-1.351,-1.5106,-1.6903,-1.8869,-2.097,-2.317,-2.5432,-2.7715,-2.9981,-3.2191,-3.4304,-3.6284,-3.8093,-3.9697,-4.1063,-4.2162,-4.2968,-4.3456,-4.3608,-4.3408,-4.2844,-4.1909,-4.06,-3.8918,-3.6867,-3.4457,-3.17,-2.8613,-2.5214,-2.1527,-1.7577,-1.3392,-0.89992,-0.44314,0.028001,0.51021,1.0002,1.4946,1.9903,2.4839,2.9724,3.4528,3.9222,4.378,4.8176,5.2386,5.6388,6.0162,6.369,6.6954,6.9939,7.263,7.5015,7.7082,7.8819,8.0217,8.1268,8.1962,8.2294,8.2257,8.1846
8.1962,8.2294,8.2257,8.1846,8.1058,7.9892,7.8346,7.6423,7.4128,7.1466,6.8447,6.5084,6.1393,5.7392,5.3105,4.8558,4.3779,3.8802,3.3662,2.8398,2.3051,1.7661,1.2274,0.69339,0.16843,-0.34311,-0.83699,-1.3092,-1.756,-2.1739,-2.5599,-2.9113,-3.226,-3.5023,-3.739,-3.9355,-4.0916,-4.2076,-4.2846,-4.3237,-4.3267,-4.2957,-4.2333,-4.1422,-4.0254,-3.8862,-3.7278,-3.5539,-3.3679,-3.1733,-2.9736,-2.7722,-2.5725,-2.3775,-2.1903,-2.0137,-1.8502,-1.7022,-1.5718,-1.4607,-1.3706,-1.3026,-1.2577,-1.2365,-1.2394,-1.2663,-1.317,-1.3907,-1.4865,-1.6032,-1.7393,-1.8929,-2.062,-2.2443,-2.4372,-2.6382,-2.8443,-3.0526,-3.2602,-3.4638,-3.6606,-3.8474,-4.0212,-4.1792,-4.3187,-4.437,-4.5317,-4.6007,-4.642,-4.654,-4.6352,-4.5845,-4.501,-4.3842,-4.234,-4.0503,-3.8335,-3.5843,-3.3036,-2.9927,-2.6531,-2.2865,-1.8949,-1.4805,-1.0456,-0.59298,-0.12519,0.35491,0.8444,1.3403,1.8396,2.3392,2.8361,3.3275,3.8103,4.2818,4.7392,5.1801,5.602,6.0027,6.3799,6.7318,7.0565,7.3524,7.618,7.8519,8.0529,8.2198,8.3518,8.4479
8.5074,8.5296,8.514,8.4602,8.3679,8.2369,8.0673,7.8594,7.6134,7.3302,7.0106,6.6558,6.2672,5.8468,5.3966,4.9191,4.4171,3.8938,3.3525,2.7969,2.2312,1.6593,1.0858,0.51491,-0.048723,-0.60064,-1.1364,-1.6518,-2.1427,-2.6053,-3.0361,-3.4321,-3.7905,-4.1092,-4.3864,-4.6209,-4.812,-4.9596,-5.064,-5.126,-5.1471,-5.129,-5.0739,-4.9844,-4.8634,-4.7141,-4.5398,-4.3442,-4.1309,-3.9038,-3.6665,-3.423,-3.1769,-2.9318,-2.6912,-2.4584,-2.2364,-2.0281,-1.836,-1.6625,-1.5096,-1.3789,-1.2719,-1.1895,-1.1325,-1.1012,-1.0957,-1.1157,-1.1606,-1.2294,-1.321,-1.434,-1.5665,-1.7166,-1.8823,-2.0611,-2.2506,-2.4481,-2.6511,-2.8567,-3.0621,-3.2647,-3.4615,-3.65,-3.8273,-3.991,-4.1386,-4.2678,-4.3763,-4.4621,-4.5233,-4.5582,-4.5653,-4.5433,-4.491,-4.4076,-4.2924,-4.145,-3.9652,-3.7531,-3.5092,-3.234,-2.9285,-2.5938,-2.2316,-1.8435,-1.4316,-0.99826,-0.54597,-0.077516,0.40416,0.89595,1.3946,1.8968,2.3993,2.8985,3.3913,3.8744,4.3446,4.7991,5.235,5.6499,6.0413,6.4074,6.7462,7.0563,7.3364,7.5855,7.8028,7.9878
8.3987,8.419,8.4067,8.3619,8.2849,8.1761,8.0359,7.8646,7.6628,7.431,7.17,6.8803,6.5631,6.2194,5.8505,5.458,5.0435,4.6092,4.1572,3.6901,3.2106,2.7216,2.2264,1.7282,1.2304,0.73668,0.25041,-0.22485,-0.68567,-1.1288,-1.551,-1.9496,-2.3218,-2.6654,-2.9785,-3.2594,-3.507,-3.7205,-3.8994,-4.0438,-4.1539,-4.2305,-4.2746,-4.2875,-4.2708,-4.2264,-4.1563,-4.0627,-3.9481,-3.815,-3.6661,-3.5039,-3.3314,-3.1512,-2.9662,-2.7792,-2.5931,-2.4105,-2.2342,-2.0667,-1.9108,-1.7686,-1.6426,-1.5347,-1.447,-1.3809,-1.3379,-1.319,-1.325,-1.3563,-1.4129,-1.4945,-1.6002,-1.7289,-1.8789,-2.0484,-2.2348,-2.4356,-2.6475,-2.8674,-3.0916,-3.3164,-3.5378,-3.7521,-3.9551,-4.1431,-4.3123,-4.459,-4.5801,-4.6724,-4.7332,-4.7603,-4.7517,-4.706,-4.6221,-4.4996,-4.3384,-4.1389,-3.902,-3.6288,-3.3212,-2.9811,-2.6109,-2.2133,-1.7912,-1.3478,-0.88619,-0.40987,0.077762,0.57327,1.0732,1.5743,2.0733,2.567,3.0527,3.5274,3.9888,4.4344,4.8622,5.2704,5.6573,6.0215,6.3617,6.677,6.9664,7.2291,7.4646,7.6722,7.8514,8.0019
8.2759,8.3067,8.3064,8.2746,8.2107,8.1145,7.9855,7.8235,7.6282,7.3997,7.1381,6.844,6.5178,6.1608,5.7741,5.3595,4.9189,4.4548,3.9699,3.4674,2.9506,2.4234,1.8898,1.3539,0.8201,0.29281,-0.2235,-0.72446,-1.2058,-1.6635,-2.0938,-2.4932,-2.8586,-3.1876,-3.4778,-3.7278,-3.9365,-4.1033,-4.2284,-4.3122,-4.356,-4.3614,-4.3304,-4.2655,-4.1697,-4.0461,-3.8982,-3.7298,-3.5447,-3.3467,-3.1399,-2.9283,-2.7157,-2.5059,-2.3025,-2.109,-1.9284,-1.7638,-1.6176,-1.4922,-1.3896,-1.3112,-1.2582,-1.2316,-1.2317,-1.2585,-1.3117,-1.3906,-1.494,-1.6204,-1.768,-1.9347,-2.118,-2.3151,-2.523,-2.7385,-2.9581,-3.1783,-3.3954,-3.6057,-3.8054,-3.9908,-4.1584,-4.3046,-4.4262,-4.52,-4.5833,-4.6136,-4.6089,-4.5673,-4.4877,-4.3691,-4.2112,-4.014,-3.7782,-3.5047,-3.1951,-2.8512,-2.4752,-2.07,-1.6384,-1.1837,-0.70939,-0.21907,0.28353,0.79461,1.3104,1.8272,2.3415,2.8497,3.3487,3.8355,4.3074,4.7619,5.1968,5.6104,6.0008,6.3669,6.7076,7.0218,7.3089,7.5684,7.7996,8.0023,8.176,8.3203,8.4349,8.5192,8.5728,8.5952
8.5728,8.5952,8.5857,8.5437,8.4685,8.3596,8.2162,8.038,7.8246,7.5758,7.2916,6.9725,6.619,6.2322,5.8133,5.3643,4.8872,4.3847,3.8597,3.3156,2.756,2.185,1.6068,1.0258,0.4467,-0.12599,-0.68759,-1.2335,-1.7594,-2.261,-2.7344,-3.176,-3.5826,-3.9512,-4.2797,-4.5661,-4.809,-5.0076,-5.1615,-5.271,-5.3365,-5.3593,-5.341,-5.2835,-5.1893,-5.0612,-4.9023,-4.7159,-4.5057,-4.2755,-4.0294,-3.7714,-3.5058,-3.2368,-2.9686,-2.7052,-2.4508,-2.2092,-1.9839,-1.7784,-1.5957,-1.4386,-1.3094,-1.21,-1.1418,-1.1059,-1.1028,-1.1324,-1.1942,-1.2871,-1.4098,-1.56,-1.7354,-1.9332,-2.1501,-2.3826,-2.6269,-2.8789,-3.1346,-3.3897,-3.6399,-3.8811,-4.1091,-4.32,-4.5101,-4.6759,-4.8143,-4.9223,-4.9976,-5.0381,-5.0421,-5.0084,-4.9361,-4.8247,-4.6744,-4.4855,-4.2588,-3.9955,-3.6969,-3.365,-3.0018,-2.6097,-2.1913,-1.7493,-1.2869,-0.80697,-0.31286,0.19219,0.70482,1.2217,1.7395,2.255,2.7649,3.2661,3.7556,4.2306,4.6883,5.1262,5.542,5.9334,6.2984,6.6352,6.9422,7.2178,7.4608,7.6699,7.8443,7.983,8.0853,8.1507
8.1507,8.1786,8.1687,8.1209,8.0349,7.9111,7.7495,7.5506,7.315,7.0435,6.7372,6.3973,6.0255,5.6235,5.1935,4.7379,4.2594,3.761,3.2459,2.7176,2.18,1.6368,1.0923,0.55049,0.015659,-0.50799,-1.0163,-1.5052,-1.971,-2.4099,-2.8188,-3.1946,-3.5347,-3.8371,-4.1,-4.3223,-4.5033,-4.6428,-4.7412,-4.7992,-4.8182,-4.7999,-4.7467,-4.661,-4.5458,-4.4045,-4.2404,-4.0573,-3.8591,-3.6497,-3.4332,-3.2136,-2.9947,-2.7805,-2.5746,-2.3803,-2.2011,-2.0396,-1.8986,-1.7802,-1.6862,-1.6181,-1.5768,-1.563,-1.5766,-1.6173,-1.6843,-1.7764,-1.8919,-2.0289,-2.1848,-2.3569,-2.5423,-2.7376,-2.9394,-3.1441,-3.3478,-3.5468,-3.7375,-3.9159,-4.0786,-4.2221,-4.3432,-4.4388,-4.5064,-4.5435,-4.548,-4.5185,-4.4536,-4.3525,-4.2148,-4.0405,-3.83,-3.584,-3.3037,-2.9907,-2.6469,-2.2743,-1.8754,-1.4529,-1.0095,-0.54845,-0.07272,0.41445,0.90981,1.4101,1.9121,2.4127,2.9087,3.3973,3.8756,4.3409,4.7908,5.2229,5.635,6.0253,6.3918,6.7331,7.0475,7.3338,7.5908,7.8174,8.0126,8.1757,8.3059,8.4025,8.4649,8.4927,8.4855,8.4431
8.4649,8.4927,8.4855,8.4431,8.3652,8.2519,8.1033,7.9196,7.7015,7.4494,7.1644,6.8476,6.5004,6.1244,5.7214,5.2938,4.8437,4.374,3.8873,3.3868,2.8757,2.3571,1.8346,1.3116,0.79143,0.2776,-0.2266,-0.71795,-1.1934,-1.6501,-2.0854,-2.4968,-2.8822,-3.2398,-3.5678,-3.8649,-4.1302,-4.3627,-4.5621,-4.7279,-4.8604,-4.9595,-5.026,-5.0604,-5.0636,-5.0367,-4.9812,-4.8984,-4.7901,-4.6582,-4.5048,-4.3321,-4.1426,-3.9388,-3.7236,-3.4999,-3.2706,-3.0389,-2.8079,-2.581,-2.3612,-2.1517,-1.9555,-1.7757,-1.6149,-1.4755,-1.3598,-1.2697,-1.2067,-1.1717,-1.1656,-1.1886,-1.2403,-1.3201,-1.4269,-1.559,-1.7144,-1.8906,-2.0849,-2.2942,-2.5152,-2.7443,-2.9777,-3.2117,-3.4424,-3.666,-3.8788,-4.077,-4.2573,-4.4164,-4.5512,-4.6591,-4.7377,-4.7848,-4.7987,-4.7781,-4.7219,-4.6295,-4.5006,-4.3352,-4.1339,-3.8973,-3.6266,-3.3231,-2.9886,-2.625,-2.2344,-1.8194,-1.3824,-0.92635,-0.45405,0.031458,0.52709,1.0297,1.5362,2.0434,2.5482,3.0476,3.5387,4.0187,4.485,4.9349,5.3662,5.7767,6.1643,6.5272,6.8638,7.1725,7.4519,7.701
8.5032,8.515,8.4908,8.4302,8.333,8.1994,8.0293,7.8232,7.5814,7.3048,6.9942,6.6507,6.276,5.8715,5.4394,4.982,4.5016,4.0013,3.484,2.9529,2.4117,1.8638,1.3131,0.76334,0.21832,-0.31813,-0.84229,-1.3505,-1.8395,-2.3058,-2.7466,-3.1591,-3.5409,-3.8899,-4.2044,-4.4829,-4.7245,-4.9284,-5.0943,-5.2222,-5.3124,-5.3656,-5.3826,-5.3647,-5.3135,-5.2307,-5.1182,-4.9783,-4.8134,-4.6261,-4.4191,-4.1956,-3.9584,-3.7109,-3.4563,-3.198,-2.9395,-2.6841,-2.4353,-2.1966,-1.971,-1.7619,-1.5721,-1.4045,-1.2614,-1.1452,-1.0575,-1,-0.97369,-0.97912,-1.0165,-1.0855,-1.1854,-1.3149,-1.4723,-1.6555,-1.8619,-2.0884,-2.3319,-2.5887,-2.855,-3.1266,-3.3995,-3.6692,-3.9315,-4.1822,-4.4169,-4.6318,-4.8228,-4.9864,-5.1194,-5.2185,-5.2814,-5.3056,-5.2894,-5.2314,-5.1306,-4.9865,-4.799,-4.5687,-4.2963,-3.9831,-3.6309,-3.2417,-2.818,-2.3626,-1.8786,-1.3694,-0.83857,-0.28983,0.27285,0.8455,1.4241,2.0045,2.5827,3.1549,3.7171,4.2658,4.7976,5.309,5.7972,6.2594,6.693,7.0959,7.4662,7.802,8.1021,8.3652,8.5904,8.7769
9.1005,9.1292,9.1184,9.0684,8.9796,8.8526,8.688,8.4868,8.2498,7.9782,7.6734,7.3367,6.9698,6.5746,6.1531,5.7077,5.2407,4.755,4.2533,3.7387,3.2146,2.6841,2.1508,1.6183,1.09,0.56967,0.060715,-0.4334,-0.90938,-1.3641,-1.7946,-2.1983,-2.5727,-2.9157,-3.2257,-3.5012,-3.741,-3.9447,-4.1118,-4.2423,-4.3367,-4.3957,-4.4205,-4.4123,-4.3729,-4.3043,-4.2087,-4.0886,-3.9467,-3.7858,-3.609,-3.4196,-3.2206,-3.0157,-2.8081,-2.6013,-2.3987,-2.2037,-2.0195,-1.8493,-1.6961,-1.5625,-1.4511,-1.364,-1.3031,-1.2698,-1.2652,-1.2899,-1.3439,-1.4269,-1.5382,-1.6762,-1.8392,-2.0249,-2.2304,-2.4527,-2.688,-2.9325,-3.1821,-3.4322,-3.6785,-3.9163,-4.1411,-4.3482,-4.5335,-4.6926,-4.8218,-4.9176,-4.977,-4.9972,-4.9762,-4.9124,-4.8048,-4.6529,-4.4569,-4.2172,-3.9353,-3.6127,-3.2516,-2.8547,-2.425,-1.9659,-1.4808,-0.97372,-0.44857,0.090554,0.63955,1.1943,1.7509,2.3053,2.8538,3.3929,3.9192,4.4297,4.9216,5.3922,5.8392,6.2606,6.6546,7.0195,7.3538,7.6564,7.9262,8.1621,8.3633,8.5291,8.6588,8.7516,8.8072,8.8249
8.8072,8.8249,8.8043,8.7452,8.6473,8.5104,8.3348,8.1205,7.8681,7.5784,7.2523,6.8912,6.4966,6.0706,5.6155,5.134,4.629,4.1039,3.5623,3.008,2.4452,1.878,1.3108,0.74791,0.19366,-0.34773,-0.87218,-1.3759,-1.8552,-2.3069,-2.7281,-3.1165,-3.4699,-3.7867,-4.0658,-4.3067,-4.5089,-4.6727,-4.7988,-4.8879,-4.9415,-4.9611,-4.9485,-4.9057,-4.835,-4.7386,-4.619,-4.4788,-4.3206,-4.1468,-3.9603,-3.7635,-3.5592,-3.3498,-3.1381,-2.9266,-2.7178,-2.5142,-2.3182,-2.1322,-1.9585,-1.7992,-1.6565,-1.5322,-1.4281,-1.3458,-1.2864,-1.251,-1.2404,-1.2549,-1.2946,-1.3591,-1.4479,-1.5597,-1.6932,-1.8466,-2.0175,-2.2035,-2.4017,-2.609,-2.8221,-3.0375,-3.2514,-3.4602,-3.6601,-3.8473,-4.0184,-4.1697,-4.298,-4.4004,-4.4739,-4.5162,-4.5253,-4.4994,-4.4373,-4.3381,-4.2012,-4.0268,-3.8151,-3.5668,-3.2833,-2.9659,-2.6165,-2.2374,-1.8308,-1.3995,-0.94646,-0.47461,0.012838,0.5126,1.0213,1.5357,2.0524,2.5681,3.0796,3.5839,4.0779,4.5588,5.0239,5.4708,5.8971,6.3007,6.6796,7.032,7.3563,7.6511,7.9149,8.1467,8.3453,8.5097
8.79,8.8101,8.7927,8.7372,8.6435,8.5114,8.3408,8.132,7.8852,7.6011,7.2804,6.9243,6.5342,6.1116,5.6586,5.1775,4.671,4.1421,3.5939,3.03,2.4543,1.8707,1.2835,0.69688,0.11531,-0.45683,-1.0152,-1.5555,-2.0737,-2.5659,-3.0284,-3.4581,-3.852,-4.2075,-4.5226,-4.7957,-5.0256,-5.2117,-5.3537,-5.452,-5.5073,-5.5209,-5.4945,-5.43,-5.3299,-5.197,-5.0344,-4.8455,-4.6338,-4.4031,-4.1573,-3.9005,-3.6366,-3.3699,-3.1044,-2.844,-2.5927,-2.3541,-2.1318,-1.9289,-1.7485,-1.5931,-1.465,-1.3661,-1.2977,-1.2607,-1.2557,-1.2826,-1.3407,-1.4291,-1.546,-1.6895,-1.857,-2.0455,-2.2515,-2.4714,-2.701,-2.9362,-3.1723,-3.4048,-3.6291,-3.8405,-4.0346,-4.207,-4.3537,-4.4708,-4.5551,-4.6034,-4.6132,-4.5827,-4.5102,-4.3948,-4.2361,-4.0344,-3.7902,-3.505,-3.1803,-2.8185,-2.4222,-1.9944,-1.5384,-1.0577,-0.55638,-0.038231,0.49264,1.0321,1.5761,2.1206,2.6616,3.1954,3.7183,4.2268,4.7179,5.1886,5.6361,6.0579,6.4518,6.8158,7.1481,7.4471,7.7115,7.94,8.1316,8.2853,8.4004,8.4763,8.5124,8.5083,8.4638,8.3787
8.4763,8.5124,8.5083,8.4638,8.3787,8.253,8.0869,7.8808,7.6351,7.3507,7.0285,6.6699,6.2765,5.85,5.3927,4.9072,4.3962,3.8629,3.3109,2.7438,2.1657,1.5808,0.99354,0.40851,-0.16966,-0.73631,-1.2868,-1.8167,-2.3215,-2.7972,-3.24,-3.6464,-4.0134,-4.3383,-4.6191,-4.8543,-5.0429,-5.1844,-5.2791,-5.3277,-5.3317,-5.2929,-5.2138,-5.0974,-4.9471,-4.7667,-4.5603,-4.3325,-4.088,-3.8315,-3.568,-3.3023,-3.0395,-2.7841,-2.5408,-2.3137,-2.1068,-1.9236,-1.7672,-1.6401,-1.5444,-1.4815,-1.4523,-1.457,-1.4953,-1.5662,-1.6681,-1.7989,-1.9558,-2.1356,-2.3347,-2.549,-2.774,-3.0052,-3.2375,-3.4661,-3.6858,-3.8919,-4.0793,-4.2435,-4.3802,-4.4853,-4.5553,-4.5871,-4.5781,-4.5263,-4.4303,-4.2892,-4.1028,-3.8714,-3.5962,-3.2784,-2.9203,-2.5244,-2.0935,-1.6311,-1.1408,-0.62653,-0.09244,0.45724,1.0182,1.586,2.1565,2.7254,3.2886,3.8422,4.3824,4.9058,5.4091,5.8892,6.3433,6.769,7.1638,7.5258,7.8532,8.1442,8.3974,8.6117,8.786,8.9195,9.0114,9.0613,9.0689,9.0339,8.9565,8.837,8.6756,8.4732,8.2307,7.9492
9.0613,9.0689,9.0339,8.9565,8.837,8.6756,8.4732,8.2307,7.9492,7.6302,7.2753,6.8864,6.4659,6.0161,5.5398,5.0399,4.5198,3.9827,3.4322,2.8722,2.3063,1.7385,1.1729,0.61321,0.063487,-0.47248,-0.991,-1.4885,-1.9617,-2.4074,-2.8229,-3.2055,-3.553,-3.8637,-4.1359,-4.3685,-4.5609,-4.7127,-4.824,-4.8953,-4.9276,-4.9222,-4.8809,-4.8058,-4.6993,-4.5644,-4.4042,-4.2222,-4.022,-3.8075,-3.5829,-3.3521,-3.1196,-2.8893,-2.6654,-2.452,-2.2527,-2.0711,-1.9104,-1.7734,-1.6625,-1.5797,-1.5263,-1.5033,-1.5111,-1.5493,-1.6173,-1.7137,-1.8366,-1.9837,-2.1521,-2.3386,-2.5396,-2.7511,-2.969,-3.189,-3.4066,-3.6173,-3.8168,-4.0008,-4.1651,-4.3059,-4.4196,-4.5028,-4.5529,-4.5673,-4.544,-4.4816,-4.3789,-4.2355,-4.0512,-3.8265,-3.5622,-3.2596,-2.9205,-2.5469,-2.1414,-1.7065,-1.2455,-0.76167,-0.25839,0.26063,0.79161,1.3307,1.8741,2.4177,2.9578,3.4906,4.0124,4.5196,5.0087,5.4766,5.9202,6.3366,6.7232,7.0778,7.3981,7.6824,7.9291,8.1367,8.3044,8.4313,8.5168,8.5608,8.5631,8.5242,8.4444,8.3245,8.1655,7.9686
8.5608,8.5631,8.5242,8.4444,8.3245,8.1655,7.9686,7.7352,7.4669,7.1657,6.8334,6.4723,6.0849,5.6736,5.241,4.7901,4.3237,3.8448,3.3564,2.8615,2.3632,1.8646,1.3686,0.87828,0.39635,-0.074425,-0.53148,-0.97241,-1.395,-1.7971,-2.1769,-2.5329,-2.8635,-3.1675,-3.444,-3.6921,-3.9113,-4.1012,-4.2616,-4.3926,-4.4942,-4.5669,-4.6113,-4.6279,-4.6178,-4.5819,-4.5216,-4.4382,-4.3334,-4.2088,-4.0666,-3.9089,-3.738,-3.5564,-3.3668,-3.1721,-2.9752,-2.7792,-2.5872,-2.4024,-2.2279,-2.0668,-1.922,-1.7964,-1.6924,-1.6123,-1.5581,-1.5312,-1.5328,-1.5635,-1.6233,-1.7118,-1.8282,-1.9708,-2.1376,-2.3262,-2.5334,-2.7558,-2.9896,-3.2307,-3.4747,-3.7171,-3.9531,-4.1782,-4.3878,-4.5774,-4.743,-4.8805,-4.9864,-5.0577,-5.0917,-5.0861,-5.0394,-4.9505,-4.8189,-4.6444,-4.4277,-4.1697,-3.872,-3.5365,-3.1656,-2.762,-2.3286,-1.8688,-1.3858,-0.88348,-0.36536,0.16479,0.70323,1.2463,1.7902,2.3317,2.8672,3.3937,3.908,4.4073,4.8891,5.3509,5.7905,6.2059,6.5953,6.9571,7.2899,7.5924,7.8634,8.102,8.3074,8.4787,8.6152,8.7165
8.7819,8.8112,8.8039,8.7598,8.6787,8.5607,8.4057,8.214,7.9861,7.7224,7.4238,7.0912,6.726,6.3296,5.9038,5.4507,4.9728,4.4726,3.953,3.4174,2.8692,2.3119,1.7496,1.186,0.62541,0.071767,-0.4708,-0.99827,-1.5068,-1.9926,-2.4522,-2.8825,-3.2805,-3.6438,-3.9702,-4.2581,-4.5061,-4.7135,-4.8798,-5.0052,-5.0901,-5.1355,-5.1426,-5.1132,-5.0492,-4.9531,-4.8272,-4.6746,-4.4981,-4.301,-4.0867,-3.8584,-3.6197,-3.374,-3.125,-2.876,-2.6304,-2.3916,-2.1628,-1.9471,-1.7473,-1.5661,-1.406,-1.2692,-1.1576,-1.0728,-1.0162,-0.98857,-0.99051,-1.0222,-1.0833,-1.1731,-1.2906,-1.4343,-1.6023,-1.7921,-2.0013,-2.2267,-2.465,-2.7127,-2.9659,-3.2208,-3.4731,-3.7189,-3.9539,-4.1741,-4.3755,-4.5543,-4.7071,-4.8305,-4.9216,-4.9778,-4.997,-4.9774,-4.9177,-4.8171,-4.6753,-4.4924,-4.269,-4.0062,-3.7055,-3.3688,-2.9985,-2.5971,-2.1677,-1.7134,-1.2377,-0.74408,-0.23625,0.28208,0.80719,1.3354,1.8632,2.387,2.9038,3.4104,3.9041,4.3824,4.843,5.284,5.7038,6.101,6.4745,6.8234,7.1471,7.4451,7.7171,7.9629,8.1823,8.3753
8.9668,8.9675,8.9387,8.8795,8.7892,8.6667,8.5114,8.3224,8.0991,7.8411,7.548,7.22,6.8573,6.4609,6.0316,5.5712,5.0816,4.5652,4.0249,3.464,2.8863,2.2956,1.6964,1.0933,0.49099,-0.10556,-0.69144,-1.2618,-1.8117,-2.3368,-2.8325,-3.2949,-3.7205,-4.1059,-4.4485,-4.7461,-4.9972,-5.2006,-5.356,-5.4634,-5.5236,-5.5378,-5.5078,-5.4359,-5.325,-5.1781,-4.999,-4.7914,-4.5596,-4.308,-4.0412,-3.7638,-3.4805,-3.1961,-2.9152,-2.6423,-2.3817,-2.1374,-1.9134,-1.7129,-1.5391,-1.3946,-1.2817,-1.2019,-1.1566,-1.1463,-1.1712,-1.2309,-1.3244,-1.4502,-1.6064,-1.7903,-1.9991,-2.2294,-2.4775,-2.7392,-3.0103,-3.2861,-3.5619,-3.833,-4.0946,-4.3418,-4.57,-4.7747,-4.9517,-5.097,-5.2071,-5.2788,-5.3092,-5.2963,-5.2381,-5.1337,-4.9822,-4.7836,-4.5385,-4.2478,-3.9131,-3.5365,-3.1206,-2.6682,-2.1829,-1.6683,-1.1285,-0.56767,0.0097728,0.5993,1.1963,1.7963,2.3948,2.9873,3.5696,4.1377,4.6878,5.2163,5.7201,6.196,6.6415,7.0542,7.432,7.7731,8.0759,8.3393,8.5622,8.7437,8.8833,8.9806,9.0353,9.0474,9.0169,8.9442
9.0353,9.0474,9.0169,8.9442,8.8297,8.674,8.4779,8.2424,7.9687,7.6583,7.3128,6.9342,6.5247,6.0868,5.6231,5.1367,4.6308,4.1089,3.5745,3.0316,2.484,1.9357,1.3909,0.85348,0.32745,-0.18339,-0.67539,-1.1451,-1.5895,-2.0056,-2.3911,-2.7437,-3.0618,-3.344,-3.5896,-3.7979,-3.9689,-4.103,-4.2008,-4.2633,-4.2918,-4.2882,-4.2541,-4.1919,-4.1038,-3.9924,-3.8605,-3.7108,-3.5463,-3.37,-3.185,-2.9944,-2.8013,-2.6089,-2.4202,-2.2382,-2.066,-1.9063,-1.7618,-1.635,-1.5281,-1.4432,-1.3821,-1.346,-1.3362,-1.3533,-1.3976,-1.469,-1.5669,-1.6904,-1.8381,-2.008,-2.1979,-2.4053,-2.6271,-2.86,-3.1005,-3.3448,-3.5891,-3.8292,-4.0612,-4.281,-4.4846,-4.6684,-4.8286,-4.962,-5.0654,-5.1363,-5.1722,-5.1712,-5.1318,-5.0529,-4.9339,-4.7747,-4.5754,-4.3368,-4.06,-3.7465,-3.3981,-3.0172,-2.6061,-2.1678,-1.7052,-1.2217,-0.72048,-0.2052,0.3206,0.85332,1.3893,1.9251,2.4572,2.9821,3.4968,3.9982,4.4834,4.9499,5.3952,5.8172,6.2139,6.5837,6.9251,7.2369,7.518,7.7675,7.9846,8.1689,8.3199,8.4371,8.5203,8.5692
8.5692,8.5837,8.5636,8.5088,8.4193,8.295,8.136,7.9425,7.7146,7.453,7.1579,6.8303,6.4711,6.0815,5.6629,5.2172,4.7463,4.2527,3.739,3.2082,2.6634,2.1081,1.5461,0.98118,0.41735,-0.14129,-0.69065,-1.2266,-1.7452,-2.2426,-2.7151,-3.1593,-3.572,-3.9505,-4.2923,-4.5955,-4.8585,-5.0801,-5.2597,-5.397,-5.4923,-5.5463,-5.56,-5.5351,-5.4734,-5.3773,-5.2494,-5.0927,-4.9103,-4.7057,-4.4826,-4.2448,-3.9961,-3.7406,-3.4823,-3.2252,-2.9732,-2.7301,-2.4997,-2.2853,-2.0903,-1.9175,-1.7695,-1.6486,-1.5566,-1.4948,-1.4642,-1.4653,-1.4979,-1.5616,-1.6552,-1.7772,-1.9257,-2.0981,-2.2915,-2.5028,-2.7284,-2.9644,-3.2066,-3.451,-3.6931,-3.9285,-4.1529,-4.362,-4.5517,-4.7181,-4.8575,-4.9665,-5.0422,-5.082,-5.0836,-5.0454,-4.9661,-4.845,-4.6817,-4.4765,-4.2302,-3.9438,-3.619,-3.2579,-2.8629,-2.4368,-1.9827,-1.504,-1.0042,-0.48709,0.043458,0.58356,1.1293,1.6768,2.2224,2.7624,3.2933,3.8121,4.3156,4.8012,5.2664,5.7092,6.1275,6.5198,6.8847,7.2211,7.5278,7.8041,8.0493,8.2627,8.4438,8.5919,8.7065,8.787
8.8327,8.843,8.8171,8.7544,8.654,8.5155,8.3382,8.1216,7.8657,7.5703,7.2359,6.8631,6.453,6.0071,5.5276,5.0168,4.4777,3.914,3.3296,2.7288,2.1166,1.4979,0.87828,0.26316,-0.34183,-0.93111,-1.4992,-2.041,-2.5514,-3.0261,-3.461,-3.8527,-4.1984,-4.496,-4.744,-4.9416,-5.0889,-5.1866,-5.2359,-5.2389,-5.1982,-5.1167,-4.998,-4.8461,-4.6651,-4.4594,-4.2337,-3.9926,-3.7407,-3.4827,-3.2231,-2.9661,-2.7159,-2.4763,-2.2508,-2.0425,-1.8544,-1.6889,-1.548,-1.4334,-1.3464,-1.2878,-1.258,-1.2571,-1.2847,-1.3401,-1.4221,-1.5294,-1.6601,-1.8121,-1.9832,-2.1707,-2.3719,-2.5839,-2.8035,-3.0278,-3.2535,-3.4775,-3.6966,-3.9079,-4.1083,-4.2953,-4.466,-4.6182,-4.7497,-4.8584,-4.9426,-5.0008,-5.0317,-5.0342,-5.0076,-4.9511,-4.8644,-4.7472,-4.5994,-4.4212,-4.2128,-3.9748,-3.7076,-3.4121,-3.0892,-2.74,-2.3658,-1.9679,-1.548,-1.108,-0.64961,-0.17516,0.31308,0.81262,1.3208,1.835,2.3521,2.8694,3.3836,3.8918,4.3909,4.8779,5.3498,5.8037,6.2368,6.6466,7.0307,7.3868,7.7128,8.007,8.2677,8.4935,8.6834,8.8363
9.0285,9.0668,9.0663,9.0269,8.9488,8.8321,8.6774,8.4852,8.2561,7.991,7.691,7.3573,6.9912,6.5943,6.1683,5.7154,5.2376,4.7375,4.2177,3.6811,3.1307,2.57,2.0022,1.4311,0.86039,0.29377,-0.26488,-0.81174,-1.343,-1.8551,-2.3443,-2.8075,-3.2413,-3.6431,-4.0102,-4.3404,-4.632,-4.8834,-5.0936,-5.2621,-5.3886,-5.4735,-5.5174,-5.5216,-5.4875,-5.4172,-5.313,-5.1775,-5.014,-4.8257,-4.6162,-4.3895,-4.1494,-3.9002,-3.646,-3.3913,-3.1401,-2.8968,-2.6653,-2.4495,-2.253,-2.0791,-1.9307,-1.8105,-1.7205,-1.6623,-1.637,-1.6452,-1.687,-1.7617,-1.8683,-2.005,-2.1697,-2.3597,-2.5718,-2.8024,-3.0475,-3.303,-3.5642,-3.8264,-4.085,-4.335,-4.5717,-4.7905,-4.9867,-5.1561,-5.2949,-5.3993,-5.4662,-5.4929,-5.4771,-5.417,-5.3114,-5.1597,-4.9618,-4.718,-4.4294,-4.0973,-3.7239,-3.3114,-2.8628,-2.3813,-1.8706,-1.3344,-0.77686,-0.20233,0.38483,0.98013,1.5791,2.1773,2.7705,3.3544,3.9251,4.4789,5.0123,5.5222,6.0058,6.4606,6.8845,7.2756,7.6324,7.9539,8.239,8.4871,8.6979,8.8711,9.0066,9.1045,9.165,9.1882
9.165,9.1882,9.1745,9.124,9.0373,8.9145,8.7561,8.5626,8.3343,8.072,7.7762,7.4478,7.0879,6.6978,6.2789,5.833,5.3623,4.869,4.356,3.8263,3.2831,2.7301,2.171,1.61,1.0512,0.49879,-0.04292,-0.56972,-1.0775,-1.5624,-2.0208,-2.4492,-2.8448,-3.205,-3.5277,-3.8113,-4.0547,-4.2573,-4.419,-4.5402,-4.6218,-4.6652,-4.672,-4.6443,-4.5846,-4.4956,-4.3802,-4.2415,-4.0827,-3.9071,-3.718,-3.5189,-3.3131,-3.1039,-2.8944,-2.6877,-2.4869,-2.2946,-2.1136,-1.9463,-1.795,-1.6618,-1.5484,-1.4564,-1.3873,-1.342,-1.3213,-1.3258,-1.3556,-1.4106,-1.4902,-1.5938,-1.7202,-1.8679,-2.0352,-2.22,-2.4199,-2.6324,-2.8545,-3.0831,-3.3149,-3.5465,-3.7744,-3.9949,-4.2045,-4.3996,-4.5765,-4.7319,-4.8625,-4.9652,-5.0372,-5.0759,-5.0791,-5.0449,-4.9716,-4.8583,-4.7042,-4.5088,-4.2725,-3.9957,-3.6795,-3.3253,-2.9349,-2.5108,-2.0553,-1.5716,-1.0629,-0.53275,0.015138,0.57684,1.1483,1.7255,2.3043,2.8807,3.4506,4.0104,4.5563,5.0849,5.5932,6.0781,6.537,6.9677,7.368,7.7363,8.071,8.371,8.6351,8.8626,9.0528,9.2053
9.3956,9.4331,9.4319,9.3919,9.3133,9.196,9.0402,8.8463,8.6146,8.3456,8.0401,7.699,7.3235,6.9149,6.4752,6.0062,5.5103,4.9901,4.4487,3.8893,3.3153,2.7306,2.139,1.5447,0.95176,0.36435,-0.21339,-0.77742,-1.3239,-1.849,-2.3495,-2.8223,-3.2645,-3.6739,-4.0484,-4.3864,-4.6868,-4.9488,-5.1719,-5.3562,-5.502,-5.6099,-5.6808,-5.7159,-5.7166,-5.6845,-5.6214,-5.5291,-5.4097,-5.2654,-5.0984,-4.9111,-4.706,-4.4856,-4.2525,-4.0094,-3.7591,-3.5045,-3.2485,-2.9941,-2.7442,-2.5018,-2.2699,-2.0515,-1.8492,-1.6659,-1.504,-1.3659,-1.2534,-1.1685,-1.1123,-1.0861,-1.0902,-1.1251,-1.1902,-1.285,-1.4083,-1.5584,-1.7333,-1.9306,-2.1474,-2.3808,-2.6271,-2.8829,-3.1443,-3.4073,-3.6679,-3.9221,-4.1659,-4.3953,-4.6066,-4.7962,-4.9606,-5.0969,-5.202,-5.2736,-5.3095,-5.3078,-5.2671,-5.1864,-5.0651,-4.903,-4.7002,-4.4574,-4.1755,-3.856,-3.5006,-3.1115,-2.6912,-2.2425,-1.7684,-1.2722,-0.75761,-0.22814,0.31236,0.86006,1.4111,1.9616,2.508,3.0466,3.574,4.0872,4.5832,5.0596,5.514,5.9446,6.3497,6.7281,7.0789,7.4014
9.0445,9.0513,9.0287,8.9761,8.8928,8.7779,8.6306,8.4499,8.2349,7.9848,7.6991,7.3773,7.0192,6.6252,6.1956,5.7317,5.2349,4.7071,4.1508,3.569,2.965,2.3427,1.7063,1.0605,0.40997,-0.24018,-0.88482,-1.5187,-2.1368,-2.7341,-3.3057,-3.8471,-4.3543,-4.8233,-5.2509,-5.6344,-5.9714,-6.2603,-6.4998,-6.6894,-6.8291,-6.9193,-6.9611,-6.9559,-6.9057,-6.8128,-6.6801,-6.5105,-6.3075,-6.0747,-5.8159,-5.5352,-5.2366,-4.9245,-4.6031,-4.2767,-3.9495,-3.6259,-3.3098,-3.0052,-2.7159,-2.4453,-2.1968,-1.9733,-1.7774,-1.6114,-1.477,-1.3757,-1.3085,-1.2758,-1.2776,-1.3134,-1.3824,-1.4829,-1.6132,-1.7709,-1.9533,-2.1573,-2.3793,-2.6158,-2.8628,-3.1161,-3.3715,-3.6248,-3.8716,-4.1075,-4.3286,-4.5308,-4.7102,-4.8633,-4.9869,-5.078,-5.134,-5.1527,-5.1324,-5.0717,-4.9697,-4.8258,-4.6401,-4.413,-4.1453,-3.8384,-3.494,-3.1141,-2.7012,-2.2582,-1.7881,-1.2943,-0.78041,-0.25019,0.29247,0.8436,1.3992,1.9553,2.5081,3.0537,3.5887,4.1096,4.6133,5.0972,5.5586,5.9954,6.4058,6.7884,7.1418,7.4653,7.7584,8.0206,8.252,8.4526
9.0031,9.025,9.0183,8.9828,8.9188,8.8261,8.7046,8.5541,8.3744,8.1653,7.9266,7.6585,7.361,7.0345,6.6796,6.2972,5.8884,5.455,4.9987,4.5219,4.0273,3.5177,2.9965,2.4674,1.9339,1.4001,0.86993,0.34751,-0.1632,-0.65833,-1.1342,-1.5874,-2.0147,-2.4135,-2.7813,-3.1163,-3.4169,-3.6821,-3.9114,-4.1045,-4.2619,-4.3842,-4.4724,-4.5279,-4.5522,-4.5473,-4.515,-4.4576,-4.3773,-4.2763,-4.157,-4.0217,-3.8727,-3.7122,-3.5425,-3.3658,-3.1841,-2.9996,-2.8143,-2.6302,-2.4494,-2.2738,-2.1053,-1.9459,-1.7975,-1.6618,-1.5405,-1.4355,-1.3482,-1.2801,-1.2323,-1.206,-1.2019,-1.2207,-1.2626,-1.3276,-1.4153,-1.525,-1.6557,-1.806,-1.9741,-2.1579,-2.3551,-2.5631,-2.7788,-2.9992,-3.2209,-3.4405,-3.6546,-3.8595,-4.0518,-4.228,-4.3847,-4.519,-4.6277,-4.7083,-4.7583,-4.7757,-4.7587,-4.7059,-4.6164,-4.4896,-4.3253,-4.1236,-3.8853,-3.6111,-3.3026,-2.9614,-2.5894,-2.1891,-1.7629,-1.3137,-0.8446,-0.35865,0.14081,0.65043,1.1668,1.6865,2.2062,2.7226,3.2325,3.733,4.2212,4.6946,5.1506,5.5872,6.0023,6.3944,6.7619,7.1037
8.9511,8.9703,8.9584,8.9148,8.8393,8.7316,8.5913,8.4182,8.2122,7.973,7.7009,7.396,7.059,6.6905,6.2917,5.8639,5.4089,4.9287,4.4257,3.9026,3.3627,2.8092,2.2457,1.6763,1.1048,0.53546,-0.027497,-0.57989,-1.1176,-1.6365,-2.133,-2.6033,-3.0442,-3.4527,-3.8264,-4.163,-4.4609,-4.7187,-4.9356,-5.1112,-5.2455,-5.3391,-5.3928,-5.4078,-5.3857,-5.3285,-5.2383,-5.1176,-4.969,-4.7955,-4.6001,-4.3859,-4.1563,-3.9146,-3.6643,-3.4088,-3.1516,-2.8962,-2.6459,-2.4041,-2.174,-1.9588,-1.7613,-1.5843,-1.4303,-1.3015,-1.1998,-1.1269,-1.0839,-1.0717,-1.0907,-1.1408,-1.2215,-1.3318,-1.4704,-1.6352,-1.824,-2.034,-2.2621,-2.5046,-2.7578,-3.0177,-3.28,-3.5402,-3.7939,-4.0367,-4.2642,-4.472,-4.6563,-4.8131,-4.9391,-5.0312,-5.0866,-5.1033,-5.0794,-5.0138,-4.9058,-4.7552,-4.5622,-4.3278,-4.0531,-3.74,-3.3905,-3.0071,-2.5925,-2.1498,-1.6823,-1.1934,-0.6865,-0.16521,0.36692,0.90635,1.4497,1.9935,2.5346,3.07,3.5969,4.1124,4.6141,5.0996,5.5667,6.0134,6.4379,6.8382,7.2128,7.56,7.8782,8.166,8.4218,8.6442
9.1717,9.2064,9.1997,9.1508,9.0588,8.923,8.7431,8.5192,8.2513,7.9402,7.5868,7.1927,6.7596,6.2899,5.7864,5.2521,4.6907,4.1061,3.5027,2.8848,2.2575,1.6255,0.99399,0.36803,-0.24734,-0.84717,-1.4267,-1.9814,-2.5072,-3,-3.4565,-3.8737,-4.2491,-4.5805,-4.8666,-5.1062,-5.299,-5.4449,-5.5445,-5.5987,-5.609,-5.5773,-5.5059,-5.3973,-5.2546,-5.081,-4.88,-4.6553,-4.4109,-4.1508,-3.8791,-3.6002,-3.3182,-3.0374,-2.762,-2.4961,-2.2436,-2.0083,-1.7936,-1.6028,-1.4388,-1.3041,-1.2007,-1.1303,-1.0939,-1.0923,-1.1254,-1.1928,-1.2933,-1.4253,-1.5866,-1.7744,-1.9856,-2.2164,-2.4627,-2.7201,-2.9838,-3.249,-3.5104,-3.7631,-4.0019,-4.2218,-4.4182,-4.5863,-4.7221,-4.8219,-4.8822,-4.9003,-4.874,-4.8016,-4.6819,-4.5145,-4.2996,-4.0377,-3.7303,-3.3791,-2.9863,-2.5549,-2.088,-1.5892,-1.0625,-0.51194,0.057956,0.64258,1.2372,1.837,2.437,3.0323,3.6182,4.1897,4.7421,5.2709,5.7716,6.24,6.6721,7.0641,7.4124,7.714,7.9659,8.1657,8.3114,8.4012,8.4341,8.4093,8.3267,8.1867,7.9902,7.7387,7.4342,7.0794
8.4012,8.4341,8.4093,8.3267,8.1867,7.9902,7.7387,7.4342,7.0794,6.6774,6.2319,5.7469,5.2272,4.6776,4.1034,3.5102,2.9038,2.2899,1.6744,1.0632,0.46183,-0.12419,-0.68976,-1.2301,-1.7409,-2.2184,-2.6591,-3.0604,-3.4202,-3.7368,-4.0094,-4.2376,-4.4216,-4.5621,-4.6603,-4.718,-4.7372,-4.7204,-4.6702,-4.5896,-4.4818,-4.3499,-4.1974,-4.0275,-3.8437,-3.6492,-3.4473,-3.2411,-3.0337,-2.828,-2.6267,-2.4325,-2.2477,-2.0747,-1.9156,-1.7723,-1.6464,-1.5397,-1.4533,-1.3885,-1.346,-1.3267,-1.3308,-1.3586,-1.4098,-1.4842,-1.581,-1.6993,-1.8378,-1.9949,-2.1688,-2.3574,-2.5583,-2.769,-2.9866,-3.2081,-3.4304,-3.6502,-3.8642,-4.069,-4.2611,-4.4373,-4.5943,-4.7289,-4.8381,-4.9192,-4.9696,-4.987,-4.9695,-4.9155,-4.8236,-4.6931,-4.5233,-4.3143,-4.0664,-3.7803,-3.4571,-3.0985,-2.7064,-2.2832,-1.8314,-1.3541,-0.85439,-0.33587,0.19787,0.74305,1.2958,1.8522,2.4083,2.9604,3.5046,4.0374,4.5554,5.0552,5.5341,5.9892,6.4182,6.8187,7.1889,7.5272,7.8322,8.1026,8.3375,8.5361,8.6979,8.8223,8.9091,8.9579,8.9687,8.9414
8.9579,8.9687,8.9414,8.876,8.7728,8.6318,8.4535,8.2384,7.987,7.7001,7.3789,7.0246,6.6386,6.2228,5.7792,5.3102,4.8185,4.307,3.7791,3.2382,2.688,2.1325,1.5757,1.0217,0.47458,-0.061497,-0.58258,-1.0849,-1.5648,-2.019,-2.4446,-2.8391,-3.2001,-3.5261,-3.8158,-4.0682,-4.2831,-4.4605,-4.6008,-4.7049,-4.774,-4.8096,-4.8134,-4.7874,-4.7337,-4.6546,-4.5525,-4.4297,-4.2888,-4.1322,-3.9622,-3.7814,-3.5921,-3.3966,-3.1972,-2.9962,-2.7958,-2.5981,-2.4054,-2.2197,-2.0432,-1.8778,-1.7256,-1.5884,-1.4683,-1.3668,-1.2856,-1.226,-1.1894,-1.1765,-1.1882,-1.2247,-1.2861,-1.372,-1.4817,-1.6138,-1.7669,-1.9388,-2.1271,-2.329,-2.5412,-2.7603,-2.9822,-3.2031,-3.4185,-3.6244,-3.8162,-3.9896,-4.1406,-4.265,-4.3593,-4.42,-4.4441,-4.4292,-4.3733,-4.2748,-4.133,-3.9475,-3.7185,-3.4471,-3.1345,-2.7828,-2.3944,-1.9723,-1.5197,-1.0403,-0.53806,-0.017029,0.5185,1.0642,1.6158,2.1689,2.7195,3.2635,3.7972,4.3169,4.8195,5.3018,5.7612,6.1952,6.6016,6.9787,7.3246,7.638,7.9177,8.1626,8.3719,8.5448,8.6806,8.7787
8.8388,8.8604,8.8433,8.7873,8.6923,8.5583,8.3856,8.1745,7.9258,7.6403,7.3191,6.9637,6.5757,6.1575,5.7112,5.2399,4.7465,4.2344,3.7074,3.1695,2.6247,2.0773,1.5318,0.9924,0.46354,-0.0506,-0.54598,-1.0188,-1.4656,-1.8833,-2.2692,-2.6209,-2.9367,-3.2152,-3.4557,-3.6577,-3.8214,-3.9474,-4.0365,-4.0902,-4.1102,-4.0984,-4.0572,-3.9888,-3.896,-3.7815,-3.648,-3.4984,-3.3356,-3.1625,-2.9817,-2.7963,-2.6087,-2.4218,-2.238,-2.0598,-1.8896,-1.7297,-1.5823,-1.4494,-1.3329,-1.2345,-1.156,-1.0986,-1.0635,-1.0517,-1.0639,-1.1004,-1.1614,-1.2465,-1.3552,-1.4866,-1.6392,-1.8114,-2.0013,-2.2062,-2.4237,-2.6505,-2.8835,-3.1192,-3.3538,-3.5836,-3.8047,-4.0132,-4.2052,-4.3771,-4.5252,-4.6461,-4.7368,-4.7945,-4.8168,-4.8016,-4.7472,-4.6526,-4.517,-4.3402,-4.1225,-3.8644,-3.5672,-3.2325,-2.8623,-2.4589,-2.0251,-1.5638,-1.0785,-0.57253,-0.049664,0.48631,1.0315,1.582,2.1338,2.6832,3.2263,3.7594,4.2792,4.7823,5.2656,5.7262,6.1614,6.5688,6.9464,7.292,7.6041,7.8812,8.122,8.3255,8.4908,8.6173,8.7045,8.7521
8.7521,8.7599,8.7279,8.6563,8.5453,8.3955,8.2074,7.9819,7.7199,7.4226,7.0914,6.728,6.3341,5.9118,5.4634,4.9914,4.4986,3.9879,3.4626,2.926,2.3816,1.8329,1.2838,0.73798,0.19917,-0.3289,-0.8426,-1.3384,-1.8131,-2.2635,-2.6867,-3.0802,-3.4417,-3.7694,-4.0616,-4.3172,-4.5354,-4.7156,-4.8579,-4.9624,-5.0299,-5.0612,-5.0577,-5.0209,-4.9527,-4.855,-4.7302,-4.5808,-4.4095,-4.219,-4.0122,-3.7922,-3.5622,-3.3252,-3.0845,-2.8433,-2.6048,-2.3721,-2.1482,-1.9363,-1.739,-1.5592,-1.3993,-1.2615,-1.1479,-1.0602,-0.99982,-0.9677,-0.96455,-0.99063,-1.0458,-1.1293,-1.2403,-1.3773,-1.5382,-1.7208,-1.9224,-2.1398,-2.3695,-2.6079,-2.8509,-3.0943,-3.3338,-3.565,-3.7835,-3.9848,-4.1649,-4.3196,-4.4451,-4.5379,-4.5951,-4.6137,-4.5917,-4.5273,-4.4194,-4.2671,-4.0706,-3.8303,-3.5471,-3.2227,-2.8592,-2.4591,-2.0253,-1.5614,-1.0709,-0.55789,-0.026583,0.51868,1.0735,1.6333,2.1937,2.7503,3.299,3.8357,4.3565,4.858,5.3369,5.7903,6.2155,6.6103,6.9726,7.3007,7.5935,7.8496,8.0685,8.2495,8.3924,8.497,8.5634,8.5919
8.5634,8.5919,8.583,8.5371,8.455,8.3375,8.1856,8.0002,7.7827,7.5341,7.2561,6.95,6.6177,6.2608,5.8812,5.4811,5.0626,4.6281,4.1798,3.7203,3.2521,2.7779,2.3004,1.8221,1.3459,0.87423,0.40978,-0.044989,-0.48768,-0.91603,-1.3279,-1.7213,-2.0945,-2.4458,-2.7738,-3.0772,-3.3549,-3.6061,-3.8302,-4.0265,-4.1948,-4.3349,-4.447,-4.5311,-4.5876,-4.6172,-4.6204,-4.5982,-4.5515,-4.4817,-4.3899,-4.2778,-4.147,-3.9992,-3.8366,-3.6612,-3.4753,-3.2811,-3.0813,-2.8783,-2.6747,-2.4733,-2.2767,-2.0875,-1.9083,-1.7416,-1.5898,-1.4552,-1.3398,-1.2453,-1.1734,-1.1254,-1.1021,-1.1042,-1.132,-1.1853,-1.2637,-1.3662,-1.4916,-1.6382,-1.804,-1.9863,-2.1826,-2.3897,-2.6042,-2.8225,-3.0407,-3.2548,-3.4607,-3.6543,-3.8313,-3.9878,-4.1197,-4.2234,-4.2952,-4.3322,-4.3314,-4.2906,-4.2079,-4.0819,-3.9117,-3.6973,-3.439,-3.1376,-2.7949,-2.4128,-1.994,-1.5417,-1.0594,-0.55111,-0.021145,0.52598,1.0855,1.6528,2.2228,2.7908,3.3523,3.9027,4.438,4.9541,5.4477,5.9155,6.3549,6.7635,7.1393,7.4809,7.7872,8.0572,8.2906,8.487
8.9055,8.92,8.8993,8.8439,8.7543,8.631,8.4745,8.285,8.0632,7.8096,7.5247,7.2092,6.8639,6.4898,6.0882,5.6604,5.2082,4.7336,4.2388,3.7264,3.1993,2.6605,2.1136,1.562,1.0095,0.4601,-0.082358,-0.61387,-1.1305,-1.6285,-2.1041,-2.5539,-2.9747,-3.3638,-3.7186,-4.037,-4.3174,-4.5585,-4.7595,-4.9201,-5.0403,-5.1208,-5.1624,-5.1665,-5.1347,-5.0691,-4.9719,-4.8459,-4.6936,-4.5183,-4.3229,-4.1108,-3.8854,-3.65,-3.4081,-3.1631,-2.9184,-2.6773,-2.443,-2.2186,-2.0071,-1.8111,-1.6333,-1.4758,-1.3408,-1.23,-1.1449,-1.0865,-1.0558,-1.053,-1.0784,-1.1317,-1.2122,-1.3189,-1.4505,-1.6053,-1.7814,-1.9765,-2.188,-2.4132,-2.649,-2.8924,-3.1399,-3.3883,-3.6341,-3.8737,-4.1037,-4.3207,-4.5213,-4.7023,-4.8606,-4.9933,-5.0975,-5.171,-5.2113,-5.2165,-5.1849,-5.1153,-5.0064,-4.8578,-4.669,-4.44,-4.1714,-3.864,-3.5189,-3.1377,-2.7224,-2.2754,-1.7993,-1.2971,-0.7722,-0.22804,0.33152,0.90251,1.4808,2.0622,2.6424,3.2172,3.7824,4.3339,4.8678,5.3803,5.8679,6.3275,6.7561,7.151,7.5101,7.8313,8.1131,8.3542
8.8983,8.9284,8.9167,8.8638,8.7708,8.6386,8.4685,8.2618,8.0202,7.7453,7.4388,7.1028,6.7392,6.3503,5.9384,5.506,5.0557,4.5901,4.1122,3.6249,3.1312,2.6341,2.1368,1.6426,1.1544,0.67532,0.20841,-0.24353,-0.67781,-1.0919,-1.4837,-1.851,-2.1922,-2.5059,-2.791,-3.0466,-3.2723,-3.4679,-3.6335,-3.7696,-3.8768,-3.956,-4.0082,-4.0348,-4.0372,-4.0169,-3.9756,-3.9149,-3.8367,-3.7427,-3.6347,-3.5148,-3.3846,-3.2461,-3.1012,-2.9517,-2.7996,-2.6468,-2.4953,-2.3469,-2.2036,-2.0673,-1.94,-1.8235,-1.7197,-1.6302,-1.5567,-1.5006,-1.4634,-1.4462,-1.4498,-1.4749,-1.5218,-1.5908,-1.6815,-1.7933,-1.9254,-2.0765,-2.2452,-2.4294,-2.627,-2.8357,-3.0527,-3.2751,-3.4998,-3.7237,-3.9435,-4.1558,-4.3572,-4.5445,-4.7145,-4.8638,-4.9897,-5.0893,-5.1601,-5.1997,-5.206,-5.1774,-5.1124,-5.01,-4.8693,-4.6901,-4.4724,-4.2165,-3.9233,-3.5939,-3.2299,-2.8331,-2.4058,-1.9505,-1.4702,-0.96802,-0.4473,0.088358,0.63523,1.1895,1.7472,2.3044,2.8573,3.4021,3.935,4.4527,4.9518,5.4293,5.8824,6.3086,6.7058,7.072,7.4057,7.7055
8.7981,8.8077,8.7811,8.7185,8.6203,8.4869,8.3187,8.1164,7.8806,7.6119,7.3113,6.9798,6.6186,6.2291,5.813,5.3721,4.9086,4.425,3.9238,3.408,2.8809,2.3457,1.8059,1.2654,0.7277,0.19671,-0.32386,-0.83036,-1.3193,-1.7873,-2.2313,-2.6485,-3.0365,-3.3932,-3.7168,-4.0059,-4.2598,-4.4777,-4.6595,-4.8054,-4.916,-4.992,-5.0345,-5.0449,-5.0248,-4.9758,-4.8999,-4.7991,-4.6754,-4.531,-4.3682,-4.1894,-3.9967,-3.7928,-3.5799,-3.3605,-3.1373,-2.9126,-2.6892,-2.4696,-2.2563,-2.0521,-1.8595,-1.681,-1.519,-1.3759,-1.2539,-1.1549,-1.0807,-1.0327,-1.0121,-1.0198,-1.0562,-1.1214,-1.2149,-1.336,-1.4835,-1.6556,-1.8502,-2.065,-2.2969,-2.5428,-2.7993,-3.0625,-3.3287,-3.5936,-3.8532,-4.1034,-4.3401,-4.5592,-4.757,-4.9298,-5.0743,-5.1874,-5.2663,-5.3089,-5.313,-5.2772,-5.2003,-5.0817,-4.9212,-4.7191,-4.4758,-4.1927,-3.8711,-3.5129,-3.1204,-2.6961,-2.2429,-1.7639,-1.2626,-0.74232,-0.20691,0.3399,0.89425,1.4523,2.0102,2.5643,3.1109,3.6466,4.168,4.6722,5.1563,5.6176,6.0541,6.4635,6.8443,7.1949,7.5141,7.8009
8.8616,8.8758,8.8558,8.8017,8.7135,8.5916,8.4361,8.2472,8.0253,7.7708,7.4841,7.166,6.8174,6.4391,6.0327,5.5995,5.1414,4.6604,4.1591,3.6399,3.1058,2.5601,2.0061,1.4473,0.88745,0.33041,-0.22001,-0.75997,-1.2857,-1.7936,-2.2802,-2.7422,-3.1768,-3.5811,-3.9531,-4.2906,-4.5922,-4.8567,-5.0834,-5.2718,-5.4221,-5.5345,-5.6098,-5.6491,-5.6536,-5.625,-5.5649,-5.4755,-5.3588,-5.2173,-5.0532,-4.8692,-4.6677,-4.4516,-4.2233,-3.9858,-3.7418,-3.4939,-3.2449,-2.9977,-2.7549,-2.5192,-2.2932,-2.0794,-1.8804,-1.6984,-1.5356,-1.394,-1.2754,-1.1814,-1.1133,-1.0721,-1.0584,-1.0728,-1.1151,-1.185,-1.2818,-1.4044,-1.5512,-1.7204,-1.9097,-2.1166,-2.3381,-2.5712,-2.8124,-3.0581,-3.3046,-3.548,-3.7844,-4.0099,-4.2208,-4.4131,-4.5835,-4.7284,-4.8448,-4.9299,-4.9811,-4.9963,-4.9737,-4.9121,-4.8105,-4.6684,-4.4858,-4.263,-4.001,-3.701,-3.3645,-2.9935,-2.5905,-2.1579,-1.6988,-1.2161,-0.71325,-0.19355,0.33948,0.8823,1.4314,1.9832,2.5344,3.0815,3.6216,4.1515,4.6684,5.1697,5.6529,6.1157,6.556,6.972,7.3618,7.7237
9.5,9.5098,9.478,9.4035,9.2856,9.1236,8.9171,8.666,8.3705,8.031,7.6484,7.2241,6.7598,6.2579,5.7209,5.1523,4.5555,3.9349,3.2948,2.6402,1.9763,1.3084,0.64221,-0.016765,-0.6629,-1.2907,-1.8949,-2.4705,-3.0128,-3.5176,-3.9813,-4.4006,-4.7731,-5.0966,-5.3701,-5.5927,-5.7645,-5.886,-5.9584,-5.9834,-5.9633,-5.9007,-5.7986,-5.6604,-5.4897,-5.2905,-5.0667,-4.8224,-4.5617,-4.2889,-4.0079,-3.7228,-3.4375,-3.1557,-2.881,-2.6167,-2.3661,-2.1321,-1.9174,-1.7243,-1.5552,-1.4118,-1.2957,-1.2083,-1.1504,-1.1228,-1.1255,-1.1587,-1.2218,-1.314,-1.434,-1.5803,-1.751,-1.9438,-2.1559,-2.3843,-2.6259,-2.877,-3.1338,-3.3924,-3.6485,-3.8981,-4.1368,-4.3605,-4.5648,-4.7459,-4.8998,-5.0231,-5.1123,-5.1647,-5.1776,-5.149,-5.0774,-4.9615,-4.8009,-4.5955,-4.3458,-4.0529,-3.7183,-3.344,-2.9326,-2.487,-2.0106,-1.5069,-0.97993,-0.43383,0.12711,0.69851,1.2759,1.855,2.4315,3.0012,3.5602,4.1048,4.6317,5.1377,5.62,6.0763,6.5044,6.9027,7.2698,7.6045,7.9062,8.1742,8.4082,8.6082,8.7741,8.9061,9.0044,9.0693
9.0693,9.101,9.0999,9.0662,9.0002,8.9022,8.7723,8.6107,8.4178,8.1938,7.939,7.6539,7.3391,6.9954,6.6237,6.2252,5.8012,5.3536,4.8842,4.3952,3.8893,3.369,2.8375,2.298,1.7538,1.2086,0.66576,0.12914,-0.39766,-0.91103,-1.4075,-1.8837,-2.3365,-2.7631,-3.1608,-3.5273,-3.8607,-4.1594,-4.4221,-4.648,-4.8364,-4.9874,-5.101,-5.1778,-5.2186,-5.2247,-5.1973,-5.1382,-5.0493,-4.9326,-4.7905,-4.6255,-4.44,-4.237,-4.0192,-3.7896,-3.5512,-3.3071,-3.0604,-2.8142,-2.5718,-2.3361,-2.1102,-1.897,-1.6995,-1.5201,-1.3615,-1.2258,-1.1151,-1.031,-0.97486,-0.94772,-0.95016,-0.9824,-1.0442,-1.135,-1.2536,-1.3986,-1.5679,-1.7594,-1.9703,-2.1975,-2.4377,-2.6873,-2.9425,-3.1994,-3.4538,-3.7018,-3.9391,-4.1618,-4.366,-4.548,-4.7044,-4.8318,-4.9276,-4.9892,-5.0143,-5.0014,-4.9492,-4.8567,-4.7236,-4.55,-4.3362,-4.0833,-3.7925,-3.4656,-3.1046,-2.712,-2.2904,-1.8428,-1.3724,-0.88247,-0.37661,0.14164,0.66865,1.2008,1.7345,2.2662,2.7925,3.3102,3.8162,4.3075,4.7816,5.236,5.6686,6.0772,6.4603,6.8164,7.1441,7.4425
8.6948,8.7041,8.6801,8.6227,8.5319,8.4077,8.2502,8.0596,7.8362,7.5805,7.293,6.9745,6.626,6.2489,5.8444,5.4145,4.9611,4.4865,3.9934,3.4844,2.9626,2.4314,1.8941,1.3543,0.81559,0.28175,-0.24354,-0.75663,-1.254,-1.7322,-2.188,-2.6184,-3.0208,-3.3928,-3.7321,-4.0371,-4.3064,-4.5389,-4.7341,-4.8916,-5.0114,-5.0941,-5.1402,-5.151,-5.1277,-5.0719,-4.9855,-4.8707,-4.7297,-4.5651,-4.3795,-4.1758,-3.9569,-3.7258,-3.4857,-3.2399,-2.9915,-2.7438,-2.5,-2.2635,-2.0373,-1.8245,-1.628,-1.4506,-1.2949,-1.163,-1.0572,-0.97916,-0.93024,-0.91149,-0.92356,-0.96666,-1.0406,-1.1446,-1.2776,-1.4381,-1.6239,-1.8327,-2.0615,-2.307,-2.5657,-2.8337,-3.1067,-3.3804,-3.6502,-3.9116,-4.1599,-4.3906,-4.5991,-4.7812,-4.9329,-5.0505,-5.1305,-5.1701,-5.1668,-5.1186,-5.0243,-4.8829,-4.6942,-4.4586,-4.1771,-3.8511,-3.483,-3.0752,-2.6309,-2.1538,-1.6477,-1.1169,-0.5661,0.00010694,0.57688,1.1594,1.7427,2.3223,2.8936,3.4524,3.9947,4.517,5.0159,5.4888,5.9332,6.3473,6.7294,7.0784,7.3936,7.6745,7.9211,8.1334,8.3118,8.4566
8.6954,8.7116,8.697,8.6519,8.5766,8.4714,8.3363,8.1714,7.9768,7.7525,7.4986,7.2154,6.9033,6.5627,6.1946,5.8001,5.3806,4.9379,4.4741,3.9919,3.4939,2.9836,2.4643,1.9398,1.4141,0.8912,0.37537,-0.12929,-0.61869,-1.0889,-1.5363,-1.9575,-2.3494,-2.7094,-3.0354,-3.3255,-3.5787,-3.7943,-3.972,-4.1121,-4.2153,-4.2829,-4.3162,-4.3173,-4.2881,-4.2312,-4.149,-4.0441,-3.9194,-3.7776,-3.6216,-3.454,-3.2776,-3.0951,-2.909,-2.7217,-2.5357,-2.3533,-2.1765,-2.0076,-1.8484,-1.701,-1.5671,-1.4485,-1.3467,-1.2632,-1.1994,-1.1564,-1.1352,-1.1366,-1.1611,-1.209,-1.2801,-1.3743,-1.4908,-1.6285,-1.786,-1.9616,-2.1532,-2.3581,-2.5737,-2.7968,-3.0239,-3.2515,-3.4758,-3.6927,-3.8985,-4.0889,-4.2602,-4.4086,-4.5304,-4.6223,-4.6812,-4.7047,-4.6903,-4.6363,-4.5415,-4.4049,-4.2265,-4.0063,-3.7453,-3.4446,-3.106,-2.7319,-2.3247,-1.8875,-1.4236,-0.93658,-0.43019,0.091628,0.62488,1.1655,1.7096,2.253,2.7922,3.3232,3.8429,4.3478,4.835,5.3018,5.7456,6.1644,6.556,6.9188,7.2513,7.5522,7.8203,8.0548,8.2548,8.4195
8.6974,8.7164,8.6983,8.6427,8.5497,8.4193,8.2517,8.0473,7.8067,7.5306,7.2201,6.8764,6.5011,6.096,5.6634,5.2056,4.7254,4.2259,3.7103,3.1822,2.6453,2.1035,1.5607,1.021,0.48828,-0.03345,-0.5404,-1.029,-1.4957,-1.9377,-2.3519,-2.7361,-3.0882,-3.4066,-3.6901,-3.9378,-4.1494,-4.3249,-4.4647,-4.5694,-4.6402,-4.6784,-4.6855,-4.6633,-4.6138,-4.5391,-4.4413,-4.3229,-4.1862,-4.0336,-3.8674,-3.6902,-3.5044,-3.3125,-3.1167,-2.9196,-2.7236,-2.5309,-2.3439,-2.1648,-1.996,-1.8396,-1.6976,-1.572,-1.4646,-1.3772,-1.3112,-1.268,-1.2486,-1.2538,-1.284,-1.3395,-1.42,-1.5249,-1.6534,-1.804,-1.9752,-2.1648,-2.3703,-2.589,-2.8177,-3.053,-3.2914,-3.5289,-3.7616,-3.9855,-4.1965,-4.3904,-4.5634,-4.7116,-4.8315,-4.9197,-4.9733,-4.9895,-4.9663,-4.9017,-4.7944,-4.6438,-4.4494,-4.2115,-3.9308,-3.6085,-3.2463,-2.8463,-2.4113,-1.9441,-1.448,-0.92677,-0.38421,0.17557,0.74832,1.3297,1.9153,2.5006,3.0814,3.6532,4.212,4.7536,5.2742,5.77,6.2377,6.674,7.0759,7.4407,7.766,8.0495,8.2894,8.4839,8.6318,8.7319
8.7835,8.7861,8.7396,8.644,8.5,8.3082,8.0699,7.7866,7.4603,7.093,6.6876,6.2468,5.7741,5.273,4.7474,4.2015,3.6398,3.0667,2.487,1.9054,1.3267,0.75557,0.19659,-0.3458,-0.86742,-1.3644,-1.8332,-2.2706,-2.6739,-3.0409,-3.3696,-3.6589,-3.9077,-4.1159,-4.2833,-4.4107,-4.499,-4.5495,-4.5638,-4.5441,-4.4926,-4.4117,-4.3043,-4.1732,-4.0214,-3.8519,-3.668,-3.4729,-3.2697,-3.0617,-2.8521,-2.644,-2.4406,-2.2448,-2.0595,-1.8875,-1.7314,-1.5938,-1.4768,-1.3826,-1.3128,-1.2691,-1.2525,-1.2639,-1.3037,-1.3722,-1.4688,-1.593,-1.7435,-1.9188,-2.1168,-2.3352,-2.5713,-2.8219,-3.0836,-3.3529,-3.6258,-3.8985,-4.1667,-4.4264,-4.6736,-4.9041,-5.1142,-5.3002,-5.4586,-5.5864,-5.6808,-5.7393,-5.76,-5.7412,-5.6817,-5.5808,-5.4381,-5.2539,-5.0286,-4.7632,-4.4589,-4.1176,-3.7413,-3.3322,-2.8931,-2.4267,-1.9362,-1.4247,-0.89561,-0.35238,0.2015,0.76251,1.3272,1.892,2.4536,3.0088,3.5544,4.0874,4.605,5.1045,5.5835,6.0396,6.4708,6.8751,7.2507,7.596,7.9095,8.19,8.4362,8.6469,8.8212,8.9581,9.0569,9.1168
9.1168,9.1372,9.1175,9.0574,8.9567,8.8153,8.6333,8.4111,8.1494,7.849,7.5111,7.1373,6.7294,6.2897,5.8208,5.3254,4.807,4.269,3.7152,3.1497,2.5767,2.0006,1.4257,0.85647,0.29727,-0.24768,-0.77434,-1.2789,-1.7579,-2.2082,-2.6269,-3.0118,-3.361,-3.6728,-3.9463,-4.1809,-4.3764,-4.5331,-4.6515,-4.7326,-4.7777,-4.7883,-4.7663,-4.7136,-4.6324,-4.5251,-4.3941,-4.242,-4.0716,-3.8855,-3.6865,-3.4775,-3.2614,-3.0411,-2.8195,-2.5997,-2.3846,-2.177,-1.9799,-1.7961,-1.6283,-1.4789,-1.3505,-1.2452,-1.1649,-1.1111,-1.0852,-1.088,-1.12,-1.1812,-1.2711,-1.389,-1.5333,-1.7022,-1.8933,-2.1039,-2.3309,-2.5707,-2.8194,-3.0731,-3.3274,-3.5781,-3.8208,-4.0512,-4.265,-4.4583,-4.6272,-4.7685,-4.8789,-4.956,-4.9974,-5.0014,-4.9669,-4.8932,-4.78,-4.6275,-4.4366,-4.2084,-3.9445,-3.6468,-3.3175,-2.9592,-2.5745,-2.1664,-1.7378,-1.2918,-0.83151,-0.35995,0.11982,0.60489,1.0924,1.5797,2.0641,2.5433,3.015,3.477,3.9273,4.364,4.7854,5.1897,5.5754,5.9409,6.2847,6.6053,6.9012,7.171,7.4133,7.6266,7.8094,7.9604
8.2086,8.2189,8.1911,8.1245,8.0183,7.8722,7.6859,7.4597,7.194,6.8896,6.5479,6.1704,5.7592,5.3166,4.8455,4.3491,3.8309,3.2948,2.7449,2.1856,1.6214,1.057,0.49716,-0.053484,-0.59025,-1.1086,-1.6043,-2.0733,-2.5119,-2.9166,-3.2846,-3.6135,-3.9012,-4.1462,-4.3477,-4.5053,-4.6191,-4.6897,-4.7185,-4.7071,-4.6576,-4.5728,-4.4555,-4.3092,-4.1375,-3.9443,-3.7337,-3.51,-3.2775,-3.0406,-2.8036,-2.5708,-2.3463,-2.134,-1.9376,-1.7604,-1.6056,-1.4758,-1.3733,-1.2998,-1.2568,-1.2451,-1.2651,-1.3167,-1.3993,-1.5118,-1.6525,-1.8196,-2.0105,-2.2225,-2.4524,-2.6966,-2.9516,-3.2133,-3.4778,-3.7408,-3.9983,-4.2459,-4.4797,-4.6957,-4.89,-5.0591,-5.1997,-5.3088,-5.3836,-5.4219,-5.4217,-5.3815,-5.3001,-5.1767,-5.0112,-4.8036,-4.5544,-4.2647,-3.9357,-3.5691,-3.1669,-2.7316,-2.2658,-1.7724,-1.2546,-0.71575,-0.1594,0.41078,0.99103,1.5775,2.1664,2.7538,3.3358,3.9088,4.469,5.0128,5.5369,6.0378,6.5125,6.9581,7.3717,7.7508,8.0931,8.3963,8.6586,8.8784,9.0541,9.1845,9.2687,9.306,9.296,9.2386,9.1339,8.9825
9.2687,9.306,9.296,9.2386,9.1339,8.9825,8.785,8.5427,8.257,7.9298,7.5631,7.1594,6.7216,6.2528,5.7564,5.2361,4.6958,4.1396,3.5717,2.9966,2.4187,1.8422,1.2716,0.71111,0.16473,-0.36368,-0.87058,-1.3527,-1.8072,-2.2314,-2.6233,-2.9812,-3.3036,-3.5896,-3.8388,-4.051,-4.2263,-4.3653,-4.4689,-4.5381,-4.5744,-4.5793,-4.5546,-4.5022,-4.4243,-4.3231,-4.2008,-4.0599,-3.9031,-3.7327,-3.5517,-3.3626,-3.1683,-2.9717,-2.7757,-2.5832,-2.3971,-2.2203,-2.0557,-1.9059,-1.7736,-1.6613,-1.5712,-1.5053,-1.4652,-1.4523,-1.4676,-1.5115,-1.5841,-1.6851,-1.8135,-1.9679,-2.1465,-2.3469,-2.5662,-2.8013,-3.0485,-3.3039,-3.5633,-3.8222,-4.0762,-4.3206,-4.5508,-4.7622,-4.9507,-5.1119,-5.2421,-5.3377,-5.3958,-5.4136,-5.389,-5.3204,-5.2067,-5.0472,-4.8421,-4.5918,-4.2974,-3.9605,-3.5831,-3.1678,-2.7175,-2.2353,-1.725,-1.1904,-0.63538,-0.064277,0.51867,1.1091,1.7028,2.2955,2.8831,3.4616,4.0273,4.5767,5.1065,5.6137,6.0957,6.55,6.9747,7.3679,7.728,8.054,8.3448,8.5996,8.8179,8.9993,9.1435,9.2504,9.32,9.3523
9.32,9.3523,9.3474,9.3054,9.2267,9.1115,8.96,8.7728,8.5503,8.2931,8.002,7.6779,7.322,6.9356,6.5202,6.0777,5.6102,5.12,4.6098,4.0825,3.5412,2.9894,2.4306,1.8686,1.3072,0.75046,0.20221,-0.33358,-0.85307,-1.3526,-1.8286,-2.2779,-2.6975,-3.0847,-3.4373,-3.7533,-4.0313,-4.2701,-4.4691,-4.628,-4.7471,-4.8268,-4.8681,-4.8723,-4.8412,-4.7767,-4.6811,-4.5569,-4.4069,-4.2341,-4.0418,-3.8332,-3.6117,-3.381,-3.1446,-2.9062,-2.6692,-2.4374,-2.2142,-2.003,-1.807,-1.6292,-1.4724,-1.3393,-1.2319,-1.1523,-1.1019,-1.0819,-1.0929,-1.1353,-1.2089,-1.313,-1.4465,-1.6078,-1.7949,-2.0054,-2.2364,-2.4846,-2.7466,-3.0186,-3.2964,-3.5758,-3.8525,-4.122,-4.3798,-4.6217,-4.8432,-5.0403,-5.209,-5.3457,-5.4472,-5.5103,-5.5326,-5.512,-5.4468,-5.3358,-5.1785,-4.9746,-4.7246,-4.4293,-4.0902,-3.7093,-3.2887,-2.8315,-2.3408,-1.8201,-1.2733,-0.70469,-0.11846,0.48086,1.0887,1.7005,2.3116,2.9176,3.5141,4.097,4.6624,5.2067,5.7264,6.2186,6.6805,7.1097,7.5042,7.8623,8.1825,8.4637,8.7049,8.9054,9.0648,9.1828
9.2591,9.2936,9.2865,9.2379,9.1478,9.0168,8.845,8.6331,8.3816,8.0913,7.7631,7.3981,6.9978,6.5638,6.0979,5.6026,5.0803,4.534,3.967,3.3827,2.7852,2.1787,1.5674,0.95617,0.34961,-0.24741,-0.83006,-1.3936,-1.9334,-2.445,-2.9244,-3.3678,-3.772,-4.1339,-4.4515,-4.7228,-4.9468,-5.1228,-5.2511,-5.3322,-5.3675,-5.3587,-5.3083,-5.219,-5.0941,-4.9374,-4.7528,-4.5444,-4.3168,-4.0744,-3.8219,-3.5637,-3.3045,-3.0485,-2.8,-2.5629,-2.341,-2.1375,-1.9555,-1.7977,-1.6661,-1.5628,-1.4889,-1.4453,-1.4327,-1.4508,-1.4992,-1.5771,-1.6831,-1.8154,-1.9719,-2.15,-2.3469,-2.5595,-2.7842,-3.0175,-3.2555,-3.4942,-3.7295,-3.9573,-4.1735,-4.3739,-4.5547,-4.7119,-4.8421,-4.9417,-5.0078,-5.0377,-5.029,-4.9798,-4.8886,-4.7544,-4.5767,-4.3555,-4.0913,-3.785,-3.4382,-3.0528,-2.6313,-2.1765,-1.6916,-1.1802,-0.64627,-0.093785,0.47292,1.0494,1.6313,2.214,2.7933,3.3647,3.9241,4.4677,4.9919,5.4932,5.9686,6.4155,6.8315,7.2147,7.5633,7.8762,8.1523,8.3909,8.5917,8.7545,8.8793,8.9663,9.0159,9.0285,9.0048,8.9453
9.0159,9.0285,9.0048,8.9453,8.8507,8.7218,8.5593,8.3642,8.1372,7.8792,7.5914,7.2748,6.9306,6.5602,6.165,5.7469,5.3075,4.849,4.3736,3.8838,3.3821,2.8714,2.3546,1.8349,1.3153,0.79934,0.29015,-0.20892,-0.69458,-1.1637,-1.6131,-2.04,-2.4416,-2.8156,-3.1595,-3.4716,-3.7502,-3.994,-4.202,-4.3736,-4.5085,-4.6068,-4.6688,-4.6955,-4.6878,-4.6471,-4.5753,-4.4743,-4.3465,-4.1944,-4.0208,-3.8289,-3.6218,-3.4031,-3.1761,-2.9447,-2.7125,-2.4833,-2.2607,-2.0486,-1.8504,-1.6695,-1.5091,-1.3721,-1.2611,-1.1784,-1.1257,-1.1045,-1.1158,-1.1598,-1.2366,-1.3454,-1.4852,-1.6541,-1.8501,-2.0705,-2.312,-2.5712,-2.8442,-3.1269,-3.4147,-3.7032,-3.9876,-4.2633,-4.5256,-4.7699,-4.992,-5.1877,-5.3532,-5.4851,-5.5804,-5.6363,-5.6509,-5.6225,-5.5498,-5.4324,-5.2701,-5.0633,-4.8128,-4.52,-4.1865,-3.8147,-3.4069,-2.9661,-2.4953,-1.9978,-1.4773,-0.93739,-0.38185,0.18544,0.76059,1.3397,1.919,2.4947,3.0631,3.6207,4.164,4.6898,5.195,5.6766,6.1319,6.5583,6.9535,7.3152,7.6414,7.9303,8.1803,8.39,8.558,8.6835
8.7655,8.8035,8.7971,8.7461,8.6507,8.5111,8.3281,8.1024,7.8353,7.5283,7.183,6.8014,6.386,5.9393,5.4641,4.9637,4.4412,3.9003,3.3448,2.7784,2.2052,1.6293,1.0548,0.48581,-0.073652,-0.61959,-1.1481,-1.6556,-2.1386,-2.5937,-3.0182,-3.4092,-3.7644,-4.0819,-4.3601,-4.5977,-4.7939,-4.9482,-5.0607,-5.1317,-5.162,-5.1528,-5.1058,-5.0229,-4.9064,-4.7591,-4.5839,-4.3841,-4.1634,-3.9254,-3.6742,-3.4139,-3.1488,-2.883,-2.6208,-2.3665,-2.1241,-1.8975,-1.6905,-1.5064,-1.3483,-1.2188,-1.1202,-1.0542,-1.0221,-1.0247,-1.062,-1.1338,-1.239,-1.3763,-1.5435,-1.7381,-1.9573,-2.1975,-2.4551,-2.7258,-3.0054,-3.2894,-3.5731,-3.8519,-4.1209,-4.3757,-4.6117,-4.8248,-5.0109,-5.1664,-5.2879,-5.3725,-5.4178,-5.4218,-5.3828,-5.2998,-5.1724,-5.0003,-4.7842,-4.5248,-4.2237,-3.8825,-3.5037,-3.0897,-2.6437,-2.1687,-1.6684,-1.1466,-0.60698,-0.05368,0.50927,1.0778,1.6479,2.2157,2.7773,3.3292,3.868,4.3905,4.8938,5.3755,5.833,6.2645,6.6683,7.0428,7.387,7.6998,7.9806,8.2287,8.4437,8.6252,8.7731,8.8871,8.9669,9.0124
9.0124,9.0232,8.9992,8.94,8.8454,8.715,8.5485,8.3457,8.1066,7.8311,7.5196,7.1723,6.7902,6.3743,5.926,5.4472,4.9401,4.4073,3.852,3.2776,2.6881,2.0877,1.4809,0.8725,0.2675,-0.32904,-0.91203,-1.4764,-2.0173,-2.53,-3.0101,-3.4537,-3.8572,-4.2176,-4.5323,-4.7996,-5.0182,-5.1874,-5.3073,-5.3786,-5.4026,-5.3811,-5.3166,-5.212,-5.0706,-4.8964,-4.6933,-4.4658,-4.2183,-3.9556,-3.6825,-3.4037,-3.1238,-2.8475,-2.5791,-2.3228,-2.0824,-1.8616,-1.6635,-1.491,-1.3464,-1.2317,-1.1484,-1.0976,-1.0798,-1.0951,-1.1431,-1.2229,-1.3332,-1.4722,-1.6379,-1.8275,-2.0383,-2.2669,-2.5099,-2.7636,-3.024,-3.287,-3.5486,-3.8046,-4.0508,-4.2831,-4.4977,-4.6907,-4.8586,-4.9981,-5.1062,-5.1803,-5.2181,-5.2178,-5.1778,-5.0972,-4.9754,-4.8122,-4.6079,-4.3632,-4.0792,-3.7575,-3.3999,-3.0087,-2.5863,-2.1356,-1.6597,-1.1618,-0.64517,-0.11346,0.42979,0.98094,1.5364,2.0925,2.6457,3.1927,3.73,4.2546,4.7633,5.2533,5.7219,6.1665,6.5848,6.9747,7.3341,7.6611,7.9542,8.2118,8.4325,8.6151,8.7585,8.8617,8.9241,8.9449
8.9241,8.9449,8.9238,8.8604,8.7546,8.6066,8.4168,8.1857,7.9142,7.6035,7.255,6.8706,6.4523,6.0024,5.5238,5.0194,4.4926,3.9469,3.3862,2.8144,2.2358,1.6545,1.0749,0.50148,-0.061617,-0.61014,-1.14,-1.6475,-2.129,-2.5811,-3.0011,-3.3862,-3.7345,-4.044,-4.3137,-4.5425,-4.7301,-4.8765,-4.9822,-5.048,-5.0752,-5.0654,-5.0205,-4.9429,-4.8349,-4.6995,-4.5394,-4.358,-4.1583,-3.944,-3.7182,-3.4847,-3.2469,-3.0082,-2.7721,-2.5421,-2.3213,-2.1128,-1.9196,-1.7444,-1.5898,-1.458,-1.351,-1.2703,-1.2174,-1.1931,-1.198,-1.2323,-1.2955,-1.3872,-1.506,-1.6504,-1.8184,-2.0076,-2.2151,-2.4378,-2.6722,-2.9144,-3.1605,-3.4061,-3.647,-3.8786,-4.0964,-4.2961,-4.4733,-4.6239,-4.7441,-4.8303,-4.8792,-4.8882,-4.8548,-4.7773,-4.6545,-4.4855,-4.2703,-4.0093,-3.7036,-3.3548,-2.9649,-2.5367,-2.0732,-1.578,-1.055,-0.50835,0.057428,0.6377,1.2277,1.8227,2.4177,3.0082,3.5894,4.1569,4.7066,5.2344,5.7367,6.2102,6.6517,7.0586,7.4286,7.7597,8.05,8.2983,8.5035,8.6647,8.7816,8.8537,8.881,8.8638,8.8025,8.6975
8.8537,8.881,8.8638,8.8025,8.6975,8.5498,8.3604,8.1303,7.861,7.5541,7.2114,6.8348,6.4266,5.9892,5.5253,5.0377,4.5295,4.0039,3.4643,2.9143,2.3576,1.7979,1.2391,0.68487,0.13908,-0.39459,-0.91257,-1.4115,-1.8881,-2.3395,-2.7631,-3.1564,-3.5175,-3.8446,-4.1365,-4.3923,-4.6113,-4.7933,-4.9385,-5.0473,-5.1205,-5.1591,-5.1644,-5.1379,-5.0815,-4.9971,-4.8868,-4.7528,-4.5975,-4.4234,-4.233,-4.029,-3.814,-3.5909,-3.3623,-3.1311,-2.9001,-2.672,-2.4496,-2.2357,-2.0329,-1.8438,-1.6709,-1.5164,-1.3826,-1.2712,-1.1841,-1.1227,-1.088,-1.0808,-1.1016,-1.1504,-1.2268,-1.33,-1.459,-1.612,-1.787,-1.9816,-2.1931,-2.4184,-2.6539,-2.8961,-3.141,-3.3845,-3.6227,-3.8511,-4.0657,-4.2624,-4.4373,-4.5865,-4.7066,-4.7945,-4.8472,-4.8625,-4.8383,-4.7731,-4.666,-4.5163,-4.3242,-4.0902,-3.8153,-3.5009,-3.1492,-2.7625,-2.3436,-1.8957,-1.4222,-0.92693,-0.41377,0.11324,0.64994,1.1922,1.7358,2.2768,2.8113,3.3355,3.8459,4.3393,4.8128,5.2637,5.6896,6.0885,6.4588,6.7989,7.108,7.3849,7.6292,7.8405,8.0185,8.1631
8.3971,8.409,8.3882,8.3348,8.2491,8.1312,7.9814,7.7999,7.587,7.343,7.0686,6.7642,6.4307,6.0692,5.6808,5.2672,4.83,4.3715,3.8941,3.4004,2.8934,2.3766,1.8533,1.3273,0.80259,0.28303,-0.22729,-0.72437,-1.2042,-1.6631,-2.0974,-2.5038,-2.8792,-3.2211,-3.5271,-3.7956,-4.0252,-4.2151,-4.3649,-4.4749,-4.5455,-4.578,-4.5738,-4.5349,-4.4636,-4.3623,-4.2341,-4.0819,-3.9092,-3.7192,-3.5155,-3.3016,-3.081,-2.8573,-2.634,-2.4142,-2.2012,-1.9981,-1.8076,-1.6325,-1.475,-1.3375,-1.2216,-1.1291,-1.0611,-1.0188,-1.0027,-1.0132,-1.0503,-1.1135,-1.2022,-1.3152,-1.4511,-1.6082,-1.7844,-1.9771,-2.1837,-2.4012,-2.6264,-2.8557,-3.0856,-3.3124,-3.5322,-3.7412,-3.9356,-4.1115,-4.2655,-4.394,-4.4939,-4.5622,-4.5964,-4.5942,-4.5539,-4.474,-4.3538,-4.1927,-3.9909,-3.749,-3.468,-3.1494,-2.7953,-2.408,-1.9904,-1.5456,-1.077,-0.58839,-0.083526,0.43359,0.95892,1.4884,2.018,2.544,3.0624,3.5699,4.063,4.5389,4.9946,5.4279,5.8365,6.2186,6.5727,6.8974,7.1919,7.4553,7.687,7.8867,8.0539,8.1885,8.2904,8.3595
8.3956,8.3989,8.3691,8.3063,8.2103,8.0813,7.9191,7.7239,7.4958,7.2353,6.9428,6.619,6.265,5.8819,5.4713,5.0351,4.5755,4.095,3.5965,3.0833,2.5587,2.0266,1.491,0.95589,0.42557,-0.095707,-0.60371,-1.0943,-1.5635,-2.0076,-2.4232,-2.8071,-3.1566,-3.4696,-3.7442,-3.9793,-4.1739,-4.328,-4.4417,-4.5158,-4.5516,-4.5507,-4.5151,-4.4472,-4.3498,-4.2259,-4.0786,-3.9112,-3.7271,-3.53,-3.3232,-3.1102,-2.8945,-2.6794,-2.4681,-2.2636,-2.0688,-1.8863,-1.7186,-1.568,-1.4363,-1.3254,-1.2367,-1.1715,-1.1306,-1.1147,-1.1242,-1.159,-1.219,-1.3034,-1.4115,-1.5419,-1.6932,-1.8633,-2.0501,-2.2511,-2.4634,-2.684,-2.9095,-3.1364,-3.361,-3.5793,-3.7874,-3.9812,-4.1569,-4.3103,-4.4378,-4.5357,-4.6006,-4.6296,-4.62,-4.5695,-4.4764,-4.3395,-4.158,-3.9319,-3.6616,-3.3482,-2.9934,-2.5993,-2.1689,-1.7052,-1.212,-0.69328,-0.15353,0.40269,0.97061,1.5454,2.1222,2.6962,3.2628,3.8177,4.3566,4.876,5.3722,5.8424,6.2838,6.6944,7.0723,7.4161,7.7249,7.998,8.2348,8.4353,8.5995,8.7275,8.8196,8.8762,8.8974,8.8837
8.8762,8.8974,8.8837,8.8354,8.7526,8.6358,8.4849,8.3003,8.0821,7.8306,7.5462,7.2294,6.8809,6.5016,6.0927,5.6558,5.1927,4.7055,4.1969,3.6697,3.1272,2.5731,2.0112,1.4456,0.88067,0.3208,-0.22949,-0.76574,-1.2836,-1.7787,-2.2473,-2.6856,-3.0903,-3.4585,-3.7878,-4.0764,-4.3227,-4.5259,-4.6858,-4.8025,-4.8768,-4.9099,-4.9036,-4.8599,-4.7814,-4.671,-4.5318,-4.3672,-4.1809,-3.9767,-3.7583,-3.5296,-3.2948,-3.0575,-2.8217,-2.5911,-2.3692,-2.1595,-1.9651,-1.789,-1.6338,-1.5019,-1.3954,-1.3159,-1.2647,-1.2428,-1.2506,-1.2884,-1.3556,-1.4517,-1.5753,-1.7248,-1.8983,-2.0933,-2.3071,-2.5365,-2.7781,-3.0283,-3.2833,-3.539,-3.7913,-4.0361,-4.2693,-4.4867,-4.6846,-4.8591,-5.0067,-5.1242,-5.2088,-5.2579,-5.2694,-5.2417,-5.1734,-5.0638,-4.9126,-4.7199,-4.4863,-4.2128,-3.9009,-3.5523,-3.1693,-2.7543,-2.3102,-1.84,-1.347,-0.83455,-0.3062,0.23438,0.78353,1.3375,1.8927,2.4454,2.992,3.529,4.0532,4.5611,5.0497,5.516,5.9571,6.3703,6.7531,7.103,7.4179,7.6957,7.9344,8.1323,8.288,8.4,8.4672,8.4888
8.4672,8.4888,8.4641,8.3927,8.2745,8.1099,7.8994,7.6438,7.3446,7.0034,6.6223,6.2038,5.7506,5.266,4.7536,4.2172,3.6609,3.0891,2.5065,1.9177,1.3274,0.74051,0.16171,-0.40438,-0.95332,-1.4809,-1.9832,-2.4567,-2.8982,-3.3048,-3.6744,-4.0049,-4.2951,-4.5439,-4.7509,-4.9162,-5.0401,-5.1235,-5.1676,-5.174,-5.1445,-5.0812,-4.9867,-4.8634,-4.7142,-4.5419,-4.3496,-4.1404,-3.9173,-3.6838,-3.4428,-3.1978,-2.9518,-2.7081,-2.4697,-2.2398,-2.0211,-1.8166,-1.6289,-1.4606,-1.314,-1.1911,-1.0938,-1.0237,-0.98197,-0.96957,-0.98702,-1.0345,-1.1116,-1.2178,-1.3519,-1.5123,-1.697,-1.9037,-2.1294,-2.3709,-2.6248,-2.8872,-3.154,-3.4208,-3.6832,-3.9367,-4.1768,-4.399,-4.599,-4.7724,-4.9155,-5.0247,-5.0967,-5.1287,-5.1185,-5.0641,-4.9644,-4.8186,-4.6265,-4.3887,-4.1061,-3.7802,-3.4131,-3.0074,-2.566,-2.0923,-1.59,-1.0632,-0.51611,0.046992,0.62161,1.2033,1.7875,2.37,2.9465,3.5131,4.0658,4.6013,5.1162,5.6077,6.073,6.5098,6.9161,7.2902,7.6305,7.9359,8.2054,8.438,8.6332,8.7906,8.9097,8.9904,9.0324,9.0358
9.0324,9.0358,9.0006,8.927,8.8152,8.6655,8.4785,8.2548,7.9952,7.7008,7.3726,7.0122,6.6213,6.2018,5.756,5.2862,4.7953,4.2862,3.7621,3.2265,2.6829,2.135,1.5866,1.0416,0.50378,-0.023108,-0.53538,-1.0295,-1.5022,-1.9503,-2.371,-2.7618,-3.1206,-3.4454,-3.7347,-3.9876,-4.2031,-4.381,-4.5211,-4.624,-4.6902,-4.7207,-4.7169,-4.6803,-4.6129,-4.5167,-4.3942,-4.2478,-4.0804,-3.8949,-3.6943,-3.4818,-3.2608,-3.0346,-2.8066,-2.5803,-2.359,-2.1461,-1.945,-1.7586,-1.59,-1.4419,-1.3167,-1.2167,-1.1437,-1.0992,-1.0842,-1.0995,-1.145,-1.2206,-1.3255,-1.4584,-1.6175,-1.8007,-2.0052,-2.2281,-2.4659,-2.7147,-2.9706,-3.2293,-3.4863,-3.7371,-3.9772,-4.2019,-4.407,-4.588,-4.7411,-4.8624,-4.9486,-4.9967,-5.0042,-4.969,-4.8896,-4.765,-4.5946,-4.3786,-4.1177,-3.8128,-3.4659,-3.0789,-2.6545,-2.1958,-1.7061,-1.1892,-0.64903,-0.089786,0.48417,1.0684,1.6584,2.2497,2.8378,3.4185,3.9877,4.5412,5.0754,5.5867,6.0718,6.5278,6.952,7.3419,7.6955,8.0107,8.286,8.5202,8.712,8.8607,8.9655,9.0261,9.0423,9.014
9.0261,9.0423,9.014,8.9415,8.825,8.6653,8.4631,8.2193,7.9354,7.6126,7.2526,6.8576,6.4295,5.971,5.4846,4.9734,4.4405,3.8892,3.3233,2.7465,2.1627,1.5759,0.99015,0.40961,-0.16168,-0.71971,-1.2606,-1.7806,-2.2763,-2.7443,-3.1817,-3.5858,-3.9544,-4.2854,-4.5774,-4.8293,-5.0401,-5.2098,-5.3383,-5.426,-5.4739,-5.4831,-5.4553,-5.3923,-5.2963,-5.1698,-5.0155,-4.8364,-4.6357,-4.4166,-4.1826,-3.9374,-3.6845,-3.4276,-3.1706,-2.9169,-2.6703,-2.4343,-2.2122,-2.0073,-1.8224,-1.6603,-1.5234,-1.4137,-1.3329,-1.2822,-1.2625,-1.274,-1.3167,-1.39,-1.4927,-1.6233,-1.7796,-1.9591,-2.1589,-2.3756,-2.6055,-2.8446,-3.0886,-3.3331,-3.5735,-3.8053,-4.0239,-4.2247,-4.4034,-4.5559,-4.6784,-4.7674,-4.8197,-4.8327,-4.8042,-4.7326,-4.6167,-4.456,-4.2504,-4.0006,-3.7076,-3.373,-2.999,-2.588,-2.1433,-1.668,-1.166,-0.64121,-0.097767,0.46,1.0277,1.6009,2.1752,2.7464,3.3104,3.8631,4.401,4.9205,5.4186,5.8924,6.3395,6.7576,7.1449,7.4999,7.8212,8.108,8.3593,8.5747,8.7538,8.8964,9.0022,9.0714,9.1038,9.0997
9.0714,9.1038,9.0997,9.0592,8.9823,8.8693,8.7205,8.5362,8.3166,8.0624,7.7741,7.4524,7.0984,6.7133,6.2983,5.8553,5.3862,4.8932,4.379,3.8462,3.2982,2.7382,2.1698,1.597,1.0234,0.45335,-0.10926,-0.66033,-1.1959,-1.7121,-2.2054,-2.6722,-3.1095,-3.5145,-3.8848,-4.2184,-4.5136,-4.7694,-4.9848,-5.1597,-5.2941,-5.3885,-5.4438,-5.4613,-5.4425,-5.3892,-5.3037,-5.1882,-5.0454,-4.8781,-4.689,-4.4812,-4.2579,-4.0223,-3.7774,-3.5267,-3.2732,-3.0204,-2.7713,-2.529,-2.2967,-2.0771,-1.8731,-1.6872,-1.5218,-1.3791,-1.261,-1.1691,-1.1047,-1.0687,-1.0618,-1.0842,-1.1357,-1.2157,-1.3234,-1.4573,-1.6156,-1.7963,-1.9968,-2.2142,-2.4455,-2.6872,-2.9357,-3.1871,-3.4375,-3.6829,-3.9191,-4.1421,-4.348,-4.5327,-4.6927,-4.8244,-4.9247,-4.9906,-5.0195,-5.0093,-4.9583,-4.8651,-4.7289,-4.5493,-4.3264,-4.0609,-3.7539,-3.4069,-3.022,-2.6017,-2.1488,-1.6667,-1.1589,-0.62921,-0.081824,0.47906,1.0491,1.6239,2.199,2.7702,3.3333,3.8843,4.4196,4.9356,5.4292,5.8977,6.3386,6.7498,7.1297,7.4769,7.7904,8.0695,8.3138,8.5231
9.0489,9.0521,9.022,8.9591,8.8635,8.7354,8.5751,8.3826,8.1581,7.9019,7.6142,7.2953,6.9459,6.5667,6.1586,5.7231,5.2617,4.7764,4.2694,3.7433,3.2012,2.6463,2.0823,1.5129,0.94232,0.37471,-0.18563,-0.73438,-1.2672,-1.7801,-2.2689,-2.73,-3.1599,-3.5557,-3.9146,-4.2345,-4.5137,-4.751,-4.9456,-5.0974,-5.2067,-5.2741,-5.3009,-5.2887,-5.2395,-5.1556,-5.0397,-4.8946,-4.7235,-4.5295,-4.3161,-4.0867,-3.8449,-3.5942,-3.3382,-3.0804,-2.8241,-2.5728,-2.3297,-2.0979,-1.8803,-1.6797,-1.4987,-1.3397,-1.2046,-1.0955,-1.0137,-0.96053,-0.93691,-0.94335,-0.98001,-1.0467,-1.1427,-1.267,-1.4181,-1.5942,-1.7929,-2.0116,-2.2473,-2.4965,-2.7555,-3.0203,-3.2868,-3.5505,-3.8071,-4.0518,-4.2803,-4.488,-4.6706,-4.824,-4.9444,-5.0284,-5.0727,-5.0747,-5.0323,-4.9438,-4.8082,-4.6249,-4.3939,-4.1161,-3.7927,-3.4254,-3.0167,-2.5695,-2.0871,-1.5733,-1.0321,-0.46802,0.11441,0.71039,1.3151,1.9236,2.531,3.1328,3.7243,4.3011,4.8592,5.3948,5.9044,6.3848,6.8332,7.2472,7.6247,7.9637,8.2629,8.521,8.7371,8.9105,9.0407,9.1274
9.1274,9.1706,9.1701,9.1263,9.0395,8.9101,8.7387,8.5261,8.2732,7.981,7.651,7.2844,6.8832,6.4491,5.9846,5.492,4.9741,4.4341,3.8751,3.3008,2.7149,2.1215,1.5247,0.92863,0.33776,-0.24365,-0.81131,-1.3611,-1.8889,-2.3909,-2.8637,-3.3041,-3.7092,-4.0765,-4.4041,-4.6903,-4.9342,-5.135,-5.2927,-5.4075,-5.4801,-5.5118,-5.504,-5.4588,-5.3784,-5.2652,-5.1222,-4.9523,-4.7587,-4.5447,-4.3139,-4.0697,-3.8157,-3.5554,-3.2925,-3.0304,-2.7725,-2.5222,-2.2828,-2.0571,-1.8483,-1.6589,-1.4914,-1.348,-1.2306,-1.1409,-1.0802,-1.0494,-1.0491,-1.0795,-1.1404,-1.2311,-1.3507,-1.4976,-1.6699,-1.8653,-2.0812,-2.3143,-2.5614,-2.8186,-3.082,-3.3472,-3.61,-3.8658,-4.1101,-4.3382,-4.5457,-4.7284,-4.8819,-5.0027,-5.087,-5.1319,-5.1346,-5.093,-5.0054,-4.8709,-4.6888,-4.4592,-4.183,-3.8613,-3.496,-3.0895,-2.6448,-2.1651,-1.6543,-1.1165,-0.55602,0.022455,0.61418,1.2143,1.8181,2.4207,3.0174,3.6039,4.1758,4.7292,5.2604,5.7662,6.2434,6.6894,7.1019,7.479,7.8189,8.1203,8.3821,8.6034,8.7836,8.9222,9.019,9.0738
9.0738,9.0866,9.0575,8.9868,8.8748,8.722,8.529,8.2966,8.0258,7.7178,7.374,6.996,6.5859,6.1458,5.6784,5.1864,4.6731,4.1419,3.5964,3.0407,2.4789,1.9153,1.3542,0.80002,0.25721,-0.26999,-0.77748,-1.2614,-1.7181,-2.1444,-2.5375,-2.8948,-3.2146,-3.4954,-3.7361,-3.9364,-4.0964,-4.2164,-4.2977,-4.3414,-4.3495,-4.324,-4.2675,-4.1825,-4.0719,-3.9389,-3.7866,-3.6181,-3.4369,-3.2462,-3.0493,-2.8494,-2.6497,-2.4533,-2.2631,-2.0819,-1.9125,-1.7573,-1.6188,-1.499,-1.3998,-1.323,-1.2699,-1.2417,-1.2392,-1.2629,-1.3129,-1.389,-1.4906,-1.6167,-1.7658,-1.9363,-2.1258,-2.3319,-2.5517,-2.7819,-3.0191,-3.2596,-3.4993,-3.7344,-3.9606,-4.1739,-4.3702,-4.5455,-4.6962,-4.8187,-4.9098,-4.9667,-4.987,-4.9687,-4.9103,-4.8107,-4.6694,-4.4865,-4.2623,-3.9979,-3.6947,-3.3546,-2.9798,-2.5729,-2.1369,-1.675,-1.1905,-0.68703,-0.16824,0.36212,0.90031,1.4426,1.9852,2.5247,3.0574,3.5801,4.0894,4.5824,5.0561,5.5076,5.9345,6.3343,6.7046,7.0434,7.3485,7.6181,7.8506,8.0442,8.1977,8.3096,8.3791,8.4051,8.3871,8.3247
8.3791,8.4051,8.3871,8.3247,8.2178,8.0666,7.8715,7.6335,7.3538,7.0339,6.676,6.2823,5.8557,5.3993,4.9166,4.4114,3.8877,3.3498,2.8023,2.2496,1.6964,1.1474,0.60692,0.079457,-0.43088,-0.92021,-1.385,-1.822,-2.2286,-2.6023,-2.9413,-3.2443,-3.5102,-3.7385,-3.9294,-4.083,-4.2002,-4.282,-4.3298,-4.3454,-4.3306,-4.2874,-4.2181,-4.1249,-4.0104,-3.877,-3.7271,-3.5632,-3.3879,-3.2037,-3.0131,-2.8185,-2.6224,-2.4272,-2.2354,-2.0494,-1.8715,-1.704,-1.5492,-1.4092,-1.2862,-1.1821,-1.0987,-1.0376,-1.0002,-0.98761,-1.0007,-1.0401,-1.1058,-1.1978,-1.3155,-1.4577,-1.6233,-1.8102,-2.0164,-2.2391,-2.4754,-2.722,-2.9753,-3.2315,-3.4864,-3.736,-3.976,-4.2021,-4.4102,-4.5962,-4.7562,-4.8867,-4.9843,-5.0461,-5.0696,-5.0526,-4.9937,-4.8917,-4.7461,-4.5569,-4.3247,-4.0504,-3.7356,-3.3823,-2.9931,-2.5707,-2.1184,-1.6398,-1.1384,-0.6184,-0.083701,0.46155,1.0132,1.5673,2.1198,2.6669,3.205,3.7307,4.241,4.7328,5.2037,5.6514,6.0737,6.4689,6.8356,7.1723,7.4779,7.7515,7.9922,8.1993,8.3722,8.5103,8.613,8.6798
8.6798,8.7103,8.7039,8.6603,8.5791,8.4601,8.3032,8.1083,7.8757,7.6058,7.2994,6.9574,6.5813,6.1726,5.7335,5.2665,4.7744,4.2605,3.7283,3.1818,2.6252,2.0627,1.4991,0.93894,0.38692,-0.15233,-0.67431,-1.1747,-1.6496,-2.0952,-2.5083,-2.8861,-3.2262,-3.5268,-3.7867,-4.0051,-4.1818,-4.3171,-4.4119,-4.4674,-4.4854,-4.468,-4.4175,-4.3367,-4.2285,-4.0959,-3.9423,-3.7708,-3.5848,-3.3877,-3.1826,-2.9728,-2.7614,-2.5515,-2.3458,-2.1472,-1.9582,-1.7813,-1.6188,-1.4726,-1.3449,-1.2372,-1.1511,-1.0879,-1.0488,-1.0344,-1.0455,-1.0823,-1.1448,-1.2326,-1.3453,-1.4818,-1.6409,-1.8209,-2.0199,-2.2356,-2.4653,-2.7064,-2.9555,-3.2094,-3.4645,-3.7171,-3.9634,-4.1996,-4.4219,-4.6265,-4.8098,-4.9683,-5.0988,-5.1982,-5.264,-5.2939,-5.2859,-5.2386,-5.1509,-5.0223,-4.8526,-4.6422,-4.3919,-4.1028,-3.7768,-3.4157,-3.0219,-2.5982,-2.1475,-1.673,-1.178,-0.66613,-0.14084,0.39421,0.93543,1.4792,2.0222,2.5609,3.0922,3.6129,4.1202,4.6113,5.0838,5.5353,5.9636,6.3666,6.7425,7.0896,7.4063,7.691,7.9423,8.1589,8.3395,8.483
8.6539,8.6796,8.6642,8.6072,8.5082,8.367,8.1835,7.9583,7.6918,7.3853,7.0401,6.6581,6.2416,5.7932,5.3161,4.8139,4.2903,3.7497,3.1965,2.6356,2.0716,1.5097,0.95482,0.41173,-0.11482,-0.62039,-1.1009,-1.5526,-1.9722,-2.357,-2.7047,-3.0138,-3.2831,-3.5122,-3.7011,-3.8504,-3.9613,-4.0353,-4.0743,-4.0805,-4.0566,-4.0051,-3.9291,-3.8314,-3.715,-3.5827,-3.4375,-3.2821,-3.1192,-2.9511,-2.7803,-2.6088,-2.4387,-2.2719,-2.1102,-1.9552,-1.8086,-1.6717,-1.5461,-1.4332,-1.3344,-1.251,-1.1842,-1.1353,-1.1054,-1.0956,-1.1067,-1.1395,-1.1945,-1.272,-1.372,-1.4944,-1.6384,-1.8033,-1.9876,-2.1899,-2.4079,-2.6395,-2.8818,-3.1318,-3.3863,-3.6417,-3.8943,-4.1401,-4.3753,-4.5958,-4.7978,-4.9774,-5.1309,-5.2549,-5.3463,-5.4022,-5.4203,-5.3984,-5.335,-5.229,-5.0798,-4.8874,-4.652,-4.3746,-4.0565,-3.6995,-3.306,-2.8784,-2.4199,-1.9337,-1.4234,-0.89265,-0.3455,0.21403,0.78184,1.3538,1.9259,2.4941,3.0545,3.6034,4.1373,4.6528,5.1468,5.6165,6.0594,6.4729,6.8551,7.2041,7.5184,7.7964,8.0372,8.2396,8.4031,8.5269
8.654,8.6569,8.6194,8.5417,8.424,8.267,8.0711,7.8373,7.5666,7.2603,6.9199,6.5471,6.1438,5.7125,5.2554,4.7756,4.2759,3.7596,3.2303,2.6917,2.1475,1.6018,1.0586,0.52203,-0.0039448,-0.51532,-1.0083,-1.4791,-1.9245,-2.3412,-2.7266,-3.0782,-3.3939,-3.6722,-3.9119,-4.1123,-4.2733,-4.3949,-4.4779,-4.5233,-4.5326,-4.5076,-4.4503,-4.3633,-4.2492,-4.1109,-3.9515,-3.7741,-3.582,-3.3786,-3.1673,-2.9513,-2.7339,-2.5185,-2.308,-2.1054,-1.9138,-1.7356,-1.5733,-1.4293,-1.3056,-1.204,-1.126,-1.0728,-1.0453,-1.0443,-1.0699,-1.1221,-1.2006,-1.3045,-1.4328,-1.5839,-1.756,-1.9469,-2.1541,-2.3748,-2.6057,-2.8436,-3.0848,-3.3255,-3.5618,-3.7898,-4.0053,-4.2044,-4.3831,-4.5378,-4.6648,-4.7608,-4.8228,-4.8481,-4.8347,-4.7805,-4.6844,-4.5455,-4.3635,-4.1387,-3.8717,-3.5639,-3.2169,-2.833,-2.4149,-1.9655,-1.4881,-0.98655,-0.46458,0.073731,0.62421,1.1826,1.7447,2.3064,2.8635,3.412,3.9483,4.4686,4.9697,5.4484,5.9018,6.3272,6.7224,7.085,7.4133,7.7054,7.9599,8.1754,8.3509,8.4853,8.5778,8.6278,8.6349,8.5987
8.6278,8.6349,8.5987,8.5192,8.3965,8.2309,8.023,7.7737,7.4841,7.1557,6.7903,6.3901,5.9576,5.4956,5.0073,4.4964,3.9666,3.422,2.867,2.3062,1.7441,1.1854,0.63493,0.097151,-0.42346,-0.92269,-1.3966,-1.8416,-2.2546,-2.6328,-2.974,-3.2764,-3.539,-3.761,-3.9423,-4.0832,-4.1847,-4.248,-4.2749,-4.2674,-4.2279,-4.159,-4.0636,-3.9446,-3.8052,-3.6484,-3.4775,-3.2955,-3.1054,-2.9104,-2.7132,-2.5165,-2.3231,-2.1353,-1.9556,-1.7859,-1.6285,-1.4851,-1.3575,-1.2472,-1.1555,-1.0836,-1.0326,-1.0032,-0.99611,-1.0116,-1.0498,-1.1106,-1.1936,-1.2981,-1.423,-1.5672,-1.729,-1.9064,-2.0974,-2.2994,-2.5097,-2.7253,-2.943,-3.1595,-3.3713,-3.5748,-3.7663,-3.9424,-4.0994,-4.234,-4.343,-4.4233,-4.4721,-4.4872,-4.4665,-4.4082,-4.3113,-4.175,-3.9989,-3.7833,-3.5288,-3.2367,-2.9084,-2.5461,-2.1522,-1.7295,-1.2811,-0.81042,-0.32115,0.18293,0.69792,1.2198,1.7447,2.2686,2.7877,3.2984,3.7971,4.2807,4.7462,5.1908,5.6122,6.0082,6.377,6.7171,7.0271,7.306,7.553,7.7675,7.949,8.0972,8.2118,8.2928,8.3399,8.3532
8.3399,8.3532,8.3326,8.2782,8.1899,8.0678,7.9119,7.7225,7.4999,7.2443,6.9564,6.6369,6.2866,5.9069,5.4992,5.0653,4.6072,4.1275,3.6289,3.1144,2.5874,2.0516,1.5108,0.96915,0.43079,-0.099984,-0.61887,-1.1216,-1.6041,-2.0624,-2.4929,-2.892,-3.2569,-3.5849,-3.8738,-4.1222,-4.3287,-4.4929,-4.6146,-4.6943,-4.7331,-4.7324,-4.6943,-4.6209,-4.5153,-4.3805,-4.2199,-4.0372,-3.8362,-3.621,-3.3956,-3.1642,-2.9307,-2.6991,-2.4734,-2.2571,-2.0537,-1.8665,-1.6983,-1.5517,-1.4288,-1.3316,-1.2613,-1.219,-1.2051,-1.2198,-1.2627,-1.333,-1.4292,-1.5498,-1.6925,-1.8549,-2.0341,-2.2268,-2.4295,-2.6386,-2.8501,-3.06,-3.2641,-3.4585,-3.639,-3.8019,-3.9432,-4.0597,-4.148,-4.2054,-4.2295,-4.2182,-4.17,-4.0838,-3.959,-3.7957,-3.5941,-3.3552,-3.0803,-2.7712,-2.4301,-2.0594,-1.6619,-1.2406,-0.79887,-0.33999,0.13256,0.61525,1.1046,1.5971,2.0894,2.5781,3.0603,3.5328,3.993,4.438,4.8655,5.2732,5.659,6.0209,6.3571,6.6659,6.9458,7.1954,7.4133,7.5983,7.7493,7.8653,7.9454,7.9888,7.9949,7.9633,7.8936,7.7858
7.9888,7.9949,7.9633,7.8936,7.7858,7.6401,7.4569,7.2368,6.981,6.6907,6.3675,6.0135,5.631,5.2226,4.7912,4.3401,3.8728,3.3929,2.9043,2.4109,1.9168,1.4259,0.94229,0.46972,0.011852,-0.42787,-0.84629,-1.2406,-1.6083,-1.9473,-2.256,-2.5331,-2.7778,-2.9896,-3.1685,-3.3149,-3.4295,-3.5133,-3.5676,-3.5941,-3.5944,-3.5705,-3.5244,-3.4583,-3.3743,-3.2746,-3.1615,-3.0369,-2.9032,-2.7623,-2.6163,-2.4669,-2.3162,-2.1658,-2.0176,-1.873,-1.7339,-1.6016,-1.4777,-1.3637,-1.2609,-1.1707,-1.0943,-1.0329,-0.98771,-0.95959,-0.94943,-0.95793,-0.98559,-1.0327,-1.0995,-1.1857,-1.2909,-1.4146,-1.5556,-1.7128,-1.8846,-2.0692,-2.2644,-2.4679,-2.677,-2.8889,-3.1006,-3.3088,-3.5102,-3.7016,-3.8794,-4.0404,-4.1812,-4.2988,-4.3901,-4.4525,-4.4834,-4.4808,-4.4429,-4.3682,-4.2557,-4.1049,-3.9157,-3.6883,-3.4235,-3.1226,-2.787,-2.4189,-2.0205,-1.5945,-1.144,-0.67225,-0.18259,0.32132,0.83575,1.3569,1.8809,2.4041,2.9225,3.4325,3.9306,4.4134,4.8775,5.32,5.7379,6.1286,6.4896,6.8186,7.1137,7.373,7.595,7.7782,7.9214,8.0238
8.0847,8.1034,8.0799,8.014,7.906,7.7564,7.5661,7.336,7.0676,6.7625,6.4227,6.0506,5.6487,5.2199,4.7674,4.2945,3.805,3.3026,2.7914,2.2753,1.7586,1.2453,0.73959,0.24535,-0.23359,-0.69365,-1.1315,-1.5441,-1.9289,-2.2834,-2.6059,-2.8948,-3.1491,-3.3682,-3.5517,-3.7,-3.8135,-3.8931,-3.9402,-3.9561,-3.9426,-3.9018,-3.8357,-3.7466,-3.6369,-3.5092,-3.3657,-3.2092,-3.0422,-2.8671,-2.6864,-2.5026,-2.3182,-2.1353,-1.9564,-1.7836,-1.619,-1.4648,-1.3228,-1.1949,-1.0827,-0.98786,-0.91177,-0.85563,-0.82044,-0.80699,-0.8158,-0.84713,-0.90096,-0.97694,-1.0744,-1.1925,-1.3297,-1.4846,-1.6552,-1.8393,-2.0344,-2.2378,-2.4464,-2.6574,-2.8673,-3.073,-3.271,-3.4582,-3.6311,-3.7868,-3.9223,-4.0348,-4.1219,-4.1813,-4.2112,-4.2099,-4.1763,-4.1096,-4.0093,-3.8753,-3.7079,-3.5077,-3.2756,-3.013,-2.7213,-2.4025,-2.0585,-1.6917,-1.3044,-0.8993,-0.47901,-0.046328,0.39593,0.8449,1.2977,1.7516,2.2037,2.6512,3.0916,3.5221,3.9403,4.3438,4.7302,5.0974,5.4432,5.7658,6.0632,6.3338,6.5759,6.7882,6.9694,7.1183,7.2338,7.3152
