-0.42463,-0.42463,-0.50764,-1.061,-1.6293,-2.0242,-2.0124,-2.0124,-2.0124,-2.0124,-2.0124,-2.0124,-1.2249,-1.2249,-1.2249,-1.2249,-1.2249,-1.2249,-1.2249,-1.0025,-0.95993,-0.94078,-0.94078,-0.94078,-0.94078,-0.94078,-0.94078,-0.98973,-1.5612,-1.6144,-1.0632,-1.0632,-0.47145,-0.47145,-0.47145,-0.47145,-0.47145,-0.47145,-0.32459,-0.45336,0.037248,0.037248,0.63747,0.63747,0.63747,0.63747,0.63747,0.63747,0.89182,0.55765,0.47784,0.73751,0.99292,0.99292,0.99292,0.99292,0.99292,0.99292,1.1962,1.292,1.292,1.5868,1.5868,1.5868,1.5868,1.5868,1.5868,1.5868,1.9944,1.9156,1.7847,1.409,1.409,1.409,1.409,1.409,1.409,0.74176,0.073432,-0.5236,-0.5236,-0.90672,-0.88437,-0.88437,-1.3228,-1.3558,-1.3558,-2.0997,-2.0997,-1.9805,-1.9805,-2.3902,-2.3902,-2.3902,-2.3902,-2.3902,-3.1022,-0.063853,-0.063853,-0.063853,-0.063853,-0.063853,-0.063853,-0.063853,-0.73964,-0.32459,-0.32459,-0.32459,-0.32459,-0.32459,-0.32459,-0.41398,-0.53743,-0.55978,-0.72899,-0.72899,-0.72899,-0.72899,-0.72899,-0.72899,-0.91204,-0.88756,-0.76731,-0.464,-0.464,-0.33949,-0.33949,-0.33949,-0.33949,-0.33949
-0.33949,-0.33949,-0.49699,-1.2558,-1.956,-1.956,-2.2764,-2.0912,-2.0912,-2.0912,-2.0912,-2.0912,-1.2473,-0.86096,-0.86096,-0.86096,-0.86096,-0.86096,-0.67578,-0.56617,-0.46187,-0.49274,-0.49274,-0.49274,-0.49274,-0.49274,-0.49274,-0.66195,-1.193,-0.93652,-0.93652,-0.76624,-0.76624,-0.76624,-0.76624,-0.5651,-0.5651,-0.49806,0.5502,0.5502,0.82052,0.82052,0.82052,0.82052,0.82052,0.82052,0.80988,0.80988,1.0227,1.3963,1.3963,1.3111,1.3111,1.3111,1.3111,1.3111,1.3111,1.1451,1.0046,1.1451,1.3622,1.3622,1.3622,1.3622,1.3622,1.773,1.624,1.458,1.3292,1.3292,1.3292,1.3292,1.3292,1.3292,0.70558,-0.13622,-0.80136,-0.80136,-0.87692,-1.0099,-1.0099,-1.0099,-1.0099,-1.0099,-1.0099,-1.0099,-0.87479,-1.9656,-1.7347,-2.5275,-2.5275,-2.5275,-2.5275,-2.5275,-2.5275,-4.7709,-4.7709,0.040441,0.040441,0.040441,0.040441,0.040441,-0.89076,-0.25116,-0.25116,-0.31288,-0.31288,-0.31288,-0.31288,-0.31288,-0.31288,-0.39802,-0.70877,-0.70877,-0.70877,-0.70877,-0.70877,-0.70877,-0.84074,-0.9163,-0.57042,-0.57042,-0.25116,-0.44697,-0.44697,-0.44697,-0.44697,-0.44697,-0.44697,-0.6545
-0.44697,-0.44697,-0.44697,-0.6545,-0.6545,-2.2593,-2.2593,-2.2147,-2.2147,-1.8964,-1.8964,-1.8964,-1.8964,-1.5463,-0.94929,-0.94929,-0.94929,-0.94929,-0.94929,-0.94929,-0.93333,-0.87266,-0.79178,-0.84925,-0.84925,-0.84925,-0.84925,-0.84925,-0.84925,-0.96206,-1.3771,-0.90246,-0.90246,-0.45975,-0.37993,-0.37993,-0.37993,-0.37993,-0.37993,-0.37993,-0.37993,-0.37993,-0.37993,-0.37993,-0.49806,0.15325,1.0355,1.0355,0.92268,0.80562,0.80562,0.93013,0.93013,1.0483,1.0483,1.0483,1.0483,1.0483,1.1728,1.1036,1.1036,1.1036,1.1036,1.1036,1.1036,0.97696,1.7634,1.7634,1.6059,1.6059,1.6059,1.6059,1.6059,1.6059,1.4037,0.36822,0.36822,-0.38844,-0.38844,-0.38844,-0.38844,-0.38844,-0.38844,-0.56191,-1.458,-1.458,-1.6666,-1.6666,-1.9475,-1.9475,-1.9475,-1.9475,-1.9475,-1.9475,-1.5953,-3.4981,-3.0863,-1.077,-1.077,-1.077,-1.077,-1.077,-1.077,-1.077,0.077688,-0.812,-0.812,-0.812,-0.812,-0.812,-0.812,-0.5651,-0.53956,-0.54914,-0.47571,-0.47571,-0.47571,-0.47571,-0.47571,-0.47571,-0.53424,-0.98654,-0.95461,-0.95461,-0.8152,-0.38099,-0.38099,-0.38099,-0.38099,-0.38099
-0.38099,-0.35545,-0.62044,-1.0153,-1.7613,-1.7613,-2.0901,-2.0901,-2.0284,-2.0284,-1.7102,-1.7102,-1.7102,-1.7102,-1.7102,-1.7102,-1.7102,-0.54488,-0.53211,-0.53211,-0.53211,-0.53211,-0.53211,-0.53211,-0.54275,-0.52892,-0.64811,-0.94929,-0.94929,-0.94929,-0.94929,-0.94929,-0.94929,-0.76092,-0.54808,-0.54808,-0.64173,-0.64173,-0.76199,-0.76199,-0.76199,-0.76199,-0.76199,-0.76199,-0.61193,0.52253,0.70239,0.64492,0.64492,0.48954,0.48954,0.47464,0.47464,0.47464,0.47464,0.77901,1.1121,1.1121,1.1121,1.1121,1.1121,1.1121,1.1121,1.0674,0.93226,0.93226,1.3218,1.3218,1.3218,1.3218,1.3218,1.3218,1.8251,1.6974,1.6974,1.2547,1.2547,1.2547,1.2547,1.2547,1.2547,-0.75879,-0.88224,-0.88224,-1.0461,-1.2728,-1.2728,-1.2728,-1.2728,-1.2728,-1.2728,-1.2728,-1.5665,-3.4183,-3.4183,-3.7993,-1.5846,-1.5846,-1.5846,-1.5846,-1.5846,-1.5846,-0.23626,-1.4154,-1.4154,-1.4154,-1.4154,-1.4154,-1.4154,-0.38206,-0.3033,-0.41186,-0.41186,-0.41186,-0.41186,-0.41186,-0.41186,-0.41186,-0.6662,-0.86521,-0.86521,-0.86521,-0.86521,-0.86521,-0.86521,-1.0206,-0.74176,-0.4523,-0.41186,-0.51934
-0.51934,-0.51934,-0.51934,-0.51934,-0.51934,-0.78433,-2.0263,-2.0263,-1.9411,-1.6102,-1.6102,-1.6102,-1.6102,-1.6102,-1.1973,-1.1973,-1.1973,-1.1973,-1.1973,-0.5534,-0.44378,-0.43633,-0.43633,-0.58639,-0.58639,-0.58639,-0.58639,-0.58639,-0.58639,-1.5484,-1.3569,-1.3569,-1.3569,-1.3569,-1.3569,-1.3569,-0.64705,0.012771,-0.0031927,0.2618,0.2618,0.2618,0.2618,0.2618,0.2618,0.83648,1.4282,1.376,1.2036,1.2473,1.2473,1.2473,1.4569,1.4569,1.4569,1.4569,1.4569,1.1302,0.9461,0.9461,0.9461,0.9461,0.9461,0.9461,1.5559,1.9316,1.9316,2.221,2.221,2.221,2.221,2.221,2.221,1.6602,1.3218,1.3218,1.3218,0.42143,-0.51615,-0.51615,-0.51615,-0.51615,-0.51615,-0.51615,-0.49806,-0.8418,-1.2132,-1.6762,-1.6762,-1.6762,-1.6762,-1.6762,-1.6762,-2.4403,-3.4715,-4.0153,-4.0153,-1.5282,-1.5282,-1.5282,-1.5282,-1.5282,-1.5282,-1.5282,0.080881,-1.2537,-1.2537,-0.50231,-0.50231,-0.50231,-0.50231,-0.50231,-0.47784,-0.68536,-0.72367,-0.72367,-0.73432,-0.73432,-0.73432,-0.73432,-0.73432,-0.73432,-1.1717,-1.0472,-1.0472,-0.57468,-0.464,-0.464,-0.61619,-0.61619
-0.61619,-0.61619,-0.61619,-0.61619,-0.77369,-2.3881,-2.1955,-2.1955,-1.7943,-1.7943,-1.7943,-1.7943,-1.7943,-1.7943,-1.7943,-0.86521,-0.53211,-0.43633,-0.4523,-0.4523,-0.4523,-0.4523,-0.4523,-0.4523,-0.38206,-0.44804,-0.64279,-0.91843,-0.91843,-0.91843,-0.91843,-0.91843,-0.91843,-1.3409,-0.25648,0.20859,0.20859,0.3629,0.32459,0.32459,0.32459,0.32459,0.32459,0.32459,0.32459,0.54275,1.6144,1.4846,1.4846,1.3526,1.3526,1.3899,1.3899,1.3899,1.3899,1.3899,1.6868,1.4793,1.4793,1.4005,1.4005,1.4005,1.4005,1.4005,1.2579,1.2409,1.5229,1.7613,1.7613,1.7613,1.7613,1.7613,1.7613,1.7613,1.1802,0.88011,0.88011,0.88011,0.88011,0.88011,0.88011,0.19795,-0.42037,-0.90885,-0.9578,-0.9578,-0.9727,-0.9727,-0.9727,-0.9727,-0.9727,-1.0632,-1.1781,-1.6889,-3.0181,-3.0181,-3.0181,-3.0181,-3.0181,-3.0181,-3.0181,-4.4825,0.2022,0.2022,0.2022,0.2022,0.2022,0.2022,0.2022,-0.31714,-0.23839,-0.23839,-0.35226,-0.35226,-0.35226,-0.35226,-0.35226,-0.35226,-0.58,-0.58,-0.58,-0.58,-0.58,-0.58,-0.97483,-0.97483,-0.75986,-0.75986,-0.75986,-0.75986
-0.30437,-0.53318,-0.8269,-1.3239,-1.3239,-1.3239,-1.3239,-1.3239,-1.3239,-2.054,-2.1582,-1.7134,-1.7134,-1.2079,-1.2079,-0.70452,-0.70452,-0.70452,-0.70452,-0.70452,-0.70452,-0.42356,-0.45123,-0.35119,-0.31075,-0.31075,-0.31075,-0.31075,-0.31075,-0.31075,-0.43633,-1.1004,-0.95142,-0.60661,-0.60661,-0.60661,-0.60661,-0.60661,-0.60661,-0.60661,-0.1724,-0.20752,0.13941,0.13941,0.74815,0.74815,0.74815,0.74815,0.74815,0.74815,0.74815,1.1132,1.2058,1.11,1.1451,1.1451,1.1451,1.1451,1.1451,1.2068,1.2345,1.4218,1.4218,1.4218,1.4218,1.4218,1.4218,1.4399,1.6464,2.0273,2.0795,2.0795,2.0795,2.0795,2.0795,2.0795,1.6464,1.5346,0.78008,0.78008,-0.29373,-0.65876,-0.65876,-0.65876,-0.65876,-0.65876,-0.85883,-0.9876,-1.1877,-0.96738,-0.96738,-0.96738,-0.96738,-0.96738,-0.96738,-0.96738,-1.9433,-2.2487,-2.2487,-4.3335,-4.3335,-1.2068,-1.2068,-1.2068,-1.2068,-1.2068,-1.2068,-1.2068,0.31714,-1.5751,-1.0823,-0.38206,-0.38206,-0.38206,-0.38206,-0.38206,-0.38206,-0.64918,-0.62683,-0.66301,-0.66301,-0.66301,-0.66301,-0.66301,-0.66301,-0.89608,-0.89608,-0.89608,-0.42782,-0.42782
-0.47571,-0.47571,-0.47571,-0.47571,-0.62257,-2.1934,-2.1934,-2.088,-2.088,-2.088,-2.088,-1.7411,-1.7411,-0.89182,-0.63109,-0.63109,-0.63109,-0.63109,-0.63109,-0.63109,-0.54063,-0.54063,-0.71835,-0.71835,-0.71835,-0.71835,-0.71835,-0.71835,-0.71835,-1.1408,-0.68855,-0.68855,-0.45975,-0.45975,-0.38738,-0.38738,-0.38738,-0.38738,-0.38738,-0.38738,-0.29479,0.46826,0.91311,0.91311,0.91311,0.91311,0.91311,0.91311,0.91311,0.72367,0.85777,1.1089,1.1089,1.3931,1.3931,1.3931,1.3931,1.3931,1.3931,1.3931,1.4356,1.1079,1.1079,1.4048,1.4048,1.4048,1.4048,1.4048,1.4048,1.1121,1.1653,1.1653,0.93758,0.93758,0.93758,0.93758,0.93758,0.93758,0.23626,-0.90885,-0.87799,-0.87799,-0.72154,-0.72154,-0.72154,-0.72154,-0.72154,-0.72154,-0.72154,-0.72154,-0.9429,-2.3743,-3.6439,-3.6439,-3.6439,-3.6439,-3.6439,-3.6439,-3.6439,-4.7124,-0.13729,-0.13729,-0.13729,-0.13729,-0.13729,-0.13729,-1.2537,-0.31714,-0.23945,-0.42143,-0.42143,-0.42143,-0.42143,-0.42143,-0.42143,-0.42143,-0.50657,-0.61299,-0.83542,-0.83542,-0.83542,-0.9578,-0.9578,-0.9578,-0.9578,-0.9578,-0.90566,-0.32246,-0.32246,-0.59703
-0.59703,-0.59703,-0.75134,-1.3218,-1.3218,-1.3218,-1.3218,-1.3218,-1.3218,-1.3218,-1.9582,-1.872,-1.5218,-1.1174,-1.1174,-1.1174,-1.1174,-1.1174,-0.86415,-0.58107,-0.58107,-0.50657,-0.50657,-0.50657,-0.5949,-0.5949,-0.84712,-0.84712,-0.84712,-0.84712,-1.1802,-1.2228,0.10004,0.10004,0.10004,0.10004,0.10004,0.10004,0.10004,0.32778,0.63428,1.0546,1.0546,1.0546,1.3601,1.3899,1.309,1.1962,1.1962,1.1962,1.1962,1.1962,1.2196,1.3228,1.3228,1.3228,1.3228,1.3228,1.3228,1.3601,1.3601,1.1909,1.4271,1.4271,1.4271,1.4271,1.4271,1.4271,1.6634,1.4282,1.4282,1.4282,1.4282,1.4282,1.4282,1.1909,-0.56298,-0.56298,-0.56298,-0.56298,-0.56298,-0.63002,-0.87799,-0.87799,-1.0578,-1.0972,-1.0972,-1.1611,-1.972,-1.972,-1.972,-1.972,-1.3526,-2.4765,-2.4765,-3.3885,-3.3885,-3.3885,-3.3885,-3.3885,-3.3885,-0.80136,-0.85883,-1.5644,-0.77476,-0.77476,-0.77476,-0.77476,-0.77476,-0.77476,-0.45123,-0.6396,-0.6396,-0.58639,-0.58852,-0.58852,-0.58852,-0.58852,-0.58852,-0.58852,-0.7854,-0.81945,-0.52998,-0.52998,-0.32352,-0.32352,-0.32352,-0.32352,-0.32352,-0.32352
-0.32352,-0.32352,-0.32352,-0.32352,-0.73644,-1.3101,-2.0561,-2.1572,-2.1572,-2.1572,-2.1572,-2.1572,-2.1572,-2.1572,-1.9475,-1.0461,-1.0461,-0.59597,-0.59597,-0.59597,-0.59597,-0.59597,-0.59597,-0.56617,-0.38738,-0.38738,-0.63002,-0.63002,-0.63002,-0.63002,-0.63002,-1.027,-0.16389,-0.16389,0.116,0.116,0.17028,0.17028,0.17028,0.17028,0.17028,0.17028,0.3182,1.0142,1.3494,1.4293,1.4293,1.4293,1.4293,1.4293,1.4293,1.4293,1.276,1.028,1.028,1.028,1.028,1.028,1.028,1.028,1.0323,1.0472,1.0546,1.0546,1.0546,1.0546,1.0546,1.0546,1.0546,1.9731,1.6921,1.6921,1.6921,1.6921,1.6921,1.6921,1.6921,1.3601,0.010642,0.010642,-0.39696,-0.39696,-0.39696,-0.39696,-0.39696,-0.62364,-0.8301,-1.0014,-1.1909,-1.1909,-1.7868,-1.7868,-1.7868,-1.7868,-1.7868,-1.6847,-4.0196,-4.0196,-1.9082,-1.9082,-1.9082,-1.9082,-1.9082,0.15431,-0.9876,-1.1185,-1.1185,-0.37674,-0.26499,-0.28628,-0.28628,-0.28628,-0.28628,-0.28628,-0.28628,-0.31607,-0.21285,-0.21072,-0.4193,-0.4193,-0.4193,-0.4193,-0.4193,-0.63215,-0.63215,-0.1905,0.12771,0.022349,0.022349,0.022349
0.022349,0.022349,-0.80243,-1.5389,-1.5389,-1.9816,-1.9816,-1.9816,-1.9816,-1.9816,-1.9816,-1.905,-0.98867,-0.86947,-0.86947,-0.87054,-0.87054,-0.87373,-0.87373,-0.87373,-0.87373,-0.87373,-0.87373,-0.89182,-0.89182,-1.4399,-1.4399,-1.4399,-1.4399,-1.4399,-1.4399,-1.4708,-1.4708,0.51402,0.67259,0.67259,0.81626,0.81626,1.0121,1.0121,1.4112,1.4112,1.4112,1.4112,1.4112,1.4112,1.6623,1.2622,1.0131,1.027,1.027,1.027,1.027,1.027,1.027,1.1962,1.3228,1.342,1.1909,1.1909,1.1909,1.1909,1.1909,1.1909,1.0866,0.96419,0.96419,0.96419,0.96419,0.96419,0.96419,0.50976,0.50976,0.50764,0.081945,-0.18411,-0.18411,-0.18411,-0.18411,-0.18411,-0.18411,-0.47571,-0.99931,-0.8003,-0.8003,-0.86841,-0.86841,-0.86841,-0.86841,-0.86841,-0.86947,-1.8879,-1.8879,-1.8879,-1.8879,-1.8879,-1.8879,-1.8879,0.13941,0.13941,-0.035119,-0.035119,-0.035119,-0.035119,-0.035119,-0.035119,-1.5719,-0.77901,-0.70026,-0.7109,-0.7109,-0.7109,-0.79391,-0.79391,-0.79391,-0.79391,-0.79391,-0.6992,-0.45655,-0.70345,-0.94822,-0.94822,-0.99186,-0.8865,-0.8865,-0.8865,-0.8865,-0.8865,-0.8865,-0.8865
-0.53105,-0.53105,-0.53105,-0.53105,-0.53105,-0.53105,-0.53105,-1.7783,-1.7836,-1.4676,-1.4676,-1.1025,-1.1025,-1.1025,-1.1025,-1.1025,-0.80455,-0.80455,-0.55127,-0.55127,-0.55127,-0.55127,-0.35439,-0.54382,-0.54382,-0.54382,-0.54382,-0.54382,-0.54382,-1.0004,-1.0004,-0.35545,-0.036184,0.10323,0.10323,0.10323,0.10323,0.10323,0.10323,0.10323,0.27883,1.0195,1.0195,1.0195,1.0195,1.0195,1.0195,1.2132,0.95674,0.7971,0.70132,0.70132,0.70132,0.70132,0.70132,0.70132,0.69813,0.84499,0.84499,0.84499,0.84499,0.84499,0.84499,1.1472,1.9305,1.9305,1.9305,1.9305,1.9305,2.0603,1.3367,1.0781,1.0781,0.56085,0.56085,0.56085,0.56085,0.56085,0.56085,-0.26925,-0.45442,-0.81945,-0.81945,-1.4314,-1.4314,-1.4314,-1.4314,-1.4314,-1.4314,-2.1487,-2.1487,-2.2476,-3.1607,-3.1607,-3.1607,-3.1607,-3.1607,-3.1607,-3.1607,-0.029798,-0.029798,-0.73432,-0.73432,-0.73432,-0.73432,-0.73432,-0.73432,-0.73432,-0.3033,-0.23519,-0.23519,-0.21178,-0.15006,-0.15006,-0.15006,-0.15006,-0.15006,-0.15006,-0.15006,-0.26074,-0.76411,-0.6545,-0.6545,-0.6545,-0.6545,-0.6545,-0.6545,-0.37567,-0.37567,-0.29585
-0.4374,-0.4374,-0.80562,-0.80562,-0.80562,-0.80562,-0.80562,-0.80562,-1.392,-1.6793,-1.3931,-1.1419,-1.1419,-1.1419,-1.1419,-1.1419,-0.97589,-0.97589,-1.0185,-1.0451,-1.0653,-1.0653,-1.0653,-1.0653,-1.0653,-1.0653,-1.1398,-1.1398,-0.90246,-0.49274,-0.49274,-0.30011,-0.30011,-0.30011,-0.30011,-0.30011,-0.30011,0.02767,0.58958,0.58958,0.58958,0.58958,0.58958,0.58958,0.58958,1.0366,1.0951,1.1057,1.1079,1.1079,1.1079,1.1079,1.1079,1.1079,1.1079,1.0578,0.93226,0.93226,0.93226,0.93226,0.74389,0.74389,0.74389,0.58213,0.81626,0.81626,0.81626,0.81626,0.81626,0.81626,0.94503,1.1313,1.1313,1.3877,1.3877,1.5048,1.5878,1.5878,1.5878,1.2654,1.2654,0.68749,0.68749,0.68749,0.68749,0.68749,0.18411,-0.55446,-0.55446,-0.55446,-0.55446,-0.55446,-0.55446,-0.55446,-0.74815,-0.96844,-2.8138,-2.8138,-2.8138,-2.8138,-2.8138,-2.8138,-0.81839,-0.81839,-6.6344,-6.6344,-0.80349,-0.80349,0.82584,0.82584,0.82584,0.82584,0.82584,0.82584,-0.55765,-1.3963,-1.2122,-1.0429,-1.0429,-1.0429,-1.0429,-1.0429,-1.0429,-0.78008,-0.57575,-0.30969,-0.034055,-0.034055,-0.14367,-0.14367
-0.80668,-0.80668,-0.57894,-1.2909,-1.2909,-1.9156,-1.9156,-2.1902,-2.1902,-1.9965,-1.9965,-1.9965,-1.9965,-1.9965,-1.9965,-0.77901,-0.73857,-0.73857,-0.75134,-0.75134,-0.75134,-0.75134,-0.75134,-0.7109,-1.3207,-1.1217,-1.1217,-0.73751,-0.73751,-0.73751,-0.73751,-0.73751,-0.73751,-0.30756,-0.30756,-0.022349,0.17666,0.63428,0.63428,0.63428,0.63428,0.63428,0.63428,0.94716,1.1196,1.1196,1.276,1.276,1.276,1.276,1.276,1.5857,1.5857,1.4431,1.4431,1.4431,1.4431,1.7602,1.7602,1.7421,1.8422,1.8422,1.8422,1.8422,1.8422,1.8422,1.7687,1.7687,1.1302,0.73964,0.73964,0.035119,0.035119,0.035119,0.035119,0.035119,0.035119,-0.53743,-0.79923,-0.62364,-0.8003,-0.8003,-0.8003,-0.8003,-0.8003,-0.94184,-0.94184,-2.2849,-2.2849,-2.7776,-2.7776,-2.7776,-2.7776,-2.7776,-4.7113,-4.7113,0.17879,-0.96738,-0.96738,-1.3654,-1.3654,-1.3654,-1.3654,-1.3654,-0.33523,-0.33523,-0.53105,-0.60767,-0.60767,-0.60767,-0.60767,-0.60767,-0.60767,-0.60767,-0.63109,-0.83542,-0.83542,-0.83542,-0.83542,-0.83542,-0.83542,-0.83542,-0.79817,-0.41505,-0.41505,-0.35332,-0.35332,-0.35332,-0.35332,-0.35332
-0.35332,-0.35332,-0.35332,-0.35332,-1.3856,-2.2221,-2.2221,-2.6084,-2.204,-2.204,-2.204,-2.204,-2.204,-2.204,-1.6474,-0.6396,-0.6396,-0.66514,-0.66514,-0.66514,-0.66514,-0.66514,-0.59703,-0.53424,-0.64173,-0.89288,-0.89288,-1.358,-1.358,-1.358,-1.358,-1.358,-1.358,-1.0908,-0.12239,-0.12239,-0.26074,-0.26074,-0.26074,-0.26074,-0.26074,-0.26074,-0.042569,1.1494,1.1494,1.1494,1.1494,1.1494,1.1494,0.85564,1.0195,1.0195,1.0195,1.0195,1.0195,1.0195,0.98334,0.75134,0.75134,0.74709,0.86521,0.86521,0.86521,0.86521,0.86521,0.86521,1.1057,1.4144,1.4144,1.2047,1.2047,1.2047,1.2047,1.2047,1.2047,1.3643,1.3643,1.3643,1.3643,1.3643,1.3643,-0.2171,-0.76837,-1.0727,-1.0727,-1.2356,-1.2356,-1.2356,-1.2356,-1.2356,-1.2356,-2.4051,-2.4051,-3.6301,-2.5222,-2.5222,-0.50231,-0.50231,-0.50231,-0.50231,-0.50231,0.10962,-1.3675,-0.33736,-0.33736,-0.33736,-0.3778,-0.3778,-0.39376,-0.39376,-0.39908,-0.39908,-0.39908,-0.39908,-0.39908,-0.39908,-0.27776,-0.71729,-0.71729,-0.81094,-0.81094,-0.81094,-0.81094,-0.81094,-0.81094,-0.81094,-0.7407,-0.15325,-0.15325,-0.34055
-0.34055,-0.34055,-0.34055,-0.34055,-0.34055,-1.8635,-1.8635,-1.9784,-1.9784,-1.9784,-1.9784,-1.9784,-1.9784,-0.84925,-0.71516,-0.71516,-0.69175,-0.69175,-0.69175,-0.69175,-0.69175,-0.61512,-0.61512,-0.72261,-1.1313,-1.1313,-0.98654,-0.98654,-0.98654,-0.98654,-0.98654,-0.98654,-0.73112,-0.73112,-0.73112,-0.23519,0.10323,0.48422,0.48422,0.84074,1.0334,1.0334,1.0334,1.0334,1.0334,1.0334,1.1451,1.2185,1.1313,0.90459,0.90459,0.90459,0.90459,0.90459,0.90459,0.90459,0.83329,1.3526,1.3526,1.3814,1.3814,1.4399,1.4399,1.4399,1.4399,1.4399,1.8592,1.6229,1.6112,1.6112,1.6112,1.6112,1.6112,1.6112,1.5197,-0.69707,-0.69707,-0.69707,-0.65556,-0.65556,-0.40015,-0.79498,-0.79498,-0.79498,-0.79498,-0.79498,-0.79498,-1.4229,-2.2455,-1.8134,-1.8134,-3.2895,-3.2895,-3.2895,-3.2895,-3.2895,-3.2895,-3.579,-0.031927,-1.492,-1.492,-0.93439,-0.93439,-0.93439,-0.93439,-0.93439,-0.93439,-0.93439,-0.48954,-0.48742,-0.35758,-0.35758,-0.35758,-0.35758,-0.35758,-0.35758,-0.83861,-1.0887,-0.99399,-0.99399,-0.85138,-0.85138,-0.64811,-0.45442,-0.45442,-0.45442,-0.45442,-0.45442,-0.36077,-1.209
-0.45442,-0.36077,-1.209,-1.209,-1.209,-1.209,-1.209,-1.209,-1.209,-1.8581,-1.4037,-1.4037,-1.4037,-1.4037,-1.4037,-1.4037,-0.60661,-0.60022,-0.53956,-0.53956,-0.47145,-0.47145,-0.5385,-0.5385,-0.5385,-0.5385,-0.5385,-0.76624,-1.2462,-1.2909,-1.16,-1.16,-1.16,-1.16,-1.16,-1.16,-0.95461,-0.53531,-0.25541,0.23945,0.23945,0.23945,0.23945,0.23945,0.23945,0.75986,1.1568,1.1568,1.1568,1.1568,1.1855,1.1228,1.1228,1.0291,1.0291,1.0291,1.0291,1.0291,1.0291,0.81094,1.0515,1.1568,1.2334,1.2334,1.2334,1.2334,1.2334,1.2334,1.441,1.591,1.3069,1.3069,1.3069,1.3069,1.3069,1.4516,-0.21391,-0.21391,-0.54488,-0.54488,-0.54488,-0.68217,-0.61406,-0.61406,-0.61406,-0.61406,-0.61406,-0.61406,-0.72687,-1.7294,-2.2381,-1.5165,-1.5165,-1.5165,-1.5165,-1.5165,-1.5165,-3.0575,0.090459,0.090459,0.36609,0.36609,-1.0366,-1.1685,-1.1685,-0.47997,-0.35226,-0.35226,-0.30969,-0.30969,-0.32991,-0.32991,-0.32991,-0.32991,-0.22668,-0.22668,-0.08301,-0.08301,-0.47039,-0.47039,-0.47039,-0.47039,-0.47039,-0.47039,-0.81839,-0.71835,-0.71835,-0.48529,-0.48529,-0.48529
-0.48529,-0.48529,-0.52998,-1.3622,-1.3622,-1.3622,-1.3622,-1.3622,-1.3622,-1.8134,-1.8954,-1.5708,-1.5708,-1.2164,-0.94716,-0.94716,-0.80243,-0.80243,-0.73857,-0.73857,-0.6662,-0.6662,-0.6662,-0.6662,-0.6662,-0.6662,-0.6662,-1.0355,-1.3814,-1.3814,-1.8603,-1.8603,-1.8603,-1.8603,-1.8603,-1.8603,-1.6059,-0.47464,-0.32033,-0.16815,-0.16815,0.039376,0.039376,0.039376,0.039376,0.039376,0.039376,0.44378,0.93439,0.93439,0.95674,0.95674,0.95674,0.95674,0.95674,0.95674,0.84393,0.78327,0.79817,0.928,0.928,0.928,0.928,0.928,0.928,0.928,1.0483,1.4303,1.4303,1.4303,1.4303,1.4303,1.822,1.822,1.4175,1.4175,1.3537,1.3537,1.3537,0.73964,-0.17879,-0.17879,-0.17879,-0.17879,-0.17879,-0.17879,-0.54808,-0.58426,-0.84074,-0.84074,-1.2611,-1.2611,-1.2611,-1.2611,-1.2611,-1.2611,-1.5602,-2.3902,-4.2463,-4.2463,-3.4641,-3.4641,-3.4641,-3.4641,-3.4641,-3.4641,-0.77582,-1.7358,-1.7358,-0.83329,-0.83329,-0.83329,-0.83329,-0.83329,-0.83329,-0.83329,-0.51189,-0.48103,-0.48103,-0.35864,-0.33204,-0.33204,-0.33204,-0.33204,-0.33204,-0.33204,-0.57042,-0.57042,-0.57042,-0.77795
-0.24584,-0.13729,-1.3718,-1.3718,-2.0689,-2.0689,-2.2764,-2.2764,-2.2764,-2.2764,-2.2764,-2.2764,-2.0912,-2.0912,-2.0912,-2.0912,-1.7294,-0.85457,-0.85457,-0.85457,-0.85457,-0.85457,-0.85457,-0.85457,-0.81732,-1.4463,-1.4197,-1.4197,-1.4197,-0.92588,-0.57894,-0.57894,-0.57894,-0.57894,-0.57894,-0.57894,0.069175,0.22029,0.5832,0.5832,0.5832,0.5832,0.5832,0.5832,0.5832,0.82158,0.92694,0.92907,0.87692,0.87692,0.97696,0.97696,0.97696,0.97696,0.97696,0.97696,0.72261,0.72261,0.81732,0.96632,0.96632,1.0898,1.0898,1.0898,1.0898,1.0898,1.0898,1.6868,1.6868,1.3484,1.3484,1.3484,1.3484,1.3484,1.376,0.41505,-0.57894,-0.57894,-0.57894,-0.57894,-0.57894,-0.91736,-1.3271,-1.3271,-1.3271,-1.3271,-1.3271,-1.3271,-2.1582,-1.5048,-3.1363,-3.1363,-3.1363,-3.1363,-3.1363,-3.1363,-4.2388,-0.11174,-0.061725,-1.4346,-1.4346,-1.0855,-1.0855,-1.0855,-1.0855,-1.0855,-0.39802,-0.39802,-0.37674,-0.35864,-0.35864,-0.35864,-0.35864,-0.35864,-0.35864,-0.29479,-0.29479,-0.82158,-0.82158,-0.82477,-0.65024,-0.65024,-0.65024,-0.65024,-0.65024,-0.65024,-0.24584,-0.4491,-1.0738,-1.0738
-0.4491,-1.0738,-1.0738,-1.0738,-1.0738,-1.0738,-1.0738,-1.0738,-2.1827,-1.822,-1.4282,-1.4282,-1.4282,-1.1174,-1.0014,-1.0014,-1.0014,-1.0014,-1.0014,-1.0014,-1.0014,-1.0546,-0.96844,-1.0695,-1.0695,-1.3303,-1.3303,-1.3303,-1.3303,-1.6932,-1.0791,-0.88331,-0.88331,-0.81413,-0.78966,-0.78966,-0.60767,-0.60767,-0.60767,-0.60767,-0.60767,-0.60767,-0.60767,-0.1724,0.32246,0.32246,0.29053,0.29053,0.29053,0.29053,0.29053,0.29266,0.29266,0.20646,0.20646,0.55765,0.55765,0.77369,0.77369,0.77369,0.77369,0.77369,0.77369,0.73964,1.392,1.392,1.5325,1.5325,1.5325,1.5325,1.5325,1.5325,1.2952,0.93545,0.93545,0.1458,0.1458,-0.22136,-0.22136,-0.22136,-0.22136,-0.22136,-0.4076,-0.75986,-1.425,-1.425,-1.425,-1.425,-1.425,-1.425,-1.425,-2.2253,-4.5123,-3.778,-3.778,-3.778,-0.66833,-0.66833,0.12984,0.12984,0.12984,0.12984,0.12984,-0.49699,-0.49699,-0.46507,-0.46507,-0.464,-0.464,-0.51296,-0.48529,-0.48529,-0.48529,-0.48529,-0.48529,-0.48529,-0.41611,-0.59916,-0.70558,-0.70558,-0.70558,-0.70558,-0.70558,-0.70558,-0.70558,0.0063854,0.0063854,0.0063854,0.0063854,0.0063854
0.0063854,0.0063854,0.0063854,-0.19262,-1.0334,-1.9262,-2.4605,-2.4605,-2.4605,-2.4605,-2.4605,-2.2987,-2.2987,-1.1174,-1.1174,-0.98867,-0.98867,-0.98867,-0.98867,-0.98867,-0.98867,-0.79498,-0.79498,-0.77369,-0.77369,-0.77369,-1.3122,-1.3122,-1.3122,-1.7038,-1.7038,-1.7038,-1.7038,-1.7038,-1.3473,-0.80243,-0.6694,-0.6694,-0.6694,-0.6694,-0.6694,-0.52466,-0.12771,0.44804,0.78327,0.78327,0.78327,0.36609,0.35439,0.35439,0.52573,0.52573,0.66408,0.66408,0.86521,0.86521,0.86521,0.86521,0.86521,0.66833,0.6694,1.0685,1.0685,1.0685,1.0685,1.0685,1.0685,1.0685,1.3058,1.4175,1.3154,1.3154,0.74709,0.74709,0.74709,0.74709,0.74709,0.74709,0.051083,-0.56936,-0.62683,-0.66088,-0.66088,-0.66088,-0.66088,-0.66088,-0.66088,-1.226,-1.5804,-3.0735,-3.0735,-3.0735,-4.8444,-2.3711,-2.3711,-2.3711,-2.3711,-2.3711,-2.3711,0.19262,-1.3005,-0.42037,-0.42037,-0.42037,-0.26818,-0.26818,-0.31501,-0.31501,-0.31501,-0.31501,-0.31501,-0.31501,-0.41718,-0.37035,-0.42143,-0.42143,-0.42143,-0.42143,-0.42143,-0.42143,-0.53743,-0.43952,-0.43952,-0.43952,-0.43952,-0.43952,-0.073432,-0.073432,-0.48954,-1.1813
-0.073432,-0.48954,-1.1813,-1.1813,-1.9635,-2.2891,-2.2891,-2.2891,-2.1221,-1.7687,-1.7687,-1.4048,-1.4048,-1.4048,-1.4048,-1.4048,-1.1153,-1.0887,-0.99505,-0.99505,-0.99505,-0.99505,-0.99505,-0.99505,-0.87373,-1.1164,-1.293,-1.293,-0.99824,-1.028,-1.028,-1.028,-1.028,-1.028,-1.028,-0.99186,-0.95355,-0.66514,0.018092,0.018092,0.018092,0.018092,0.018092,0.018092,0.57681,0.66727,0.56936,0.46507,0.46507,0.46507,0.46507,0.46507,0.46507,0.44059,0.65982,0.79817,0.79817,0.79817,0.79817,0.79817,0.79817,0.95993,0.94078,1.1792,1.1792,1.6059,1.6059,1.491,1.3303,1.3303,1.3303,1.3303,1.3303,1.3303,1.6017,0.61619,-0.21178,-0.21178,-0.60022,-0.60022,-0.60022,-0.60022,-0.60022,-0.60022,-0.60022,-0.60022,-0.60022,-0.69281,-1.6953,-1.6953,-2.6478,-1.9039,-1.9039,-4.3122,-4.3122,-4.5996,-4.5996,-0.85138,-0.85138,0.011706,0.011706,-1.3015,-1.3015,-1.3015,-1.3015,-1.3015,-1.3015,-2.2604,-0.84819,-0.77476,-0.72687,-0.72687,-0.72687,-0.72687,-0.72687,-0.72687,-0.65769,-0.56298,-0.62789,-0.62789,-0.8418,-0.8418,-0.8418,-0.8418,-0.8418,-0.8418,-0.97802,-0.33097,-0.33097,-0.33097
-0.33097,-0.56298,-0.56298,-0.99292,-1.8358,-1.8358,-1.8358,-1.8358,-1.8358,-1.8358,-2.4807,-1.5218,-1.5218,-1.2271,-1.2271,-1.2271,-1.2271,-1.2271,-1.1217,-1.0706,-1.0706,-0.9429,-0.9429,-0.91311,-1.0589,-1.0589,-1.0589,-1.0589,-1.0589,-1.0589,-1.5633,-1.2026,-0.72793,-0.51296,-0.51296,-0.51296,-0.51296,-0.51296,-0.51296,-0.51296,-0.46187,0.78966,0.78966,0.78966,0.78966,0.78966,0.78966,1.1419,1.2079,1.1121,0.98334,0.98334,0.98334,0.98334,0.98334,0.98334,1.0546,1.2164,1.2164,1.2164,1.3026,1.3026,1.3026,1.3026,1.3026,1.5559,1.5559,1.9933,1.9933,1.8709,1.8709,1.4473,1.4473,1.4473,1.4473,1.4473,1.4473,1.4718,-0.19901,-0.19901,-0.51721,-0.51721,-0.51721,-0.51721,-0.51721,-0.51721,-0.38631,-0.9014,-1.1334,-2.005,-2.005,-2.8606,-2.8606,-2.8606,-2.8606,-2.8606,-2.8606,-2.0561,-4.3697,-0.90033,0.68536,0.68536,0.68536,0.68536,0.68536,0.68536,0.68536,0.20327,-0.56298,-0.56298,-0.49593,-0.49593,-0.59597,-0.59597,-0.60448,-0.60448,-0.60448,-0.60448,-0.60448,-0.60448,-0.56723,-0.71729,-0.71729,-0.95461,-0.95461,-0.95461,-0.95461,-0.95461,-0.95461,-0.78221
0.034055,0.034055,0.034055,-0.72367,-1.5623,-1.5623,-2.3317,-2.3317,-2.3317,-2.3317,-2.3317,-2.4094,-1.6442,-1.292,-1.292,-1.1057,-1.1057,-1.1057,-1.1057,-1.1057,-1.0483,-0.99292,-0.96419,-0.96419,-0.96419,-1.1419,-1.7038,-1.7038,-1.7038,-1.7038,-1.7038,-1.7038,-1.9827,-0.47677,-0.29692,-0.36503,-0.36503,-0.36503,-0.36503,-0.36503,-0.36503,-0.05534,-0.05534,1.5123,1.5123,1.5123,1.5123,1.5123,1.5123,1.5123,0.89501,0.94822,1.1696,1.1696,1.1696,1.1696,1.1696,1.1696,1.1696,1.1696,1.06,1.3186,1.557,1.823,1.823,1.823,1.823,1.823,1.823,1.823,1.823,1.4771,0.99611,0.99931,0.99931,0.44485,0.44485,0.44485,0.44485,0.44485,0.44485,0.44485,-0.45655,-0.54808,-0.54808,-0.54808,-0.54808,-0.54808,-0.54808,-0.4491,-2.4562,-2.4914,-4.6698,-4.6698,-4.6698,-4.6698,-4.6698,-4.6698,-3.613,0.72899,-0.66408,-0.66408,-0.66408,-0.66408,-1.5506,-0.57149,-0.16283,-0.25648,-0.25648,-0.25222,-0.25222,-0.25222,-0.25222,-0.25222,-0.25222,-0.25222,-0.25754,-0.48103,-0.48103,-0.72687,-0.72687,-0.72687,-0.72687,-0.72687,-0.89076,-0.64279,-0.2916,-0.2916,-0.2916,-0.2916
-0.2916,-0.2916,-0.26499,-0.87692,-1.5729,-2.1029,-2.1029,-2.1029,-2.1029,-2.1029,-2.1029,-2.1306,-1.4622,-1.1249,-1.1249,-0.92907,-0.92907,-0.84606,-0.84606,-0.81413,-0.81413,-0.81413,-0.81413,-0.81413,-0.70452,-0.95674,-0.88331,-0.88331,-0.88331,-0.88331,-0.88331,-0.88331,-0.88331,-0.58532,-0.72793,-0.72793,-0.71729,-0.10749,-0.10749,-0.10749,-0.10749,-0.10749,-0.10749,-0.10749,0.69387,1.0472,1.0472,0.7971,0.7971,0.7971,0.7971,0.7971,0.7971,0.73112,0.91843,1.3601,1.3601,1.5474,1.5474,1.5474,1.5474,1.5474,1.5474,1.3058,1.4995,1.3111,1.3111,1.3111,1.3111,1.3111,1.3111,1.2952,1.0749,0.3182,0.3182,-0.22029,-0.22029,-0.22029,-0.22029,-0.22029,-0.22029,-0.65556,-1.4037,-1.4037,-1.1696,-1.1696,-1.1696,-1.1696,-1.1696,-1.1696,-2.7893,-2.7893,-4.9114,-2.717,-2.717,-2.717,-2.717,-2.717,-2.717,0.45017,-1.2196,-1.3409,-1.3409,-0.63321,-0.63321,-0.38312,-0.38312,-0.38312,-0.38312,-0.38312,-0.38312,-0.26818,-0.30969,-0.30969,-0.42888,-0.42888,-0.42888,-0.74176,-0.95142,-0.95142,-0.95142,-0.95142,-0.95142,-0.95142,-0.95887,-0.95887,-0.19795,-0.34055,-0.34055,-0.34055
-0.34055,-0.34055,-0.34055,-0.34055,-0.53105,-2.1285,-2.1285,-2.1285,-2.1285,-2.1285,-2.1285,-2.0412,-1.408,-1.1579,-1.0642,-1.0642,-1.0642,-1.0642,-1.0642,-1.0642,-1.0334,-1.0397,-1.0397,-1.2739,-1.2739,-1.2739,-1.2739,-1.2739,-1.7177,-1.1047,-1.1047,-0.71729,-0.71729,-0.71729,-0.71729,-0.71729,-0.71729,-0.71729,-0.41824,0.51828,0.95248,0.95248,0.95248,0.95248,0.95248,0.95248,1.1653,1.0217,1.0217,1.0217,1.0217,1.0217,1.0217,0.95248,1.0568,1.0855,1.3601,1.3601,1.3601,1.3601,1.3601,1.3601,1.3601,1.9922,2.2838,2.2838,2.2061,2.2061,2.2061,2.2061,2.2061,1.6059,1.6059,0.72687,0.72687,0.72687,-0.30437,-0.74602,-0.74602,-0.74602,-0.74602,-0.74602,-0.74602,-0.86841,-1.1675,-1.1675,-1.4793,-1.4793,-1.4793,-1.4793,-1.4793,-1.4793,-1.4793,-2.4328,-4.4378,-3.629,-3.629,-0.56191,-0.56191,-0.56191,-0.56191,-0.56191,0.06811,-1.6889,-0.47039,-0.47039,-0.47039,-0.5534,-0.5534,-0.5534,-0.5534,-0.5534,-0.66514,-0.66514,-0.62896,-0.57149,-0.70345,-0.70345,-0.70345,-0.70345,-0.70345,-0.70345,-0.86096,-0.81626,-0.41824,-0.05534,-0.05534,-0.05534,-0.05534,-0.05534
-0.05534,-0.05534,-0.16389,-1.1015,-2.0039,-2.0039,-2.0039,-2.0039,-2.0039,-2.42,-1.8656,-1.4995,-1.2047,-1.2047,-1.2047,-1.2047,-1.2047,-1.2047,-1.2047,-1.0461,-0.71622,-0.71835,-0.71835,-1.0898,-1.0898,-1.176,-1.176,-0.69813,-0.61087,-0.61087,-0.61087,-0.61087,-0.61087,-0.61087,-0.58107,-0.60661,-0.096844,0.62789,0.62789,0.62789,0.62789,0.62789,0.62789,0.62789,1.1206,1.0504,0.77901,0.77901,0.77901,0.77901,0.77901,0.77901,0.77901,1.0834,1.4537,1.4165,1.1632,1.1632,1.1632,1.1632,1.1632,1.1632,1.1632,0.94397,1.0727,1.0727,1.1792,1.3399,1.3399,0.80881,0.80881,-0.024477,-0.024477,-0.024477,-0.024477,-0.95674,-1.0046,-1.1132,-1.1132,-1.1132,-1.1132,-1.1132,-1.1132,-1.325,-2.2711,-2.1572,-2.1572,-2.1572,-2.1572,-2.1572,-2.1572,-0.85777,-0.17028,-0.58,-0.58,-0.58,-0.58,-0.58,-0.58,-1.6091,-0.69175,-0.79178,-0.77263,-0.77263,-0.76943,-0.76943,-0.76943,-0.67685,-0.58532,-0.7407,-0.7407,-0.7407,-0.7407,-1.0046,-1.0962,-1.0962,-0.75347,-0.75347,-0.75347,-0.75347,-0.75347,-0.75347,-0.99611,-0.99611,-0.99611,-0.99611,-0.99611,-0.99611,-0.99611,-2.088
-0.75347,-0.99611,-0.99611,-0.99611,-0.99611,-0.99611,-0.99611,-0.99611,-2.088,-2.088,-1.3782,-1.3782,-1.3782,-1.3782,-1.3782,-0.84819,-0.86734,-0.86734,-0.86734,-0.86734,-0.86734,-0.86734,-0.86415,-1.0259,-1.2781,-1.2781,-1.7751,-1.7751,-1.7751,-1.5421,-1.5421,-0.65769,-0.61831,-0.61831,-0.61831,-0.34587,0.33523,0.33523,0.33523,0.33523,0.33523,0.33523,0.95567,0.95567,1.1941,0.66833,0.66833,0.66833,0.66833,0.66833,0.66833,0.66833,0.80775,0.80775,0.97909,0.97909,0.97909,1.0429,1.0429,1.7006,1.7006,1.7006,1.7006,1.7006,1.7006,1.8847,1.0195,1.0195,0.32672,0.32672,0.32672,-0.19795,-0.30543,-0.30543,-0.30543,-0.30543,-0.30543,-0.30543,-0.95887,-1.1536,-1.1536,-1.1536,-1.1536,-1.1536,-1.1536,-1.1536,-1.0493,-2.0625,-2.0625,-2.0625,-2.0625,-2.0625,-2.0167,0.032991,-0.17985,-0.17985,-0.17985,-0.17985,-0.17985,-0.17985,-1.3984,-0.44165,-0.44165,-0.68004,-0.7258,-0.7258,-0.6843,-0.6843,-0.74176,-0.74176,-0.74176,-0.74176,-0.74176,-0.74176,-0.85989,-0.69494,-0.69494,-0.33417,-0.33417,-0.33417,-0.24477,-0.35758,-0.35758,-0.71197,-0.71197,-0.71197,-0.71197,-0.71197,-0.71197,-2.0912
-0.35758,-0.71197,-0.71197,-0.71197,-0.71197,-0.71197,-0.71197,-2.0912,-2.0912,-2.0912,-2.0912,-2.0912,-2.0912,-2.0912,-1.0312,-0.89395,-0.89395,-0.79285,-0.79285,-0.79285,-0.79285,-0.79285,-0.69813,-0.69813,-1.0983,-1.1685,-1.1685,-1.1685,-0.96419,-0.96419,-0.85564,-0.85564,-0.85564,-0.85564,-0.85564,-0.85564,-0.72899,-0.21285,0.52573,1.1483,1.1483,1.4048,1.4048,1.4048,1.4048,1.4048,1.4048,1.4367,1.0355,1.1845,1.1845,1.1845,1.1845,1.1845,1.1845,1.1355,0.90991,0.76411,0.70984,0.70984,0.70984,0.70984,0.70984,0.70984,0.76837,0.46613,0.41718,0.41718,0.55659,0.55659,0.25648,0.25648,-0.28415,-0.28415,-0.28415,-0.28415,-0.28415,-0.28415,-0.59064,-0.59064,-1.1206,-0.86521,-1.1153,-1.1153,-1.1153,-1.1153,-1.1153,-1.1153,-1.6634,-2.105,-4.6741,-4.6741,-4.6741,-4.6741,-4.6741,-4.6741,-3.2555,-3.2555,-1.2004,-1.2004,-1.2004,-1.2004,-1.2004,-1.2004,-1.2004,-1.6432,-0.59384,-0.61725,-0.59171,-0.59171,-0.59171,-0.59171,-0.59171,-0.6843,-0.7109,-0.71622,-0.71622,-0.60022,-0.60022,-0.60022,-0.60022,-0.50764,-0.60129,-0.26074,-0.26074,0.046826,0.046826,0.046826,0.046826,0.046826
0.046826,0.046826,0.046826,-0.13729,-1.3367,-2.2647,-2.5446,-2.5446,-2.5446,-2.5446,-2.5446,-2.5446,-2.3094,-1.4803,-1.2026,-1.2026,-1.0366,-1.0366,-1.0366,-1.0366,-1.0366,-1.0366,-0.88331,-0.88331,-0.68855,-1.2175,-1.2175,-1.0174,-1.0174,-1.0163,-1.127,-1.127,-1.2292,-1.2292,-1.1355,-1.1355,-1.1355,-1.1355,-1.1355,-1.1355,-1.1355,0.37141,0.37141,0.93758,1.1536,1.1536,1.1536,1.1536,1.1536,1.3462,1.3462,1.8826,1.8826,1.8826,1.8826,1.8826,1.8826,1.9922,1.8688,1.9763,1.956,1.956,1.956,1.956,1.956,1.956,1.8273,2.072,2.1029,2.0061,2.0061,2.1242,2.1242,2.1242,1.7304,0.64705,0.64705,0.64705,-0.27138,-0.46081,-0.46081,-0.46826,-0.46826,-0.46826,-0.46826,-0.46826,-0.87373,-0.87373,-1.5442,-2.9064,-2.9064,-2.9064,-2.9064,-2.9064,-2.9064,-2.0167,-3.0181,-3.0181,-3.0181,-3.0181,-3.0181,-3.0181,-3.0181,-3.0181,-1.3441,-0.464,-0.464,-0.464,-0.464,-0.464,-0.464,-0.44804,-0.68749,-0.57894,-0.59597,-0.59597,-0.7971,-0.7971,-0.7971,-0.91523,-0.87799,-0.87799,-0.68855,-0.68855,-0.68855,-0.68855,-0.68855,0.087266,0.09578,0.09578
-0.13516,-0.48209,-0.48209,-0.48209,-0.48209,-0.48209,-0.48209,-1.1483,-2.4456,-2.104,-1.6953,-1.6953,-1.6953,-1.6953,-1.6953,-1.6953,-1.2835,-0.74496,-0.74496,-0.67685,-0.67685,-0.67685,-0.67685,-0.67685,-0.67685,-0.58532,-0.88331,-0.88331,-0.88331,-1.4154,-1.1345,-1.1345,-0.41398,-0.41398,0.054275,0.054275,0.10536,0.10536,0.10536,0.10536,0.23626,0.6992,1.2749,1.2749,1.6815,1.6815,1.6815,1.6815,1.6815,1.6815,1.7868,1.4686,1.1643,1.1643,1.1643,1.1643,1.1643,1.1643,1.0951,1.0951,0.97164,1.0302,1.0302,1.0302,1.0302,1.0302,1.0302,1.2281,2.2061,2.2061,2.2061,2.0763,1.6676,1.6676,1.6676,1.6676,1.6676,1.6676,1.5453,0.34162,-0.49486,-0.85883,-0.85883,-1.1153,-1.1153,-1.1153,-1.1153,-1.1153,-1.1153,-1.2079,-2.2668,-2.2668,-2.7595,-2.7595,-2.7595,-2.7595,-2.7595,-2.7595,-2.3158,-0.8418,-0.8418,0.27138,0.27138,0.27138,0.27138,0.27138,-0.2618,-1.1291,-0.57255,-0.6662,-0.6662,-0.6662,-0.6662,-0.6662,-0.6662,-0.78221,-0.52679,-0.52679,-0.69707,-0.69707,-0.85351,-0.85351,-0.85351,-0.85351,-0.85351,-0.85351,-0.88863,0.16495,0.16495,0.16495
0.19475,0.19475,0.19475,0.19475,-1.5484,-2.2721,-2.2721,-2.2264,-2.2264,-2.2264,-2.2264,-2.2264,-1.8475,-1.8475,-0.90353,-0.90353,-0.90353,-0.90353,-0.90353,-0.90353,-0.812,-0.66408,-0.58745,-0.68749,-0.68749,-0.68749,-0.68749,-0.68749,-0.68749,-0.91523,-0.57255,-0.57255,-0.067046,0.026606,0.026606,0.19688,0.19688,0.19688,0.19688,1.5197,2.005,2.005,2.1955,2.1955,2.2136,2.2136,2.2136,2.2136,2.2136,2.2136,1.789,1.6698,1.3409,1.3409,1.3409,1.3409,1.3409,1.3409,1.028,1.0834,1.0834,1.2877,1.5676,1.5676,1.5676,1.5676,1.5676,1.9986,1.9986,1.475,1.3665,1.3665,0.5534,0.5534,-0.44378,-0.44378,-0.89182,-0.89182,-1.1855,-1.1855,-1.1855,-1.1855,-1.1855,-1.2824,-1.0632,-0.93865,-0.93865,-0.93865,-0.93865,-0.93865,-0.93865,-3.4758,-5.4637,-5.4637,-5.4637,-5.4637,-5.4637,-5.4637,0.077688,-1.1568,-1.1568,-1.6378,-1.6378,-1.6378,-1.6378,-1.6378,-1.6378,-0.57149,-0.78433,-0.78433,-0.67472,-0.67472,-0.58958,-0.58958,-0.58958,-0.58958,-0.58,-1.0397,-1.0813,-1.0504,-0.7854,-0.7854,-0.7854,-0.28521,-0.25648,-0.25648,-0.25648,-0.25648,-0.25648,-0.25648
-0.25648,-0.25648,-0.25648,-1.1196,-1.9039,-2.5925,-2.5925,-2.5925,-2.5925,-2.5925,-2.5925,-2.518,-1.2451,-1.2451,-1.2451,-1.2451,-1.2451,-1.2451,-0.58745,-0.42037,-0.34481,-0.34481,-0.34481,-0.34481,-0.34481,-0.34481,-0.34481,-0.44485,-0.61193,-0.61193,-0.51721,-0.51721,-0.5087,-0.5087,-0.5087,-0.5087,-0.5087,-0.5087,-0.47145,1.1909,1.1909,1.4516,1.4516,1.4516,1.4516,1.4516,1.4516,1.4516,1.3303,1.1355,1.1355,0.88969,0.80455,0.80455,0.80455,0.80455,0.80455,0.80988,1.0674,1.093,1.093,1.0259,1.0259,1.0259,1.0259,1.0259,1.0259,1.0259,1.342,1.342,1.3835,1.3835,1.3835,1.3835,1.3835,1.4175,-0.029798,-0.029798,-0.83861,-0.83861,-1.2047,-1.2047,-1.2047,-0.93439,-1.1866,-1.1866,-1.1653,-1.1653,-1.1653,-1.1653,-1.1653,-2.5712,-1.5751,-3.8461,-3.8461,-5.0476,-1.4154,-1.4154,-1.4154,-1.4154,-1.4154,-1.4154,0.16389,0.16389,-1.1706,-1.1706,-1.1706,-1.1706,-1.1706,-1.1706,-0.54169,-0.79391,-0.79391,-0.84499,-0.84499,-0.84499,-0.84499,-0.84499,-0.84499,-0.70345,-0.89182,-0.89182,-0.74176,-0.74176,-0.48209,-0.48209,-0.010642,-0.010642,-0.010642,-0.010642
-0.1309,-0.1309,-1.1717,-1.1717,-1.1717,-2.1178,-2.1178,-2.1178,-2.1178,-2.1178,-2.3913,-1.7624,-1.3665,-1.0919,-1.0919,-1.0919,-1.0919,-1.0919,-1.0919,-0.93226,-0.68855,-0.56085,-0.78114,-0.78114,-0.78114,-0.78114,-0.78114,-0.78114,-1.2036,-0.55765,-0.55765,-0.53211,-0.53211,-0.31714,-0.31714,-0.31714,-0.31714,-0.31714,-0.31714,0.16708,1.0972,1.2675,1.3431,1.3431,1.4058,1.4058,1.4058,1.4058,1.4058,1.3431,1.3633,1.3633,1.4229,1.4229,1.3984,1.5623,1.5623,1.5623,1.5623,1.5623,1.5623,1.6783,1.3388,1.5942,1.5942,1.5942,1.6602,1.4697,1.4697,1.5889,1.5889,1.5889,1.5889,1.5889,1.5889,1.6251,1.6251,-0.91204,-0.91204,-0.81307,-0.74921,-0.74921,-1.1792,-1.1792,-2.1306,-2.1306,-2.1306,-2.1306,-2.1306,-2.1306,-2.8266,-3.1522,-4.0377,-2.2125,-2.2125,-2.2125,-2.2125,-2.2125,-2.2125,-1.524,-1.524,-1.524,-1.524,-1.524,-1.524,-1.524,-0.82371,-0.82371,-0.62789,-0.50444,-0.50444,-0.50444,-0.50444,-0.50444,-0.50444,-0.38631,-1.0376,-1.0376,-1.3441,-1.3441,-1.3058,-1.3058,-0.92268,-0.92268,-0.57787,-0.55872,-0.55872,-0.7407,-0.7407,-1.0217
-0.7407,-1.0217,-1.0217,-1.6602,-1.6602,-1.6602,-1.6602,-1.6602,-2.072,-1.7985,-1.4665,-1.4665,-1.0717,-1.0717,-1.0717,-1.0717,-1.0717,-1.0717,-0.55127,-0.48209,-0.45762,-0.45762,-0.45762,-0.45762,-0.45762,-0.45762,-0.45762,-0.59597,-1.3654,-1.3654,-1.408,-1.408,-1.408,-1.408,-1.408,-1.408,-1.2547,-1.2547,-1.2547,-1.2547,-1.2547,-1.2547,-0.73006,0.56723,0.9312,1.1643,1.1643,1.292,1.292,1.292,1.292,1.292,1.1089,1.1089,0.98015,1.0621,1.0621,1.0621,0.92907,0.92907,1.0163,1.0163,1.0163,1.0163,1.0163,1.094,0.98867,1.3228,1.6623,1.6623,1.6623,1.6623,1.6623,1.6623,1.4633,1.7783,1.3537,1.3537,0.34907,-0.60767,-0.60767,-0.60767,-0.60767,-0.60767,-0.60767,-0.60767,-0.60767,-0.68004,-0.88118,-0.88118,-1.4793,-1.4793,-1.4793,-1.4793,-1.4793,-1.8007,-1.8007,-3.9185,-5.4201,-5.4201,-1.6474,-1.6474,-1.6474,-1.6474,-1.6474,-1.6474,0.12451,-1.2675,-1.2675,-0.25009,-0.25009,-0.25009,-0.25009,-0.25009,-0.25009,-0.18092,-0.37993,-0.42888,-0.38631,-0.38631,-0.38631,-0.38631,-0.38631,-0.50231,-0.50231,-0.50231,-0.6811,-0.50338,-0.50338,-0.21817
-0.21817,-0.21817,-0.24796,-1.2207,-2.2679,-2.6574,-2.6574,-2.6574,-2.6574,-2.6574,-2.6574,-2.6574,-2.369,-1.2856,-1.0695,-1.0695,-1.0695,-1.0695,-1.0695,-1.0695,-1.0695,-0.66195,-0.71622,-0.83648,-0.83648,-1.2324,-1.2324,-1.2324,-1.2324,-1.2324,-1.1164,-0.7407,-0.7407,-0.38738,-0.38738,-0.38738,-0.38738,-0.38738,-0.38738,0.1458,0.1458,1.5282,1.8901,2.1753,2.1753,2.2264,2.0412,2.0412,2.0412,2.0412,2.0412,1.6251,1.409,1.5431,1.7219,1.7219,1.7219,1.7219,1.7219,1.7219,1.7145,0.98654,0.98654,0.98654,0.98654,0.98654,0.98654,1.2941,1.69,1.69,1.7985,1.7985,1.7985,1.7985,1.7985,1.7985,0.17666,-0.20007,-0.34374,-0.86734,-0.86734,-1.0323,-1.0323,-0.76518,-0.76518,-1.2409,-1.2686,-1.2686,-1.2686,-1.2686,-1.2686,-1.2686,-1.7602,-1.7602,-3.8121,-5.4424,-5.4424,-5.4424,-5.4424,-5.4424,-5.4424,-2.5776,-1.7549,-1.773,-1.773,-1.773,-1.773,-1.773,-1.773,-1.773,-0.75028,-0.63854,-0.47784,-0.47784,-0.47784,-0.47784,-0.47784,-0.47784,-0.41079,-0.87054,-1.0472,-1.061,-1.061,-1.0376,-1.0376,-1.0376,-1.0376,-1.0376,-1.0376,-0.61406
-1.1685,-1.74,-1.74,-1.74,-1.74,-1.74,-1.74,-1.74,-1.8581,-1.8581,-1.3654,-1.3654,-1.3654,-1.3654,-1.3654,-1.3654,-0.97483,-0.36716,-0.36716,-0.36716,-0.36716,-0.36716,-0.36716,-0.25967,-0.3065,-0.35652,-0.72474,-0.72474,-0.72474,-0.72474,-0.72474,-0.72474,-0.73644,-0.25009,0.015963,0.015963,0.29798,0.65024,0.65024,1.2015,1.2015,1.6346,1.6346,1.8943,1.8943,1.8943,1.8943,1.9422,1.8113,1.8113,1.7315,1.7315,1.7315,1.7315,1.7315,1.7315,1.1675,1.2334,1.2334,1.2334,1.2334,1.2334,1.2334,1.3324,1.5463,1.5463,1.7464,1.7464,1.7464,1.7464,1.7464,1.7464,1.6134,1.1706,1.1706,0.19156,0.19156,-0.57894,-0.57894,-0.55233,-0.91523,-0.91523,-0.72687,-0.72687,-0.85989,-0.85989,-0.96419,-0.96419,-0.96419,-0.96419,-0.96419,-0.96419,-3.3332,-2.005,-3.3076,-3.3076,-3.3076,-3.3076,-3.3076,-3.3076,-5.6223,0.61193,0.61193,0.61193,0.61193,0.61193,0.61193,0.61193,-0.69813,-0.40547,-0.40547,-0.51934,-0.51934,-0.51934,-0.51934,-0.51934,-0.51934,-0.62683,-0.63215,-0.56936,-0.5949,-0.5949,-0.61193,-0.61193,-0.61193,-0.61193,-0.61193,-0.61193,-0.55978,-0.35545
-0.18198,-0.18198,-0.18198,-0.63321,-2.2264,-2.7478,-2.4775,-2.4775,-2.0742,-2.0742,-2.0742,-2.0742,-2.0742,-2.0742,-1.6453,-1.6453,-0.90991,-0.80455,-0.80455,-0.80455,-0.80455,-0.80455,-0.80455,-0.80455,-0.64173,-0.53956,-0.68004,-1.1132,-1.1132,-1.1132,-1.1132,-1.1132,-1.1132,-0.90672,-0.90672,-0.20752,0.010642,0.010642,0.31395,0.31395,0.83329,0.83329,0.83329,0.83329,0.83329,1.3356,1.5729,1.5729,1.4729,1.4729,1.2409,1.2409,1.2409,1.2409,1.2409,1.2409,1.1036,1.2292,1.1334,1.1483,1.1483,1.1483,1.1483,1.1483,1.1483,1.176,1.1121,1.4069,1.7464,1.7464,1.7464,1.7464,1.7464,1.7464,1.5091,1.359,0.95355,0.95355,0.15538,-0.25329,-0.25329,-0.38631,-0.75773,-0.75773,-0.75773,-1.0397,-1.0397,-1.0397,-1.0397,-1.0397,-2.2572,-2.7989,-2.0646,-2.0646,-2.0646,-2.0646,-2.0646,-2.0646,-3.3289,-3.3289,-0.069175,-0.069175,-0.069175,-0.069175,-0.069175,-0.069175,-0.069175,-0.069175,-0.069175,-0.069175,-0.069175,0.19688,-0.32459,-0.32459,-0.23094,-0.23094,-0.23094,-0.23094,-0.23094,-0.23094,0.24264,0.14473,-0.24158,-0.24158,-0.24158,-0.24158,-0.24158,-0.24158,-0.65024,-0.59064
-0.3065,-0.3065,-0.3065,-0.3065,-0.60661,-1.8198,-1.9805,-1.7517,-1.7517,-1.7517,-1.7517,-1.7517,-1.7517,-1.4303,-0.80775,-0.6662,-0.64386,-0.64386,-0.64386,-0.64386,-0.64386,-0.64386,-0.60235,-0.55233,-0.6811,-0.77156,-0.77156,-1.177,-1.177,-1.177,-1.177,-1.177,-1.177,-1.2164,-0.50019,-0.3629,-0.38738,-0.38738,-0.0031927,-0.0031927,0.75134,0.75134,0.75134,0.75134,0.75134,0.75134,0.75134,1.2973,1.5165,1.5165,1.2505,1.2505,1.2505,1.2505,1.2505,1.2505,1.11,1.2409,1.2611,1.2877,1.2877,1.2877,1.2877,1.2877,1.2877,1.293,1.3431,1.6964,1.6091,1.6091,1.2462,1.2462,1.2462,1.2462,1.2462,1.2462,1.2271,1.2271,0.67578,-0.02022,-0.44272,-0.44272,-0.69387,-0.69387,-1.0131,-1.0131,-1.0131,-1.0131,-0.74815,-0.74176,-0.83435,-0.98441,-0.98441,-0.98441,-0.98441,-0.98441,-0.98441,-2.5616,-2.9862,-5.3924,-5.3924,-5.3924,-5.3924,-5.3924,-5.3924,0.49806,-0.76199,-0.76199,-1.8017,-1.8017,-1.8017,-1.8017,-1.8017,-1.8017,-0.50976,-0.49699,-0.49699,-0.36184,-0.36184,-0.31288,-0.31288,-0.31288,-0.31288,-0.31288,-0.23413,-0.23413,-0.64066,-0.87692,-0.91204,-0.91204
-0.60554,-0.60554,-1.1834,-1.1834,-1.1834,-1.1834,-1.1834,-1.1834,-1.9167,-1.9167,-1.839,-1.839,-1.4974,-1.4974,-1.4974,-1.4974,-1.4974,-1.4974,-1.2462,-0.89821,-0.89821,-0.81626,-0.81626,-0.81626,-0.81626,-0.81626,-0.81626,-0.81945,-1.491,-1.491,-1.1706,-1.1706,-0.94716,-0.94716,-0.8003,-0.8003,-0.78859,-0.78859,-0.43527,-0.43527,-0.43527,-0.43527,0.1905,0.76624,1.0259,1.1451,1.1451,1.1451,1.1451,1.1451,1.1451,1.1515,0.99505,0.93013,0.93013,0.93013,0.93013,0.93013,0.93013,0.96419,0.98228,1.2792,1.4963,1.4963,1.4963,1.4963,1.4963,1.4963,2.1338,2.1338,1.7209,1.2579,1.2579,1.2579,1.2579,1.2579,1.2579,1.4144,1.4144,1.4144,-0.2618,-0.57149,-0.85244,-0.85244,-0.53743,-0.53743,-0.53743,-0.53743,-0.53743,-0.79923,-1.3569,-3.3363,-3.3363,-3.3363,-3.3363,-3.3363,-3.3363,-3.3363,-5.2094,-3.2725,0.39589,0.39589,0.39589,0.39589,0.39589,0.39589,0.40653,-1.6112,-0.63215,-0.58745,-0.58745,-0.54169,-0.54169,-0.54169,-0.54169,-0.54169,-0.54169,-0.56723,-0.29053,-0.21817,-0.43208,-0.43208,-0.43208,-0.43208,-0.43208,-0.43208,-0.74815,-0.92268,-0.7556,-0.48529
-0.2469,-0.2469,-0.2469,-0.16815,-1.3313,-1.3313,-2.1657,-2.1657,-2.1657,-2.1657,-2.1657,-2.1657,-1.4952,-1.4952,-1.1036,-0.82158,-0.82158,-0.82158,-0.82158,-0.82158,-0.82158,-0.63747,-0.44485,-0.51296,-0.88437,-0.88437,-0.81626,-0.81626,-0.81626,-0.81626,-0.81626,-0.81626,-0.5502,-0.5502,-0.64705,-0.2171,-0.2171,0.63321,0.63321,0.63321,0.63321,0.63321,0.63321,1.7932,1.7932,1.7932,1.7932,1.7932,1.7932,1.8486,1.6804,1.6602,1.6655,1.6655,1.6655,1.6655,1.6655,1.6655,1.3643,1.3643,1.3643,1.3643,1.3643,1.3814,1.3814,1.8645,1.8645,1.7123,1.7123,1.7123,1.7123,1.7123,1.2537,1.2537,1.0908,-0.56298,-0.56298,-1.0621,-1.0621,-0.99079,-0.99079,-1.0248,-1.0248,-1.0248,-1.0248,-1.0248,-1.0248,-1.3239,-2.1487,-2.1487,-2.1487,-2.1487,-2.1423,-1.1334,-1.1334,0.25435,0.25435,0.25435,0.25435,0.25435,0.25435,0.25435,-1.1132,-0.58532,-0.54914,-0.54914,-0.58958,-0.58958,-0.58958,-0.58958,-0.58958,-0.58958,-0.55978,-0.029798,-0.18092,-0.18092,-0.18092,-0.18092,-0.18092,-0.18092,-0.18092,-0.82584,-0.68004,-0.43208,-0.2022,-0.2022,-0.2022,-0.2022,-0.2022,-0.2022
-0.2022,-0.2022,-0.13622,-0.91098,-2.3498,-2.3498,-2.3498,-2.3498,-2.3498,-2.3498,-2.3498,-2.386,-1.3856,-1.3856,-1.176,-1.176,-1.176,-1.176,-1.176,-0.96312,-0.96312,-0.67685,-0.67685,-0.78221,-0.78221,-0.55127,-0.55127,-0.55127,-0.55127,-0.55127,-0.55127,-0.57255,-0.43101,0.116,0.85351,0.85351,0.85351,0.85351,0.85351,0.85351,0.85351,1.889,1.889,1.889,1.889,1.7847,1.7847,1.1515,1.1515,1.1515,1.1515,1.1515,1.1515,1.176,1.1845,1.3558,1.3558,1.3558,1.3558,1.3558,1.3558,1.6719,1.5091,1.5091,1.3952,1.3952,0.46932,-0.38631,-0.38631,-0.85457,-0.85457,-0.91311,-0.91311,-0.91311,-0.91311,-0.91311,-1.5463,-2.1689,-2.1689,-2.1689,-2.1689,-2.1689,-2.1689,-2.1689,-2.0199,-3.7844,-3.7844,-3.6471,-3.6471,-3.6471,-3.6471,-0.44272,-1.3356,-1.9337,-0.80243,-0.80243,-0.80243,-0.80243,-0.80243,-0.80243,-0.60661,-0.46507,-0.46507,-0.23626,-0.23626,-0.08301,-0.08301,-0.08301,-0.08301,-0.08301,-0.08301,-0.93545,-0.73538,-0.73538,-0.34162,-0.34162,-0.34162,-0.34162,-0.34162,-0.62789,-1.1217,-1.1217,-1.1217,-1.1217,-1.1217,-1.1217,-1.1217,-1.9358,-2.171,-1.7123
-0.62789,-1.1217,-1.1217,-1.1217,-1.1217,-1.1217,-1.1217,-1.1217,-1.9358,-2.171,-1.7123,-1.2792,-1.2792,-0.95142,-0.95142,-0.95142,-0.95142,-0.95142,-0.95142,-0.95142,-0.48848,-0.46719,-0.46719,-0.56298,-0.56298,-0.56298,-0.56298,-0.56298,-0.80668,-0.80668,-1.4154,-1.4931,-0.98973,-0.98973,-0.35864,-0.35864,0.18092,0.18092,0.18092,0.18092,1.1664,1.1664,1.5282,1.8102,1.8102,1.8102,1.8102,1.8102,1.8102,2.0433,2.2104,1.9869,1.9869,1.9869,1.9869,1.9869,1.839,1.2441,0.88969,0.88969,0.72793,0.72793,0.72793,0.72793,0.72793,0.72793,0.90778,1.8028,1.8028,1.2409,1.2409,0.88969,0.88969,0.88969,0.88969,0.88969,1.1621,0.76411,0.079817,-0.35545,-0.35545,-0.84287,-0.84287,-0.85989,-0.85989,-0.93652,-0.93652,-0.93652,-0.93652,-0.88224,-0.88224,-1.5038,-2.8723,-2.8723,-2.8723,-2.8723,-2.8723,-2.8723,-4.8773,-1.988,-1.988,0.35332,0.35332,-0.30969,-1.9401,-1.9401,-1.7432,-1.7432,-1.7432,-1.7432,-1.7432,-1.7432,-0.56617,-0.4342,-0.36609,-0.36609,-0.32672,-0.30756,-0.30756,-0.30756,-0.30756,-0.30756,-0.30756,-0.30756,-0.43208,-0.81839,-0.81839,-0.64066,-0.35864,-0.35864
-0.32672,-0.32672,-0.32672,-0.32672,-0.32672,-0.64066,-2.2391,-2.3562,-2.0124,-2.0124,-2.0124,-2.0124,-2.0124,-1.6495,-1.1728,-1.0302,-1.0302,-1.0302,-1.0302,-1.0302,-1.0302,-0.89501,-1.441,-1.441,-1.1824,-1.1824,-1.1824,-1.1824,-1.1824,-1.1824,-0.79923,-0.83116,-0.83116,-0.57787,-0.076624,-0.076624,0.58,0.58,0.58,0.58,0.58,1.1919,1.3303,1.3303,1.3303,1.3303,1.3303,1.3303,1.3548,1.193,1.2175,1.2175,1.2175,1.2175,1.2175,1.2175,1.2175,1.2622,1.3611,1.3963,1.3963,1.7485,1.7485,1.7485,1.7485,1.7485,1.7485,1.8964,1.1919,0.67578,0.67578,0.67578,0.67578,0.67578,0.67578,-0.0021285,-0.80988,-0.81732,-1.0919,-1.0919,-1.3335,-1.3335,-1.3335,-1.3335,-1.3335,-1.6017,-1.4793,-3.1905,-4.5198,-4.5198,-4.5198,-4.5198,-4.5198,-4.5198,-4.5198,0.073432,-1.5261,-1.1824,-1.1824,-1.1824,-1.1824,-1.1824,-1.1824,-0.41079,-0.29479,-0.29479,-0.16815,-0.16815,-0.018092,-0.018092,-0.018092,-0.018092,-0.018092,-0.018092,-0.62789,-0.62789,-0.78859,-0.74496,-0.74496,-0.4789,-0.4789,-0.4789,-0.4789,-0.097909,-0.067046,-0.067046,-0.067046,-0.067046,-0.067046,-0.067046
-0.067046,-0.067046,-0.067046,-0.067046,-0.42037,-1.8369,-2.3009,-2.0784,-2.0784,-2.0784,-2.0784,-2.0784,-2.0784,-1.6879,-1.0355,-1.0355,-0.97057,-0.97057,-0.97057,-0.90885,-0.85351,-0.85351,-0.85351,-0.85351,-0.85351,-0.85351,-0.89501,-1.4867,-1.176,-1.176,-1.176,-1.176,-1.176,-1.176,-1.176,-0.65556,-0.65556,-0.26712,0.093652,0.77688,1.4559,1.4559,1.4559,1.4559,1.4559,1.4559,1.4559,1.8315,1.3973,1.3973,1.3973,1.3973,1.3973,1.3973,1.3973,1.4878,1.5261,1.5229,1.4676,1.4676,1.4676,1.4676,1.4676,1.4676,1.4516,1.7358,1.242,1.242,1.0993,1.0993,1.0993,1.0993,1.0993,1.0993,1.0823,-0.34694,-0.34694,-0.8003,-0.8003,-0.92268,-0.92268,-0.69068,-0.79178,-0.79178,-0.79178,-0.79178,-0.79178,-0.79178,-0.80243,-1.8986,-1.8986,-1.8986,-1.8986,-1.8986,-1.8986,-3.0107,0.11281,0.11281,0.16389,0.16389,0.16389,0.16389,0.16389,-1.2132,-0.53637,-0.39483,-0.48316,-0.48316,-0.53318,-0.53318,-0.53318,-0.53318,-0.53318,-0.50338,-0.50338,-0.46932,-0.54595,-0.68855,-0.68855,-0.80455,-0.80455,-0.76411,-0.60129,-0.60129,-0.60129,-0.60129,-0.60129,-0.60129,-0.059597,-0.072367
-0.072367,-0.072367,-0.072367,-0.072367,-0.072367,-1.8464,-2.3296,-2.3296,-2.2115,-2.2115,-2.2115,-2.2115,-2.2115,-2.2115,-1.9156,-1.4165,-1.2249,-1.0695,-1.0695,-1.0695,-0.97909,-0.93971,-0.93971,-0.93971,-0.93971,-0.93971,-0.93971,-0.93971,-1.5878,-1.3771,-1.3771,-1.2398,-1.1291,-1.144,-1.144,-1.144,-0.72899,-0.72899,0.0053211,0.60874,0.60874,0.60874,0.60874,0.60874,0.8567,0.7971,0.7971,0.7971,0.7971,0.7971,0.7971,0.62896,0.97696,0.97696,1.1036,1.1036,1.1036,1.1036,1.1036,1.1036,1.3047,1.2143,1.2654,1.5655,1.5655,1.5655,1.5655,1.5655,1.5655,1.4591,1.2409,1.2409,0.84712,0.84712,0.232,0.232,0.232,0.232,0.232,0.232,-0.26286,-0.56617,-0.64811,-0.75879,-0.75879,-0.75879,-0.75879,-0.75879,-0.75879,-0.75879,-0.45549,-3.6162,-2.7542,-2.7542,-2.7542,-2.7542,-2.7542,-2.7542,-0.2618,-0.2618,0.28308,0.28308,0.28308,0.28308,0.28308,0.28308,-1.0217,-0.83542,-0.31288,-0.4193,-0.4193,-0.6247,-0.6247,-0.6247,-0.6247,-0.6247,-0.6247,-0.68323,-0.68323,-0.79923,-0.81839,-0.81839,-0.81839,-0.81839,-0.81839,-0.81839,-0.81839,-0.50019,-0.32033,-0.31182
-0.43101,-0.43101,-0.43101,-0.43101,-0.43101,-0.75986,-0.75986,-0.75986,-0.75986,-1.6836,-1.6836,-1.326,-1.326,-1.326,-1.326,-1.326,-1.326,-1.1121,-0.82797,-0.71303,-0.71303,-0.61299,-0.99824,-0.99824,-0.99824,-0.99824,-0.99824,-0.99824,-1.1941,-1.0568,-1.0568,-1.0802,-1.0802,-0.7971,-0.7971,-0.18092,0.40334,0.40334,0.71516,0.71516,0.73112,0.73112,0.73112,0.73112,0.73112,0.77156,0.64811,0.27244,0.27244,0.27244,0.27244,0.27244,0.27244,0.27244,0.22562,1.1717,0.9429,0.9429,0.9429,0.71516,0.85777,0.85777,0.85777,0.85777,0.85777,0.85777,1.2792,1.2654,1.4548,1.4548,1.0397,1.0397,1.0397,1.0397,1.0397,1.0397,0.022349,-0.83435,-1.3899,-1.3697,-1.5261,-1.5261,-1.5261,-1.5261,-1.5261,-1.6176,-2.0178,-2.0178,-1.2004,-1.2004,-1.2004,-1.2004,-1.2004,-1.2004,-1.8826,-4.1122,-1.0685,-0.42569,-0.42569,-0.42569,-0.42569,-0.42569,-0.42569,-0.96844,-0.94503,-0.61299,-0.70132,-0.70132,-0.70132,-0.70132,-0.70132,-0.70132,-0.77156,-0.5385,-0.5385,-0.64066,-0.64066,-0.82371,-0.82371,-0.82371,-0.82371,-0.82371,-0.82371,-0.82371,-0.93758,-0.61512,-0.61512,-0.42782,-0.42782,-0.4789
-0.4789,-0.4789,-0.4789,-0.4789,-1.4324,-1.4324,-1.4324,-1.4324,-1.4324,-1.4324,-2.2519,-2.0178,-1.5538,-1.5538,-1.1089,-1.1089,-1.1089,-1.1089,-1.1089,-1.1089,-0.70877,-0.71622,-0.71622,-0.73006,-0.73006,-0.96844,-0.96844,-0.96844,-0.96844,-0.96844,-0.96844,-1.4867,-0.84606,-0.84606,-0.6694,-0.6694,-0.6694,-0.6694,-0.6694,-0.6694,-0.4491,0.57149,1.0217,1.1515,1.1515,1.1962,1.1962,1.1962,1.1962,1.1962,1.1962,1.1749,0.75241,0.56404,0.60767,0.60767,0.60767,0.60767,0.60767,0.60767,0.86096,0.89076,0.89076,1.0238,1.0238,1.0238,1.0238,1.0238,1.0238,1.3952,0.95461,1.0057,1.0664,1.0664,0.70239,0.70239,0.70239,0.70239,0.70239,0.70239,0.70239,0.18837,-0.6992,-0.6992,-0.73751,-0.87479,-0.87479,-0.87479,-0.6843,-0.6843,-0.6843,-0.6843,-0.6843,-0.6843,-1.9316,-1.9316,-2.3487,-4.5432,-4.5432,-4.5432,-4.5432,-4.5432,-4.5432,-3.2108,0.63854,-0.92162,-1.7858,-1.7858,-1.7858,-0.7556,-0.35545,-0.35545,-0.35545,-0.35545,-0.35545,-0.35545,-0.38206,-0.42675,-0.25861,-0.15538,-0.15538,-0.15538,-0.15538,-0.15538,-0.15538,-0.37993,-0.85777,-0.8418,-0.87905,-0.87905
-0.50338,-0.50338,-0.8152,-1.2717,-1.2717,-1.8369,-1.8369,-1.8369,-1.8369,-1.8369,-1.8369,-2.2232,-1.8369,-1.3537,-1.0206,-1.0206,-1.0206,-0.77263,-0.61406,-0.61406,-0.61406,-0.61406,-0.61406,-0.61406,-0.61406,-0.56191,-0.87586,-0.87586,-1.2632,-1.2632,-1.2632,-1.2632,-1.2632,-1.2632,-1.1302,-0.84819,-0.74709,-0.54701,-0.54701,-0.54701,-0.094716,0.62151,0.62151,0.62151,0.62151,1.1291,1.5772,1.5772,1.5772,1.5772,1.5772,1.5772,1.2973,1.1483,1.1483,1.1483,1.1483,1.1483,1.2111,1.2324,1.11,1.11,0.93865,0.93865,0.93865,0.93865,0.93865,0.93865,0.85989,1.3622,1.0844,1.1675,1.1675,1.1675,1.1675,1.1675,1.1675,1.3601,0.24903,-0.20965,-0.3182,-0.3182,-0.91843,-0.91843,-0.89608,-0.89608,-0.89608,-0.89608,-0.89608,-1.3654,-1.9731,-1.9731,-3.0533,-3.0533,-3.0533,-3.0533,-3.0533,-3.0533,-1.8124,-4.1941,-2.5392,-0.33204,-0.33204,-0.33204,-0.19262,-1.4963,-1.4963,-1.4963,-1.4963,-1.4963,-1.4963,-1.8816,-0.37674,-0.58107,-0.58107,-0.65131,-0.65131,-0.65131,-0.65131,-0.65131,-0.65131,-0.63428,-0.55233,-0.63534,-0.74389,-0.74389,-0.75241,-0.75241,-0.74496,-0.74496
-0.34481,-0.34481,-0.34481,-0.34481,-0.52998,-1.4058,-2.1668,-2.4467,-2.4467,-2.4467,-2.4467,-2.4467,-2.1114,-1.2153,-0.94184,-0.94184,-0.78221,-0.78221,-0.69387,-0.63109,-0.63109,-0.63109,-0.63109,-0.63109,-0.63109,-0.57468,-1.2228,-1.2228,-1.2228,-1.2228,-1.2228,-1.2228,-1.2228,-1.1813,-0.62364,-0.47997,-0.36822,-0.36822,-0.0053211,-0.0053211,-0.0053211,-0.0053211,-0.0053211,1.2547,1.2547,1.2547,1.2547,1.2547,1.2547,1.2547,1.2952,1.0993,0.99292,1.1164,1.1164,1.1164,1.1164,1.1164,1.1164,1.1749,0.94822,1.0397,1.0397,1.1494,1.0951,1.0951,1.0951,1.0951,1.0951,1.0951,1.3494,1.0195,1.0195,1.1206,1.1206,1.1206,1.1206,1.1206,1.1206,0.83648,-0.28202,-0.53211,-0.88756,-0.88756,-0.73006,-0.73006,-0.8567,-0.8567,-0.8567,-0.8567,-0.8567,-0.8567,-2.2157,-2.2157,-1.0993,-1.0993,-1.0993,-1.0993,-1.0993,-1.0993,-2.3253,-0.41824,-0.41824,-0.037248,-0.037248,-0.037248,-0.037248,-0.037248,-0.037248,-0.88969,-0.82903,-0.56617,-0.56617,-0.54169,-0.53956,-0.53956,-0.53956,-0.53956,-0.53956,-0.53956,-0.4523,-0.22349,-0.2618,-0.47997,-0.47997,-0.47997,-0.47997,-0.47997,-0.47997,-0.47997
-0.40334,-0.40334,-0.40334,-0.40334,-0.40334,-0.40334,-2.3817,-2.386,-2.386,-2.0763,-2.0763,-2.0763,-2.0763,-2.0763,-2.0763,-1.7145,-1.1675,-1.0376,-0.96525,-0.96525,-0.96525,-0.96525,-0.96525,-0.96525,-0.79178,-0.79178,-1.1217,-1.1217,-0.928,-0.928,-0.928,-0.928,-0.928,-0.928,-0.57787,-0.53211,-0.59916,-0.59916,-0.35332,0.31607,0.31607,0.31607,0.31607,0.31607,0.31607,1.3356,1.3356,1.3356,1.3356,1.3356,1.3356,1.2249,0.83222,0.76092,0.91098,0.91098,0.91098,0.91098,0.91098,0.91098,1.2366,1.1877,1.1877,1.4878,1.4878,1.8464,1.8464,1.8464,1.8464,1.8464,1.8464,1.5846,1.0291,1.0291,0.1756,0.1756,0.1756,0.1756,0.1756,-0.31501,-1.0121,-1.0195,-1.3846,-1.3846,-1.3846,-1.3846,-1.3846,-1.3846,-2.6159,-1.358,-1.358,-1.358,-1.358,-1.358,-1.358,-2.2115,-2.8777,-0.33417,0.27457,0.27457,0.27457,0.27457,0.27457,0.27457,-0.3214,-0.4193,-0.4193,-0.43101,-0.43101,-0.48103,-0.48103,-0.48103,-0.48103,-0.48103,-0.48103,-0.4374,-0.11387,-0.22136,-0.47039,-0.47039,-0.47039,-0.47039,-0.47039,-0.47039,-0.47039,-0.65982,0.065982,0.065982,0.081945,0.081945
0.081945,0.081945,0.081945,0.081945,-1.1919,-1.1919,-1.1919,-1.1919,-1.1919,-1.1919,-2.0444,-2.0774,-1.6942,-1.3399,-1.3399,-1.3399,-1.3399,-1.3399,-1.3399,-1.1249,-1.0472,-1.0738,-1.1132,-1.1132,-1.2803,-1.2803,-1.2803,-1.2803,-1.2803,-1.2803,-1.5878,-1.3271,-1.3271,-0.93652,-0.93652,-0.87373,-0.87373,-0.55659,-0.55659,0.18837,0.18837,0.18837,0.18837,0.18837,1.4165,1.4165,1.4165,1.4165,1.4165,1.4165,1.4165,1.4654,1.2324,1.2324,1.2739,1.2739,1.2739,1.2739,1.2739,1.2739,1.2068,1.2664,1.3622,1.4431,1.4431,1.7868,1.7868,1.7868,1.7868,1.7868,1.7868,2.0029,1.4293,1.4293,0.94929,0.94929,0.94929,0.94929,0.94929,0.94929,0.24796,-0.44485,-0.90566,-0.90566,-0.90566,-0.90566,-0.90566,-0.83116,-0.83116,-0.83116,-1.044,-2.303,-2.303,-2.303,-1.9869,-2.5031,-2.5031,-2.5031,-2.5031,-2.5031,-2.5031,-0.84925,0.11813,0.11813,-0.74709,-0.74709,-0.74709,-0.74709,-0.74709,-0.74709,-2.0422,-0.63215,-0.73325,-0.86521,-0.86521,-0.76305,-0.76305,-0.76305,-0.76305,-0.76305,-0.76305,-0.60342,-0.68855,-0.91949,-0.98441,-0.98441,-0.98441,-0.98441,-0.98441,-0.98441
-0.26286,-0.26286,-0.26286,-0.26286,-0.51083,-1.6974,-2.4552,-2.4552,-2.4467,-2.4467,-2.0699,-1.6155,-1.6155,-1.6155,-1.6155,-1.6155,-1.6155,-1.1994,-0.82797,-0.79604,-0.74389,-0.74389,-0.74389,-0.74389,-0.74389,-0.74389,-0.74389,-0.70771,-1.2345,-1.2345,-0.79391,-0.79391,-0.53211,-0.53211,-0.53211,-0.53211,-0.53211,-0.53211,-0.36822,0.37567,1.0036,1.0036,1.0036,1.0036,1.0036,1.0036,1.2845,1.2568,1.2568,1.1611,1.1611,1.1611,1.1611,1.1611,1.1611,1.0823,1.5846,1.4239,1.5814,1.5814,1.5814,1.5814,1.5814,1.5814,1.7538,1.8645,2.1561,2.1561,2.1731,1.6964,1.6964,1.6964,1.6964,1.6964,1.6964,1.6964,1.3143,0.46932,-0.4193,-0.89821,-0.89821,-0.86734,-0.86734,-0.961,-0.961,-1.2505,-1.2505,-1.2505,-1.2505,-1.2505,-1.0759,-2.6999,-2.6999,-2.6999,-2.6999,-2.6999,-2.6999,-1.7187,-4.5772,-2.1955,0.12239,0.12239,0.12239,0.12239,0.12239,0.12239,-0.053211,-1.409,-0.67259,-0.73325,-0.73325,-0.88863,-0.88863,-0.88863,-0.88863,-0.88863,-0.88863,-0.96844,-0.75241,-0.75241,-0.93226,-0.93226,-0.93226,-0.93226,-0.93226,-0.93226,-1.1387,-0.93013,-0.62683,-0.27563
-0.22562,-0.22562,-0.22562,-0.22562,-0.22562,-0.38312,-0.38312,-2.1082,-2.4211,-2.4211,-2.4211,-2.4211,-2.4211,-2.4211,-2.1008,-1.4037,-1.1664,-1.0483,-1.0483,-1.0483,-1.0483,-1.0483,-1.0483,-0.99931,-0.8865,-1.011,-1.4335,-1.4335,-1.4335,-1.4335,-1.4335,-1.4335,-1.1909,-1.1909,-0.92588,-1.0248,-1.0248,-0.70771,-0.70771,0.0042569,0.0042569,0.67685,0.67685,0.961,0.961,0.961,0.961,0.961,1.0068,0.90566,0.90566,0.66195,0.66195,0.66195,0.66195,0.66195,0.66195,0.45762,1.4686,1.4686,1.4356,1.4356,1.4356,1.4356,1.4356,1.4356,1.2792,1.723,1.789,1.5548,1.5548,1.6464,1.6464,1.6464,1.6464,1.6464,1.6464,1.4729,1.4729,-0.46187,-0.65343,-0.65343,-0.80455,-0.80455,-1.1526,-1.1526,-1.3643,-1.3643,-2.0082,-2.0082,-2.0082,-2.0082,-2.0082,-3.0533,-2.8394,-2.8394,-4.4272,-4.4272,-4.4272,-4.4272,-4.4272,-4.4272,-4.4272,-0.090459,-1.4963,-1.6166,-1.6166,-1.6166,-1.6166,-1.6166,-1.6166,-0.70452,-0.70452,-0.73644,-0.73644,-0.64598,-0.64598,-0.64598,-0.64598,-0.64598,-0.64598,-0.50657,-0.90459,-0.90459,-0.82903,-0.82903,-0.63641,-0.63641,-0.63641,-0.63641
-0.28734,-0.5832,-0.5832,-0.5832,-0.5832,-0.5832,-0.5832,-1.9529,-2.2934,-2.2934,-1.9252,-1.9252,-1.9252,-1.9252,-1.9252,-1.9252,-1.9252,-1.1355,-1.06,-1.06,-1.0291,-1.0291,-1.0291,-1.0291,-1.0291,-1.0291,-1.0536,-1.7326,-1.7326,-1.491,-1.491,-1.2803,-1.2803,-1.2803,-1.2803,-1.2803,-1.2803,-0.93013,-0.2054,-0.2054,0.56298,0.56298,0.56298,0.56298,0.56298,0.56298,1.1962,1.0344,1.0344,1.0344,1.0344,1.0344,1.0344,0.79072,0.80136,1.3899,1.3899,1.3899,1.3899,1.3899,1.3899,1.3899,1.3537,1.5293,1.5293,2.1082,2.1082,2.1082,2.1082,2.1082,2.154,1.4388,1.0387,1.0387,0.26925,-0.29053,-0.29053,-0.29053,-0.29053,-0.29053,-0.29053,-0.29053,-0.58958,-1.1664,-1.1664,-1.2143,-1.2143,-1.8624,-2.254,-2.254,-1.5484,-1.5484,-1.5484,-3.5513,-3.5513,-3.5513,-3.5513,-3.5513,-3.5513,0.26499,-0.25222,-0.25222,-1.5516,-1.5516,-1.5516,-1.5516,-1.5516,-1.5516,-0.59916,-0.59916,-0.68217,-0.68217,-0.65237,-0.65237,-0.59277,-0.59277,-0.59277,-0.59277,-0.59277,-0.59277,-0.46826,-0.75028,-0.75028,-0.8152,-0.8152,-0.8152,-0.8152,-0.8152,-0.8152,-0.16602
-0.65343,-0.65343,-1.4261,-1.4261,-1.4261,-1.4261,-1.4261,-1.4261,-2.4211,-2.1955,-1.8635,-1.8635,-1.8635,-1.8635,-1.8635,-1.8635,-1.8635,-1.309,-0.98973,-0.98973,-0.9163,-0.9163,-0.9163,-0.9163,-0.9163,-0.94503,-1.3111,-0.92588,-0.7141,-0.7141,-0.71942,-0.71942,-0.71942,-0.71942,-0.71942,-0.71942,-0.71942,0.054275,0.87692,1.2973,1.2973,1.5186,1.4633,1.4633,1.2473,1.2473,1.0791,1.0791,1.0791,1.0791,1.0791,1.4463,1.8592,1.9837,1.9837,1.9837,1.9837,1.9837,1.9837,1.8837,2.3541,2.088,2.088,2.088,2.088,1.7858,1.5985,1.5985,1.5985,1.5985,1.5985,-0.54808,-0.73964,-0.82797,-0.82797,-0.82797,-0.82797,-0.82797,-0.82797,-0.95142,-0.89501,-2.0529,-2.0529,-2.5137,-2.5137,-2.2157,-4.3931,-4.3931,-3.9557,-3.9557,-3.9557,-3.9557,-3.9557,-3.9557,-0.32565,-0.57042,-1.7379,-0.76518,-0.76518,-0.76518,-0.76518,-0.76518,-0.76518,-0.36077,-0.36077,-0.6396,-0.55659,-0.38738,-0.38738,-0.32991,-0.32991,-0.32991,-0.32991,-0.32991,-0.57149,-0.98334,-0.88011,-0.73006,-0.73006,-0.73006,-0.73006,-0.73006,-0.73006,-0.42569,-0.45655,-0.88969,-0.88969,-1.5399,-2.2625,-2.2625
-0.42569,-0.45655,-0.88969,-0.88969,-1.5399,-2.2625,-2.2625,-2.4956,-2.4956,-2.4956,-2.4956,-2.4956,-2.4956,-2.4956,-2.1412,-0.99079,-0.99079,-0.99079,-0.99079,-0.99079,-0.99079,-0.58,-0.46613,-0.46613,-0.47358,-0.47358,-0.47358,-0.47358,-0.47358,-0.47358,-0.59809,-0.75879,-0.75879,-0.82371,-0.82371,-0.70239,-0.70239,-0.70239,-0.70239,-0.70239,-0.70239,-0.67153,0.11068,0.812,1.2153,1.2153,1.2153,1.2153,1.2153,1.2153,1.4388,1.4122,1.2537,1.2537,1.1962,1.1962,1.1962,1.1962,1.2739,1.4303,1.4303,1.4303,1.4303,1.4303,1.4303,1.5506,1.5868,1.5868,2.0369,2.0369,2.0369,2.0369,2.0369,2.0369,1.773,0.98973,0.042569,0.042569,-0.44485,-0.44485,-0.44485,-0.44485,-0.44485,-0.44485,-0.75666,-1.1504,-1.3952,-1.3303,-1.3303,-2.5595,-2.3764,-2.3764,-2.1348,-2.1348,-4.3208,-4.3208,-4.3208,-4.3208,-4.3208,-4.3208,-4.3208,-3.9089,-0.88544,-0.88544,-0.88544,-0.88544,-0.88544,-0.88544,-0.51083,-0.61299,-0.61299,-0.70452,-0.70452,-0.70452,-0.70452,-0.70452,-0.70452,-0.63854,-0.50231,-0.6662,-0.90991,-0.90991,-1.0451,-1.0451,-1.0451,-1.0451,-1.0451,-1.0451,-0.98228,-0.54382
-0.35226,-0.35226,-0.35226,-0.35226,-0.78008,-2.651,-2.651,-2.2817,-2.2817,-2.2817,-2.2817,-2.2817,-1.0844,-1.0844,-1.0844,-1.0844,-1.0844,-1.0844,-0.57149,-0.52147,-0.52147,-0.57255,-0.57255,-0.57255,-0.57255,-0.57255,-0.57255,-0.57255,-1.0483,-0.81094,-0.77688,-0.77688,-0.7705,-0.7705,-0.7705,-0.7705,-0.7705,-0.7705,-0.55872,-0.55872,-0.55872,-0.55872,-0.55872,0.67153,0.67153,0.67153,0.67153,0.67153,1.1749,1.3877,1.5282,1.5282,1.5282,1.5282,1.5282,1.5282,1.4814,1.2898,1.4207,1.5038,1.5038,1.5304,1.5304,1.5304,1.5304,1.5304,1.5304,1.8241,1.8092,1.673,1.674,1.674,1.674,1.674,1.674,1.674,1.0557,-0.43846,-0.7556,-0.83329,-0.83329,-1.1738,-1.1738,-1.1738,-1.1738,-1.1738,-1.1738,-1.3877,-1.3877,-1.9113,-2.7148,-2.7148,-4.5517,-2.568,-2.568,-2.568,-2.568,0.22349,0.11174,0.11174,0.11174,-1.6357,-1.6357,-1.6357,-1.6357,-1.6357,-0.65237,-0.61619,-0.65343,-0.4938,-0.4938,-0.4938,-0.4938,-0.4938,-0.4938,-0.36396,-1.0993,-1.0993,-1.0993,-1.0993,-1.0993,-1.0993,-0.60129,-0.48209,-0.6098,-0.6098,-0.6098,-0.6098,-0.6098,-0.6098
-0.6098,-0.6098,-0.6098,-0.77582,-1.8986,-2.3636,-2.3636,-2.1274,-1.7475,-1.7475,-1.7475,-1.7475,-1.7475,-1.7475,-1.3005,-1.3005,-0.6396,-0.58,-0.5385,-0.5385,-0.5385,-0.5385,-0.5385,-0.46081,-0.5236,-0.73112,-0.73112,-1.0376,-1.0376,-1.0376,-1.0376,-1.0376,-1.0376,-0.75773,-0.75773,-0.75773,-0.75773,-0.75773,-0.75773,-0.72793,0.22987,0.73006,1.0504,1.0504,1.0504,1.0504,1.0504,1.0504,1.292,1.1494,1.1494,1.3388,1.3388,1.3388,1.3388,1.3388,1.3899,1.5399,1.5399,1.5399,1.5399,1.5399,1.5399,1.3186,1.8039,2.0412,2.0412,2.0412,2.0412,2.0412,2.0412,1.0781,1.0781,0.024477,0.024477,0.024477,-0.3927,-0.3927,-0.3927,-0.3927,-0.3927,-0.52147,-1.2047,-1.0185,-1.1217,-1.1217,-1.1217,-3.2501,-3.2661,-2.5456,-2.5456,-2.5456,-4.806,-4.806,-4.806,-4.806,-4.806,-4.806,-2.5233,-1.9262,-1.9262,-1.9262,-1.9262,-1.9262,-1.9262,-1.8581,-0.66408,-0.88863,-0.88863,-0.98654,-0.98654,-0.98654,-0.98654,-0.98654,-0.9876,-0.94184,-1.0429,-0.99186,-0.99186,-0.81307,-0.81307,-0.81307,-0.81307,-0.81307,-0.81307,-0.66727,-0.18943,-0.232,-0.57255,-0.57255
-0.57255,-1.3941,-1.3941,-2.3892,-2.3892,-2.6989,-2.3562,-2.3562,-2.3562,-2.3562,-2.3562,-2.3562,-2.3562,-2.0422,-1.1941,-1.1941,-1.0323,-1.0323,-1.0323,-1.0323,-1.0323,-0.92375,-0.92375,-1.375,-1.375,-1.2749,-1.2749,-1.2749,-1.2749,-1.2749,-0.94184,-0.85777,-0.79178,-0.68749,-0.68749,-0.68749,-0.68749,-0.68749,-0.68749,-0.18624,0.63428,0.88756,1.1249,1.1249,1.1249,1.1249,1.1249,1.1249,1.2217,1.144,1.2643,1.2643,1.2643,1.2643,1.2643,1.2643,1.4346,1.5633,1.5633,1.3729,1.3729,1.3909,1.7932,1.7932,1.7932,1.7932,1.7932,1.7932,1.956,1.9976,1.7953,1.7953,0.89927,0.89927,0.89927,0.89927,0.89927,-0.14793,-1.0536,-1.0004,-1.0004,-1.0004,-1.0004,-1.0004,-1.16,-2.4807,-2.4807,-3.1288,-2.2104,-2.2104,-4.5836,-4.5836,-4.5836,-4.5836,-4.5836,-4.5836,-4.4378,-0.95248,-0.95248,-0.95248,-0.95248,-0.95248,-0.95248,-0.95248,-2.1263,-0.7109,-0.7109,-0.85989,-0.85989,-0.85989,-0.85989,-0.85989,-0.85989,-0.82477,-0.79178,-0.98122,-1.1302,-1.1302,-1.0653,-1.0653,-1.0653,-1.0653,-1.0653,-1.0653,-0.92268,-0.92268,-0.4342,-0.5385,-0.63747,-0.63747
-0.63747,-0.63747,-0.63747,-0.63747,-0.63747,-0.63747,-2.5701,-2.3594,-2.3594,-1.8922,-1.4527,-1.4527,-1.4527,-1.4527,-1.4527,-1.4527,-1.4527,-1.0536,-0.75134,-0.72793,-0.72793,-0.69068,-0.71729,-0.71729,-0.90246,-0.90246,-0.90246,-0.90246,-0.90246,-0.90246,-1.4037,-1.2643,-1.2643,-1.0089,-1.0089,-1.0089,-1.0089,-1.0089,-0.89395,-0.89395,-0.81945,0.90885,0.90885,1.2813,1.2813,1.2813,1.2813,1.2813,1.2813,1.2026,1.2026,0.99186,0.99186,1.3069,1.3069,1.3069,1.3069,1.3069,1.4889,1.2632,1.2632,1.1717,1.1717,1.3899,1.8879,1.8879,1.8879,1.8879,1.8879,1.9869,1.5985,1.1675,0.25754,0.25754,0.25754,0.25754,0.25754,0.25754,-0.39057,-0.9312,-0.99399,-1.0536,-1.0536,-1.0536,-1.0536,-1.0536,-1.0536,-1.0536,-1.6538,-2.452,-2.452,-5.219,-5.219,-3.3385,-0.16283,-0.16283,-0.16283,-0.16283,-0.16283,-0.63109,-1.3431,-0.55233,-0.55233,-0.55233,-0.55233,-0.55233,-0.23413,-0.23413,-0.51934,-0.54914,-0.62683,-0.62683,-0.62683,-0.62683,-0.62683,-0.62683,-0.62683,-0.62683,-0.62683,-0.62683,-0.60767,-0.48209,-0.48209,-0.48209,-0.48209,-0.48209,-0.096844,-0.15218,-0.5502,-1.441
-0.5502,-1.441,-1.441,-1.441,-1.441,-1.441,-1.441,-2.4765,-1.7379,-1.7379,-1.7379,-1.7379,-1.7379,-1.7379,-1.3377,-1.0078,-0.90885,-0.80668,-0.80668,-0.80668,-0.80668,-0.80668,-0.80668,-0.7705,-0.7705,-1.5602,-1.5197,-1.5197,-0.99718,-0.99718,-0.99718,-0.99718,-0.99718,-0.99718,-0.69068,-0.69068,0.05534,0.05534,0.73751,0.73751,0.73751,1.3792,1.3792,1.4229,1.4229,1.4229,1.4229,1.4229,1.4229,1.3164,1.3164,1.4463,1.4463,1.5846,1.5846,1.7304,1.8273,1.8273,1.8273,1.8273,1.8273,1.8273,1.9124,2.2934,2.2934,2.1657,2.1657,1.9624,1.9624,1.9624,1.9624,1.9624,1.9624,0.13303,-0.2916,-0.2916,-0.28521,-0.28521,-0.28521,-0.28521,-0.28521,-0.28521,-0.71942,-0.89395,-0.85244,-0.85244,-0.85244,-0.85244,-0.85244,-0.85244,-0.696,-3.0288,-5.1242,-5.1242,-5.1242,-3.0735,0.24158,0.24158,0.24158,0.24158,0.24158,0.53956,0.53956,-0.61512,-0.38844,-0.38844,-0.38844,-0.58532,-0.73432,-0.73432,-0.73432,-0.73432,-0.73432,-0.73432,-0.59809,-0.92162,-0.92162,-1.1185,-1.1185,-1.1185,-1.1185,-1.1185,-1.1185,-0.74815,-0.74815,-0.40866,-0.40866,-0.40866,-0.40866,-0.40866
-0.40866,-0.40866,-0.40866,-1.0291,-1.0291,-1.773,-1.773,-1.773,-2.369,-2.1731,-2.1731,-2.1731,-2.1731,-2.1731,-1.7677,-0.95248,-0.73644,-0.73644,-0.73644,-0.70239,-0.70239,-0.70239,-0.70239,-0.70665,-0.70665,-0.91417,-1.3111,-1.3111,-1.3111,-1.0983,-0.67685,-0.67685,-0.50551,-0.50551,-0.46613,-0.46613,-0.46613,-0.46613,-0.46613,-0.46613,-0.20327,1.2866,1.6421,1.6421,1.823,1.5655,1.242,1.242,1.0227,1.0227,1.0227,1.3058,1.3058,1.3058,1.3058,1.3058,1.3058,1.3058,1.4835,1.5197,2.0412,2.0412,2.0412,2.0412,2.0412,2.0412,2.0412,2.1966,1.6251,1.6251,0.80136,0.80136,-0.0042569,-0.0042569,-0.0042569,-0.0042569,-0.0042569,-0.0042569,-0.54382,-1.0068,-1.3814,-1.3611,-1.3611,-1.3611,-1.3611,-1.3611,-1.3611,-1.3611,-1.3611,-1.3611,-1.3611,-1.8901,-2.1338,0.44485,0.44485,0.44485,0.44485,0.44485,0.44485,0.44485,0.44485,-1.6315,-0.62789,-0.62789,-0.62257,-0.77901,-0.77901,-0.77901,-0.77901,-0.77901,-0.85351,-0.85351,-0.58,-0.58,-0.79285,-0.79285,-0.93652,-0.93652,-0.93652,-0.93652,-0.93652,-0.93652,-0.93652,-0.36716,-0.36716,-0.36396,-0.36396,-0.36396,-0.36396,-0.36396
-0.36396,-0.36396,-0.36396,-0.54701,-2.2136,-2.2136,-2.5307,-2.5307,-2.5307,-2.1306,-1.7134,-1.2654,-1.2654,-1.2654,-1.2654,-1.2654,-1.2654,-0.78008,-0.78008,-0.78008,-0.73751,-0.7705,-0.7705,-0.7705,-0.7705,-0.7705,-0.7705,-1.0419,-1.2047,-0.8301,-0.8301,-0.66408,-0.66408,-0.66408,-0.66408,-0.66408,-0.66408,-0.67153,0.32991,0.32991,0.99399,0.99399,0.99399,0.99399,0.99399,0.99399,1.3239,1.2664,1.2664,0.94503,0.94503,0.70239,0.70239,0.81839,0.81839,0.81839,0.81839,0.81839,0.81839,1.2217,1.4037,1.3005,1.3005,1.3005,1.3005,1.3005,1.3292,1.8539,1.8539,1.8539,1.8539,1.8539,1.8539,1.8539,1.8539,1.8539,1.6517,-0.40015,-0.90246,-0.90246,-0.90246,-0.90246,-0.90246,-1.409,-1.7741,-2.6765,-2.6765,-2.6765,-2.6765,-2.6765,-2.6765,-2.038,-3.7216,-3.844,-1.126,-1.126,-1.126,0.50125,-0.035119,-0.035119,-0.035119,-0.035119,-0.035119,-0.035119,-0.55872,-0.56617,-0.62044,-0.62044,-0.62044,-0.58639,-0.39908,-0.39908,-0.39908,-0.39908,-0.39908,-0.39908,-0.17666,-0.86309,-0.86309,-0.88756,-0.88756,-0.73857,-0.73857,-0.73857,-0.73857,-0.73857,-0.51828,-0.40015,-0.62789,-0.88118
-0.62789,-0.88118,-0.88118,-0.88118,-0.88118,-0.88118,-0.88118,-1.5325,-2.2764,-2.2764,-1.9592,-1.5836,-1.5836,-1.2153,-1.0004,-1.0004,-1.0004,-1.0004,-1.0004,-1.0004,-0.89821,-0.79604,-0.77369,-0.77369,-0.85138,-0.85138,-1.077,-1.3984,-1.3984,-1.3984,-1.3984,-1.3984,-1.2366,-1.2366,-0.88437,-0.88437,-0.82903,-0.82903,-0.82903,-0.82903,-0.82903,-0.43527,0.91843,0.91843,1.293,1.293,1.293,1.293,1.293,1.5133,1.094,1.094,0.93865,0.93865,0.93865,1.0908,1.1845,1.1845,1.1845,1.1845,1.1845,1.1845,1.1845,1.1845,1.2717,1.3441,1.6889,1.6889,1.6889,1.6889,1.6889,1.6889,1.6889,0.69175,-0.12132,-0.12132,-0.51189,-0.51189,-0.51189,-0.51189,-0.51189,-0.51189,-0.51189,-0.51189,-0.88011,-0.88011,-1.0717,-3.0863,-3.0863,-3.0863,-3.0863,-3.0863,-3.0863,-2.0614,-2.0614,-1.9092,-1.9092,0.60448,0.25648,0.25648,-1.3526,-1.3526,-1.3526,-1.3526,-1.3526,-1.3526,-1.1994,-0.32246,-0.32246,-0.42463,-0.42463,-0.42463,-0.42995,-0.42995,-0.44591,-0.44591,-0.44591,-0.44591,-0.44591,-0.51615,-0.75773,-0.75773,-0.75773,-0.75773,-0.75773,-0.75773,-0.61619,-0.081945,-0.18943,-0.38419
-0.38419,-0.38419,-0.38419,-0.38419,-0.38419,-0.38419,-0.89927,-2.2987,-2.138,-1.8209,-1.8209,-1.8209,-1.4825,-1.2366,-1.2366,-1.2366,-1.2366,-1.2366,-1.1185,-1.1185,-1.0089,-1.0089,-1.0291,-1.0291,-1.0291,-1.5484,-1.5484,-1.5484,-1.5484,-1.5484,-1.5484,-1.2494,-1.2494,-0.87905,-0.87905,-0.87905,-0.87905,-0.87905,-0.77795,0.68643,1.1951,1.4239,1.4239,1.4239,1.4239,1.4239,1.4239,1.3622,0.8567,0.95674,0.95674,1.3952,1.8017,1.8017,1.7209,1.7209,1.5516,1.5516,1.5516,1.5516,1.5516,1.5516,1.7432,2.2615,1.7315,1.5868,1.5868,1.5868,1.5868,1.5868,1.5868,1.5868,-0.36716,-0.50551,-0.50551,-0.86734,-0.86734,-0.86734,-0.86734,-0.86734,-0.86734,-0.90991,-0.99718,-0.99718,-1.9624,-1.9624,-2.5978,-2.5978,-2.5978,-2.5978,-2.5978,-1.988,-4.6592,-4.6592,-1.5059,0.3065,0.3065,0.3065,0.3065,0.3065,0.3065,-1.492,-1.492,-0.71303,-0.71303,-0.71303,-0.85564,-0.81945,-0.81945,-0.81945,-0.81945,-0.81945,-0.81945,-0.81945,-0.68536,-0.72793,-0.84925,-0.84925,-0.84925,-0.84925,-0.84925,-0.84925,-0.84925,-0.84925,-0.57042,-0.32459,-0.32459,-0.32459,-0.32459,-0.32459
-0.32459,-0.24264,-0.70452,-1.2643,-1.2643,-2.0156,-2.0156,-2.0156,-2.088,-2.088,-2.088,-2.088,-2.088,-2.088,-1.7581,-1.7581,-1.077,-0.95993,-0.95993,-0.95993,-0.95993,-0.95993,-0.85457,-1.1451,-1.1451,-1.2643,-1.2643,-1.2643,-1.2643,-1.2643,-0.90033,-0.90033,-0.84925,-0.84925,-0.97589,-0.97589,-0.97589,-0.97589,-0.97589,-0.97589,0.83648,1.0217,1.0217,1.0206,0.93758,0.93758,0.93758,0.93758,0.93758,0.93758,0.93758,0.77476,0.93333,1.243,1.5985,1.5985,1.5985,1.6889,1.6889,1.4165,1.4165,1.4165,1.4165,1.4165,1.4165,1.2313,1.5889,1.5889,1.4867,1.4867,1.5399,1.1419,1.1419,1.1419,1.1419,1.1419,1.1419,-0.48529,-0.71835,-0.71835,-0.71835,-0.71835,-0.71835,-1.1366,-1.4867,-2.5148,-2.7436,-2.7436,-2.7436,-2.7436,-2.7436,-2.7436,-2.1221,-3.8387,-1.0983,-1.0983,0.31501,0.31501,-0.65343,-1.9795,-1.9795,-1.2739,-1.2739,-1.2739,-1.2739,-1.2739,-1.2739,-0.62151,-0.70771,-0.70132,-0.61619,-0.61619,-0.61619,-0.61619,-0.61619,-0.61619,-0.61619,-0.78327,-0.90353,-0.812,-0.812,-0.812,-0.812,-0.812,-0.812,-0.812,-0.6992,-0.35119,-0.40334,-0.56936
-0.56936,-0.80562,-0.80562,-0.80562,-0.80562,-0.80562,-0.80562,-1.3005,-2.0667,-2.0667,-1.724,-1.724,-1.724,-1.724,-1.724,-1.724,-1.1281,-1.0717,-1.0068,-1.0068,-1.0068,-0.89395,-1.209,-1.209,-1.209,-1.209,-1.209,-1.209,-1.5069,-1.5069,-1.1706,-1.3101,-1.3101,-1.3101,-1.3984,-1.0898,-1.0898,-1.0898,-1.0898,-1.0898,-1.0898,-0.45762,0.27563,0.29905,0.29905,0.29905,0.29905,0.29905,0.29905,0.22349,0.20965,0.59384,0.59384,1.0951,1.0951,1.3313,1.1834,1.1834,1.1834,1.1834,1.1834,1.1834,0.94822,0.94822,1.7262,1.5474,1.5474,1.408,1.408,1.408,1.408,1.408,1.408,1.408,1.309,-0.011706,-0.36929,-0.7556,-0.7556,-0.7556,-0.7556,-0.7556,-0.7556,-0.84499,-1.442,-2.5648,-2.5648,-2.5648,-2.5648,-2.5648,-2.5648,-2.5648,-3.7631,-4.1047,-4.1047,-1.2696,-1.2696,0.070239,-0.57255,-0.57255,-1.8251,-1.2845,-1.2845,-1.2845,-1.2845,-1.2845,-1.2845,-1.2845,-0.78327,-0.80455,-0.80455,-0.69707,-0.69707,-0.69707,-0.56723,-0.55978,-0.55978,-0.55978,-0.55978,-0.55978,-0.55978,-0.83542,-0.83542,-0.83542,-0.83542,-0.83542,-0.83542,-0.64705,-0.68855,-0.68855
-0.85564,-0.85564,-0.85564,-0.85564,-0.85564,-0.85564,-0.85564,-0.85564,-0.85564,-0.85564,-1.2728,-1.6559,-1.2792,-1.2792,-1.2792,-1.2792,-1.2792,-1.0642,-0.90885,-0.85777,-0.80775,-0.80775,-0.80775,-0.80775,-0.80775,-0.7854,-1.0376,-1.0376,-1.0376,-0.94503,-0.94503,-0.90459,-0.90459,-0.90459,-0.90459,-0.90459,-0.64066,0.48529,0.88969,1.0589,1.0589,1.0589,1.0993,0.94822,0.94822,0.94822,0.94822,0.94822,0.94822,0.94822,0.79391,1.1515,1.4654,1.4654,1.4654,1.4654,1.4654,1.4654,1.4654,1.5559,1.5559,1.9124,1.8177,1.8177,1.8177,1.8177,1.8177,1.5591,1.5591,1.5591,1.5591,1.5591,1.1281,1.1281,1.1281,-0.73538,-0.77688,-1.1738,-1.1738,-1.3995,-1.3995,-1.3995,-1.3995,-1.3995,-1.3995,-2.7383,-1.4346,-1.4346,-2.453,-2.453,-2.453,-2.453,-2.453,-4.4165,-4.4165,0,0,0,0,0,0,-1.3729,-0.74815,-0.57149,-0.67898,-0.67898,-0.67898,-0.67898,-0.67898,-0.67898,-0.79817,-0.63747,-0.52892,-0.66514,-0.66514,-0.928,-1.0461,-1.0461,-0.97802,-0.97802,-0.82158,-0.82158,-0.82158,-0.82158,-0.82158,-0.82158,-0.51508,-0.54701,-0.78221,-1.1462
-0.51508,-0.54701,-0.78221,-1.1462,-1.1462,-1.1462,-1.7602,-2.1348,-2.1348,-2.1348,-2.1348,-2.1348,-2.1348,-2.054,-1.1302,-1.1302,-1.1302,-1.1302,-1.1302,-1.1302,-0.9727,-0.83329,-0.80775,-0.81945,-0.81945,-0.81945,-0.81945,-0.81945,-0.81945,-1.2122,-1.2122,-0.75028,-0.75028,-0.75028,-0.7407,-0.5683,-0.5683,-0.5683,-0.5683,-0.5683,-0.5683,-0.5683,0.67472,1.2558,1.2558,1.2611,0.86309,0.86309,0.86309,0.86309,0.86309,0.70558,1.0068,1.2654,1.2654,1.2654,1.2654,1.2654,1.2654,1.3601,1.3313,1.8741,2.2955,2.2955,2.2955,2.2955,2.2955,2.2955,2.0316,1.64,1.1579,0.4342,0.4342,0.4342,-0.11813,-0.53956,-0.63215,-0.63215,-1.1036,-1.1036,-1.524,-1.524,-2.1327,-2.1327,-3.2384,-3.2384,-3.2384,-3.2384,-3.2384,-3.2384,-1.7911,-2.5371,-2.5371,-0.16283,-0.16283,-0.16283,-0.16283,-0.16283,-0.16283,-0.16283,-0.95993,-0.95993,-0.95993,-0.95993,-0.95993,-0.95993,-0.95993,-0.95993,-0.95993,-0.95993,-0.78433,-0.49593,-0.5385,-0.5385,-0.5385,-0.5385,-0.77263,-0.92588,-0.83967,-0.83967,-0.68004,-0.68004,-0.49486,-0.22242,-0.22242,-0.19582,-0.19582,-0.19582,-0.19582,-0.19582
-0.19582,-0.19582,-0.19582,-0.19582,-1.0089,-1.6208,-2.1827,-2.1827,-2.1827,-2.1827,-2.1827,-2.1827,-2.32,-1.6644,-1.3441,-1.3441,-1.3441,-1.3441,-1.3441,-1.1313,-0.91098,-0.88011,-0.86734,-0.86734,-0.86734,-0.86734,-0.86734,-0.86734,-1.1685,-1.1685,-0.85244,-0.78008,-0.78008,-0.78008,-0.8301,-0.86096,-0.86096,-0.45442,-0.45442,0.27138,0.81839,0.81839,0.81839,0.81839,0.81839,0.81839,0.81839,0.78859,0.68962,0.68962,0.68962,0.5832,0.60022,0.60022,0.60022,0.60022,0.60022,0.60022,0.74176,1.2505,1.2505,1.2505,1.2505,1.2505,1.2505,1.2505,1.2451,1.7166,1.7166,1.2707,1.2707,1.2707,1.2707,1.2707,1.2707,-0.1756,-0.40547,-0.40547,-0.85032,-0.85032,-0.88011,-1.1238,-1.1238,-1.2111,-1.2111,-1.1121,-1.1121,-2.2732,-2.2732,-2.2732,-2.2732,-1.7251,-4.3282,-4.3282,-4.4634,-4.4634,-0.70984,0.11919,0.11919,0.11919,0.11919,0.11919,-0.57255,-0.57255,-0.46719,-0.46719,-0.46719,-0.46719,-0.46719,-0.59809,-0.6545,-0.47358,-0.42356,-0.42356,-0.42356,-0.42356,-0.42356,-0.42356,-0.60022,-0.87373,-0.87373,-0.91843,-0.91843,-0.91843,-0.91311,-0.59809,-0.59809,-0.40653,-0.40653,-0.40653
-0.40653,-0.40653,-0.40653,-0.55765,-1.0823,-2.3722,-2.3722,-2.3722,-1.7485,-1.7485,-1.7485,-1.7485,-1.7485,-1.7485,-1.3143,-1.3143,-0.71622,-0.71622,-0.71622,-0.71622,-0.71622,-0.71622,-0.62364,-0.62364,-0.89608,-1.2196,-1.2196,-1.2196,-1.2196,-1.2196,-1.0153,-1.0153,-0.44378,-0.44378,-0.39589,-0.39589,-0.39589,0.5949,0.5949,1.0238,1.0238,1.0238,1.0238,1.0238,1.0238,1.2111,1.2111,1.1366,1.1366,1.0919,1.2015,1.2015,1.2015,1.2015,1.2015,1.2015,1.1494,1.5963,1.5963,1.5963,1.5963,1.5963,2.2253,2.0912,1.6985,1.6985,1.6985,1.6985,1.6985,1.6985,1.6985,1.7081,-0.348,-0.348,-0.63215,-0.63215,-0.95461,-0.95461,-0.95461,-0.95461,-0.95461,-0.95461,-0.92907,-1.6985,-2.7925,-2.2104,-2.2104,-2.2104,-2.2104,-2.2104,-2.2104,-2.2104,-2.0689,-0.48742,0.23732,0.23732,0.23732,0.23732,0.23732,0.23732,0.23732,0.23732,-0.71835,-0.71835,-0.71835,-0.71835,-0.71835,-0.71835,-0.71835,-0.59916,-0.38206,-0.38206,-0.38206,-0.38206,-0.53424,-0.70877,-0.70877,-0.70877,-0.70877,-0.70877,-0.83222,-0.85032,-0.66408,-0.66408,-0.40121,-0.40121,-0.22987,-0.34374,-0.34374,-0.34374
-0.34374,-0.34374,-0.34374,-1.3675,-2.072,-2.2487,-2.2487,-1.9262,-1.5655,-1.5655,-1.5655,-1.5655,-1.5655,-1.5655,-1.2292,-1.2292,-0.91843,-0.91843,-0.86096,-0.86096,-0.86096,-0.86096,-0.86096,-0.79817,-0.99186,-0.99186,-0.47145,-0.47145,-0.47145,-0.42995,-0.42995,-0.42995,-0.42995,-0.42995,-0.42995,-0.47039,0.5832,0.5832,1.2388,1.4569,1.5484,1.5484,1.6315,1.6315,1.6315,1.6315,1.6315,1.4761,1.3665,1.3665,1.3122,1.3122,1.3122,1.3122,1.3122,1.3122,1.4984,1.4016,1.4016,1.4016,1.4016,1.4016,1.4016,1.4633,2.0827,1.8784,1.5612,1.5612,1.5612,1.5612,1.5612,1.5612,1.4026,1.4026,-0.036184,-0.29585,-0.29585,-0.82584,-0.85457,-1.0217,-1.0217,-1.3973,-1.3973,-1.9209,-1.9209,-1.9209,-1.9209,-1.9209,-1.6772,-2.7574,-2.7574,-4.806,-4.806,-4.806,0.029798,0.029798,0.029798,0.029798,0.029798,0.029798,0.06811,-1.6251,-0.99824,-0.99824,-0.99824,-0.99824,-0.99824,-0.93545,-0.75134,-0.65982,-0.33204,-0.33204,-0.33204,-0.33204,-0.33204,-0.33204,0.025541,0.025541,-0.79604,-0.79604,-0.98015,-0.98015,-0.97909,-0.87905,-0.87905,-0.64066,-0.64066,-0.51828,-0.51828,-0.55872
-0.55872,-0.55872,-0.55872,-0.55872,-1.5559,-1.5559,-2.0199,-2.0199,-2.0199,-1.9529,-1.624,-1.624,-1.624,-1.624,-1.624,-1.624,-1.2728,-0.79391,-0.79391,-0.79391,-0.79391,-0.79391,-0.79391,-0.72048,-0.56617,-0.86734,-1.0749,-1.0749,-1.0749,-1.0749,-1.0749,-1.0749,-1.0749,-0.31288,-0.41079,-0.41079,-0.5236,-0.5236,-0.10323,0.61406,0.61406,1.0653,1.1015,1.1015,1.0483,1.0483,1.0483,1.0483,1.0483,1.0483,1.1079,1.1079,1.1079,1.1079,1.1079,1.0802,1.143,1.143,1.143,1.143,1.143,1.143,1.3909,1.5559,1.69,1.69,1.69,1.69,1.69,2.105,1.5963,1.5963,1.3665,1.0951,1.0951,1.0951,1.0951,1.0951,0.25435,0.25435,-0.99718,-0.99718,-0.96419,-1.2398,-1.2398,-1.4218,-1.4218,-1.4218,-1.4218,-1.4218,-2.4232,-1.9592,-4.1718,-4.1718,-4.1718,-4.5432,-1.0397,-1.0397,-1.0397,-1.0397,-1.0397,-1.0397,0.22668,-1.1281,-1.1281,-1.1281,-1.1281,-1.1281,-1.1281,-1.1281,-0.70984,-0.70984,-0.51934,-0.51934,-0.51934,-0.51934,-0.51934,-0.51934,-0.51934,-0.32033,-0.43846,-0.73964,-0.93439,-0.93439,-0.93439,-0.83542,-0.5236,-0.5236,-0.18198,-0.18198
-0.25648,-0.25648,-0.25648,-0.54488,-1.8752,-1.8752,-2.2668,-2.2668,-2.2668,-1.7155,-1.7155,-1.7155,-1.7155,-1.7155,-1.7155,-1.3622,-0.9876,-0.90459,-0.90459,-0.90459,-0.90459,-0.90459,-0.90459,-0.86096,-0.86096,-0.86096,-0.91523,-0.75986,-0.75986,-0.79498,-0.79498,-0.79498,-0.79498,-0.79498,-0.89288,-0.812,-0.21604,0.40121,0.40121,0.66301,0.66301,0.70345,0.70345,0.70345,0.70345,0.70345,0.70345,0.76731,0.88331,0.88331,0.88331,0.88331,0.88331,0.88331,1.1121,1.4995,1.4995,1.4995,1.4995,1.4995,1.4995,1.3888,1.8486,1.8486,1.7868,1.7868,1.7868,1.7868,1.7868,1.7868,1.5144,1.5144,-0.0021285,-0.4789,-0.4789,-0.73644,-0.73644,-0.65131,-0.65131,-0.92694,-1.1909,-1.1909,-1.1909,-1.724,-3.1012,-3.1012,-1.7443,-1.7443,-1.7443,-1.7443,-1.7443,-1.7443,-1.8166,-1.8166,0.36077,0.36077,0.36077,0.36077,0.36077,0.13303,-1.4207,-0.55978,-0.55978,-0.55978,-0.55978,-0.55978,-0.55978,-0.51934,-0.60767,-0.55127,-0.4938,-0.4938,-0.45442,-0.55872,-0.55872,-0.55872,-0.55872,-0.55872,-0.55872,-0.61087,-0.70026,-0.70026,-0.41718,-0.41718,-0.41718,-0.11068,-0.11068,-0.11281,-0.11281,-0.11281
-0.11281,-0.11281,-0.11281,-0.11281,-1.0568,-1.9252,-2.452,-2.452,-2.452,-2.3072,-1.9827,-1.9827,-1.9827,-1.9827,-1.9827,-1.9827,-1.0397,-0.91098,-0.91098,-0.8301,-0.8301,-0.8301,-0.8301,-0.8301,-0.8301,-0.8301,-0.79391,-1.0355,-1.0355,-1.0355,-1.0355,-1.0355,-1.0355,-0.95035,-0.74921,-0.74921,-0.27138,-0.27138,0.40228,0.40228,0.83329,0.83329,0.83329,0.83329,1.044,1.176,1.1419,0.96419,0.96419,0.94184,1.0738,1.0738,1.0738,1.0738,1.0738,1.0738,1.3111,1.3111,1.789,1.789,1.789,1.789,1.789,1.789,1.789,2.3509,2.3509,1.9667,1.9667,1.9667,1.9667,1.9667,1.9667,-0.37248,-0.37248,-0.37248,-0.70026,-0.70026,-0.75134,-1.0621,-1.0621,-1.3282,-1.5665,-1.5665,-2.5861,-2.5861,-2.5861,-2.5861,-2.5861,-1.707,-4.1526,-3.9046,-3.9046,-3.9046,-3.9046,-3.9046,-3.9046,-3.9046,-0.75666,-1.3792,-1.3792,-1.3792,-1.3792,-1.3792,-1.1228,-0.71197,-0.71197,-0.7407,-0.7407,-0.7407,-0.37993,-0.37993,-0.37993,-0.37993,-0.37993,-0.37993,-0.34694,-0.95035,-0.95035,-0.91949,-0.91949,-0.82477,-0.60342,-0.60342,-0.50764,-0.50764,-0.50764,-0.50764,-0.50764,-1.2505
-0.50764,-0.50764,-0.50764,-1.2505,-1.2505,-1.9529,-1.9529,-1.9529,-2.1508,-2.1508,-2.1508,-2.1508,-2.1508,-2.1508,-1.839,-1.4495,-0.95887,-0.81307,-0.81307,-0.81307,-0.81307,-0.81307,-0.81307,-0.74176,-0.77476,-1.0908,-1.0908,-0.88224,-0.88224,-0.66408,-0.7971,-0.7971,-0.7971,-0.7971,-0.8716,-0.93013,-0.93013,-0.41718,0.28096,0.28096,0.28096,0.28096,0.28096,0.28096,0.28096,0.92588,0.82903,0.82903,0.82903,0.82903,0.82903,0.82903,0.82903,1.4335,1.4335,1.4335,1.4335,1.4335,1.5261,1.5059,1.7336,2.1593,2.1593,2.1678,1.8422,1.8422,1.8422,1.8422,1.8422,1.8422,1.6793,0.39376,-0.27031,-0.27031,-0.73112,-0.76518,-0.76518,-0.91417,-0.91417,-1.1706,-1.1706,-1.5793,-1.5793,-1.5793,-1.5793,-1.525,-2.3551,-2.3551,-4.2952,-4.2952,-4.2952,-4.2952,-4.2952,-4.2952,-2.6446,-0.66195,-0.66195,-0.66195,-0.66195,-0.66195,-0.66195,-0.58,-0.58,-0.62576,-0.69281,-0.69281,-0.69281,-0.69281,-0.69281,-0.69281,-0.7109,-0.51296,-0.52892,-0.52892,-0.65024,-0.65024,-0.78966,-0.89182,-0.89182,-0.89182,-0.89182,-0.89182,-0.89182,-0.89182,-0.89182,-0.83755,-0.41718,-0.54063,-0.76411,-0.76411
-0.76411,-0.76411,-0.76411,-1.2047,-1.9337,-1.9337,-1.9337,-1.9337,-1.9337,-1.9337,-2.3094,-2.3094,-1.5772,-1.5772,-1.5772,-1.5772,-1.5772,-1.5772,-1.3665,-1.0674,-0.97164,-0.88331,-0.88331,-0.88331,-0.88331,-0.88331,-0.88331,-1.0344,-1.0525,-1.0525,-1.1079,-1.1079,-1.1079,-1.209,-1.4048,-1.4048,-1.2164,-0.66088,-0.66088,-0.04789,-0.04789,-0.04789,-0.04789,-0.04789,0.33204,0.32885,0.32885,0.2916,0.2916,0.2916,0.18943,0.12664,0.12664,0.12664,0.12664,0.12664,0.12664,1.2547,1.4452,1.4452,1.4452,1.4452,1.4452,1.4452,1.6921,1.9443,1.9443,1.6091,1.6091,1.6091,1.6091,1.6091,1.2611,1.2611,-0.23094,-0.25222,-0.25222,-0.73538,-0.73538,-0.98654,-0.98654,-1.2079,-1.3207,-1.3207,-1.3207,-1.3207,-1.3207,-1.5389,-2.2977,-0.82265,-2.1114,-2.1114,-2.1114,-4.0409,-2.7532,-2.7532,-2.7532,-2.7532,-2.7532,-2.7532,-0.57255,-1.11,-1.11,-0.58958,-0.58958,-0.58958,-0.58958,-0.58958,-0.58958,-0.29585,-0.42356,-0.42356,-0.31927,-0.31927,-0.31927,-0.31501,-0.37461,-0.37461,-0.37461,-0.37461,-0.37461,-0.37461,-0.51296,-0.81413,-0.81413,-0.73112,-0.52786,-0.52786,-0.52786,-0.50551
-0.50551,-0.50551,-0.50551,-0.50551,-0.50551,-0.76518,-1.0962,-1.7379,-1.7379,-1.7379,-1.7379,-1.7379,-1.7379,-1.9795,-1.0195,-1.0195,-0.79498,-0.79498,-0.79498,-0.79498,-0.79498,-0.79498,-0.57149,-0.25009,-0.232,-0.5949,-0.5949,-0.5949,-0.58958,-0.3778,-0.3778,-0.3778,-0.3778,-0.3778,-0.3778,-0.6098,-0.6098,-1.0589,-0.54169,-0.54169,0.16708,0.16708,0.57362,0.57362,0.57362,0.57362,0.57362,0.71622,0.74921,0.70984,0.70984,0.70984,0.70984,0.70984,0.70984,0.70984,0.62683,1.0738,1.0738,1.0738,1.0738,1.0738,1.0738,1.359,1.4559,1.8528,1.8528,1.8528,1.8528,1.8528,1.8528,1.938,1.938,1.5048,0.6843,0.6843,0.6843,-0.042569,-0.042569,-0.042569,-0.46187,-0.78646,-0.78646,-1.1185,-1.1185,-1.1185,-1.1185,-1.1185,-1.1185,-1.1962,-2.5063,-1.9199,-1.9199,-1.9199,-4.2228,-4.2228,-4.2228,-4.2228,-4.2228,-4.2228,-4.2228,-4.2228,-3.4534,-3.4534,-1.1057,-1.8911,-0.61938,-0.61938,-0.61938,-0.35226,-0.35226,-0.39696,-0.39696,-0.34374,-0.34374,-0.16389,-0.16389,-0.16389,-0.16389,-0.16389,-0.16389,-0.08301,-0.08301,-0.68217,-0.54063,-0.48635,-0.48635,-0.3182,-0.3182,-0.3182
-0.29053,-0.41398,-0.41398,-0.49486,-0.49486,-0.8301,-1.6421,-1.6421,-1.6421,-1.6421,-1.6421,-1.6421,-1.9752,-1.3856,-1.0068,-0.78008,-0.78008,-0.78008,-0.78008,-0.78008,-0.78008,-0.66301,-0.55872,-0.55872,-0.68749,-0.68749,-0.68749,-1.0749,-0.97164,-0.97164,-0.97164,-0.97164,-0.97164,-0.97164,-0.97164,-1.0823,-1.1632,-0.82371,-0.82371,-0.17666,-0.17666,0.49593,0.49593,0.49593,0.49593,0.49593,1.3984,1.309,1.309,1.309,1.309,1.309,1.309,1.0855,1.0855,1.3164,1.7411,1.7411,1.7411,1.7411,1.7411,1.7411,1.7411,1.5208,1.7017,1.7017,1.7017,1.5453,1.5038,1.5038,1.5038,1.5038,1.5038,1.5038,1.1387,-0.28734,-0.35439,-0.35439,-0.35439,-0.35439,-0.99186,-1.3367,-1.0429,-1.0429,-1.0429,-1.3941,-2.9883,-2.9883,-2.9883,-2.9883,-2.9883,-2.9883,-1.574,-1.7315,-1.7315,-1.7315,-1.7315,-1.7315,-1.7315,0.36184,-1.3782,-1.1962,-1.1962,-1.1962,-1.1962,-1.1962,-1.1962,-1.1962,-0.36184,-0.50764,-0.50764,-0.43101,-0.32778,-0.32778,-0.32778,-0.32778,-0.32778,-0.32778,-0.3182,-0.71622,-0.72154,-0.6992,-0.6992,-0.5651,-0.5651,-0.40866,-0.40866,-0.40866,-0.40866,-0.40866
-0.40866,-0.40866,-0.66514,-1.0993,-1.0993,-1.0993,-1.0993,-1.0993,-1.0993,-1.7858,-1.7091,-1.7091,-1.7091,-1.7091,-1.7091,-1.7091,-1.7091,-1.0568,-0.92162,-0.8301,-0.8301,-0.8301,-0.8301,-0.8301,-0.8301,-0.74921,-1.3505,-1.2696,-1.2696,-1.1004,-1.1004,-1.1685,-1.3494,-1.4186,-1.4186,-1.4186,-1.0621,-0.43101,-0.43101,-0.43101,-0.43101,0.62364,0.87905,0.87905,1.0525,1.0525,1.0525,1.0078,0.85138,0.85138,0.85138,0.85138,0.85138,0.85138,0.78433,1.2515,1.5772,1.4601,1.4601,1.4601,1.4601,1.4601,1.2515,1.8379,1.8379,1.6847,1.6847,1.6847,1.6847,1.6847,1.74,0.75879,-0.014899,-0.014899,-0.26925,-0.59171,-0.59171,-1.0312,-1.6357,-1.6357,-1.64,-1.4197,-2.5733,-2.5733,-2.5733,-2.5733,-2.5733,-2.5733,-2.5733,-4.2058,-3.0873,-3.0873,-3.0873,-3.0873,-3.0873,-3.0873,-3.0873,-0.31501,-1.641,-1.641,-0.67791,-0.67791,-0.67791,-0.40121,-0.52679,-0.52679,-0.52679,-0.52679,-0.52679,-0.63321,-0.29266,-0.39057,-0.39057,-0.39057,-0.65663,-0.81839,-0.81839,-0.72474,-0.64598,-0.64598,-0.49061,-0.49061,-0.49061,-0.49061,-0.49061,-0.40121,-0.55446,-0.55446,-0.67791,-0.67791
-0.55446,-0.55446,-0.67791,-0.67791,-0.67791,-0.67791,-0.67791,-0.67791,-0.67791,-1.9837,-1.9837,-1.9837,-1.9837,-1.9837,-1.2058,-1.0429,-0.92162,-0.92162,-0.92162,-0.81307,-0.68323,-0.68323,-0.68323,-0.68323,-0.68323,-0.68323,-0.89288,-1.0813,-0.93758,-1.077,-1.077,-1.077,-1.077,-1.077,-1.077,-1.077,-1.2739,-0.5832,0.025541,0.025541,0.43846,0.43846,0.65982,0.65982,0.65982,0.65982,0.65982,0.65982,0.7109,0.57255,0.57255,0.57255,0.57255,0.57255,0.57255,0.57255,0.47677,1.4825,1.4825,1.3707,1.3707,1.3707,1.1547,1.1547,1.8326,1.8326,1.8454,1.5782,1.5782,1.5782,1.5782,1.5782,1.5782,1.4708,1.4708,1.4708,-0.40653,-0.40653,-0.55233,-1.0759,-1.0759,-1.0759,-1.0759,-1.0759,-1.4261,-2.536,-2.536,-2.536,-2.536,-2.536,-2.536,-4.0973,-4.0973,-0.39376,-0.39376,-0.39376,-0.39376,-0.39376,-0.39376,-0.39376,-1.375,-0.74283,-0.40973,-0.40973,-0.40973,-0.48209,-0.48209,-0.48209,-0.48209,-0.48209,-0.48209,-0.45975,-0.45975,-0.1756,-0.32991,-0.32991,-0.32991,-0.32991,-0.32991,-0.32991,-0.32991,-0.23626,-0.014899,-0.014899,-0.073432,-0.073432,-0.073432,-0.073432,-0.073432,-0.073432
-0.073432,-0.073432,-0.073432,-0.073432,-1.276,-1.276,-1.276,-1.276,-1.276,-1.276,-1.276,-1.4303,-1.2281,-1.0834,-1.0834,-1.0834,-1.0834,-1.0834,-1.0834,-0.96525,-0.67898,-0.91736,-0.91736,-0.91736,-1.325,-1.0866,-1.0866,-1.0866,-1.0866,-1.0866,-1.0866,-0.86521,-1.0504,-1.1408,-0.91204,-0.91204,-0.32778,-0.32778,-0.32778,-0.32778,-0.32778,-0.32778,0.29266,0.70665,0.70665,0.70665,0.70665,0.70665,0.70665,0.70665,0.66408,0.81626,0.81626,1.1366,1.3718,1.3718,1.3718,1.3718,1.3718,1.3718,1.3718,1.3856,1.5697,1.9848,1.9848,1.9848,1.9848,1.9848,1.9848,1.9848,1.3601,0.57255,-0.041505,-0.041505,-0.041505,-0.041505,-0.041505,-0.041505,-0.041505,-0.31182,-1.3452,-1.2941,-1.2941,-1.6889,-1.6889,-1.6889,-1.6889,-1.6889,-1.6889,-3.1299,-3.1299,-3.8493,-3.8493,-3.8493,-3.8493,-3.8493,-3.8493,-2.2923,-0.010642,-1.5016,-1.8113,-1.8113,-1.8113,-1.8113,-1.8113,-1.8113,-0.77369,-0.77369,-0.72899,-0.61938,-0.61938,-0.61938,-0.32778,-0.32778,-0.32778,-0.32778,-0.32778,-0.32778,-0.32778,-0.83755,-0.85457,-0.85457,-0.85457,-0.82477,-0.62683,-0.62683,-0.62683,-0.62683,-0.62683,-0.62683
-0.62683,-0.62683,-0.59171,-0.82052,-0.82052,-0.82052,-0.82052,-0.82052,-0.82052,-0.82052,-1.9656,-1.822,-1.5048,-1.5048,-1.5048,-1.5048,-1.5048,-1.2143,-0.94929,-0.86202,-0.86202,-0.63641,-0.63641,-0.52786,-0.94503,-0.94503,-0.94503,-0.94503,-0.94503,-0.94503,-0.81413,-0.81413,-0.87266,-1.1579,-1.1579,-1.3505,-1.1302,-1.1302,-1.1302,-1.1302,-1.1302,0.072367,0.11706,0.063853,0.063853,0.043633,0.043633,0.043633,0.043633,0.043633,0.048954,0.60129,1.2015,1.4399,1.4399,1.4399,1.4399,1.4399,1.4399,1.4399,1.2207,2.0731,2.0731,1.9646,1.9646,1.9646,1.9646,1.9646,1.9646,1.9646,0.58426,-0.062789,-0.25648,-0.25648,-0.37035,-0.37035,-0.37035,-0.37035,-0.37035,-0.37035,-0.55446,-0.55446,-1.3516,-1.3516,-1.3516,-1.3516,-1.3516,-2.7734,-1.9018,-3.6013,-3.1352,-3.1352,-3.1352,-3.1352,-3.1352,-3.1352,-0.98122,-0.35332,-1.259,-1.259,-1.0291,-1.0291,-1.0291,-0.59171,-0.64386,-0.6662,-0.6662,-0.6662,-0.6662,-0.6662,-0.6662,-0.6662,-0.33736,-0.2618,-0.39057,-0.39057,-0.59171,-0.74815,-0.74815,-0.74815,-0.74815,-0.74815,-0.76837,-0.76199,-0.72261,-0.72261,-0.72261,-0.72261,-0.72261,-0.72261
-0.72261,-0.67365,-0.80349,-1.0131,-1.0131,-1.0131,-1.0131,-1.0131,-1.0131,-1.0131,-1.0131,-1.7091,-1.4548,-1.4548,-1.4548,-1.4548,-1.4548,-1.2526,-0.90672,-0.74389,-0.59277,-0.59277,-0.59277,-0.59277,-0.59277,-0.59277,-0.59277,-0.97589,-0.70558,-0.70558,-0.89182,-0.89182,-0.89182,-0.89182,-0.89182,-0.89182,-0.97802,-0.97802,-0.2469,-0.2469,-0.2469,-0.2469,-0.2469,-0.2469,0.10217,0.10217,0.094716,0.094716,0.094716,0.094716,0.094716,0.009578,0.87479,0.87479,1.2217,1.2217,1.2217,1.2334,1.1408,1.1408,1.1408,1.1408,1.1408,1.1408,1.3814,1.6315,1.5591,1.5591,1.5591,1.2547,1.2547,0.68962,0.68962,0.68962,0.68962,0.68962,0.26499,0.022349,-0.18305,-0.18305,-0.18305,-0.18305,-0.18305,-0.18305,-0.32459,-1.21,-1.21,-2.7457,-2.7457,-2.7457,-2.7457,-2.7457,-2.7457,-2.6457,-2.6457,-1.1983,-1.1983,-1.1983,-0.25222,-0.52998,-0.52998,-0.52998,-0.52998,-0.52998,-0.52998,-1.1025,-0.21923,-0.22668,-0.36184,-0.36184,-0.36184,-0.36184,-0.36184,-0.36184,-0.5385,-0.39057,-0.35226,-0.43527,-0.43527,-0.56404,-0.56404,-0.56404,-0.56404,-0.56404,-0.56404,-0.66514,-0.7407,-0.7407,-0.85138,-0.85138
