-1.4037,-1.4037,-1.6432,-3.1607,-4.1132,-4.905,-4.806,-4.806,-4.806,-4.806,-4.806,-4.806,-4.2048,-4.2048,-4.2048,-4.2048,-4.2048,-4.2048,-4.2048,-3.5588,-3.3119,-3.0671,-3.0671,-3.0671,-3.0671,-3.0671,-3.0671,-2.7063,-1.126,0.56085,1.4293,1.4293,1.8816,1.8816,1.8816,1.8816,1.8816,1.8816,2.7372,5.1753,6.2736,6.2736,7.224,7.224,7.224,7.224,7.224,7.224,7.871,8.2446,8.2861,8.3084,7.7774,7.7774,7.7774,7.7774,7.7774,7.7774,6.9749,6.6972,6.6972,7.1484,7.1484,7.1484,7.1484,7.1484,7.1484,7.1484,7.5187,6.4045,5.7638,4.5666,4.5666,4.5666,4.5666,4.5666,4.5666,3.0447,1.7613,-1.8294,-1.8294,-2.7276,-4.0621,-4.0621,-4.6485,-4.9955,-4.9955,-5.3222,-5.3222,-4.7965,-4.7965,-4.5996,-4.5996,-4.5996,-4.5996,-4.5996,-3.9759,-4.7699,-4.7699,-4.7699,-4.7699,-4.7699,-4.7699,-4.7699,-4.3005,-3.0022,-3.0022,-3.0022,-3.0022,-3.0022,-3.0022,-2.6169,-1.7379,-1.4388,-1.2515,-1.2515,-1.2515,-1.2515,-1.2515,-1.2515,-1.1632,-0.76624,-0.86947,-1.2632,-1.2632,-1.6708,-1.6708,-1.6708,-1.6708,-1.6708
-1.6708,-1.6708,-1.9667,-3.9802,-5.1221,-5.1221,-5.6851,-5.253,-5.253,-5.253,-5.253,-5.253,-4.6294,-4.5379,-4.5379,-4.5379,-4.5379,-4.5379,-4.3921,-3.7684,-3.5715,-3.3949,-3.3949,-3.3949,-3.3949,-3.3949,-3.3949,-2.8713,0.27776,0.72367,0.72367,1.1579,1.1579,1.1579,1.1579,2.1795,2.1795,4.6677,7.0675,7.0675,7.7816,7.7816,7.7816,7.7816,7.7816,7.7816,8.1349,8.1349,8.2041,8.0594,8.0594,7.5336,7.5336,7.5336,7.5336,7.5336,7.5336,6.8557,6.479,6.6503,7.1229,7.1229,7.1229,7.1229,7.1229,7.655,6.6291,6.0235,4.8805,4.8805,4.8805,4.8805,4.8805,4.8805,2.9213,0.44165,-2.3487,-2.3487,-2.7947,-3.1852,-3.1852,-3.1852,-3.1852,-3.1852,-3.1852,-3.1852,-4.2867,-5.1168,-4.6166,-4.5815,-4.5815,-4.5815,-4.5815,-4.5815,-4.5815,-3.513,-3.513,-5.3946,-5.3946,-5.3946,-5.3946,-5.3946,-4.3484,-2.9522,-2.9522,-2.5265,-2.5265,-2.5265,-2.5265,-2.5265,-2.5265,-2.0912,-1.2813,-1.2813,-1.2813,-1.2813,-1.2813,-1.2813,-1.1228,-0.85032,-1.2111,-1.2111,-1.4633,-1.6017,-1.6017,-1.6017,-1.6017,-1.6017,-1.6017,-2.2998
-1.6017,-1.6017,-1.6017,-2.2998,-2.2998,-5.4797,-5.4797,-5.4169,-5.4169,-4.5975,-4.5975,-4.5975,-4.5975,-4.4932,-4.291,-4.291,-4.291,-4.291,-4.291,-4.291,-4.0292,-3.3927,-3.1969,-2.9107,-2.9107,-2.9107,-2.9107,-2.9107,-2.9107,-2.3711,0.3629,0.96419,0.96419,1.3654,2.3477,2.3477,2.3477,2.3477,2.3477,2.3477,2.3477,2.3477,2.3477,2.3477,3.579,5.8383,8.1317,8.1317,8.2552,8.2903,8.2903,8.3861,8.3861,8.169,8.169,8.169,8.169,8.169,6.7312,6.7674,6.7674,6.7674,6.7674,6.7674,6.7674,7.0558,7.4666,7.4666,6.8419,6.8419,6.8419,6.8419,6.8419,6.8419,5.9958,2.3158,2.3158,-0.12558,-0.12558,-0.12558,-0.12558,-0.12558,-0.12558,-1.8784,-4.9316,-4.9316,-5.336,-5.336,-5.4233,-5.4233,-5.4233,-5.4233,-5.4233,-5.4233,-4.7624,-3.6716,-3.5705,-5.2956,-5.2956,-5.2956,-5.2956,-5.2956,-5.2956,-5.2956,-5.2509,-3.0714,-3.0714,-3.0714,-3.0714,-3.0714,-3.0714,-3.0245,-2.2721,-1.8209,-1.4356,-1.4356,-1.4356,-1.4356,-1.4356,-1.4356,-1.1887,-0.8269,-0.8865,-0.8865,-1.4144,-1.6825,-1.6825,-1.6825,-1.6825,-1.6825
-1.6825,-1.6538,-2.9756,-4.1696,-5.4978,-5.4978,-6.1342,-6.1342,-5.5861,-5.5861,-4.8231,-4.8231,-4.8231,-4.8231,-4.8231,-4.8231,-4.8231,-4.4506,-4.1781,-4.1781,-4.1781,-4.1781,-4.1781,-4.1781,-3.8408,-3.4151,-3.0256,-2.2998,-2.2998,-2.2998,-2.2998,-2.2998,-2.2998,1.0749,1.7123,1.7123,2.8958,2.8958,4.2228,4.2228,4.2228,4.2228,4.2228,4.2228,5.385,7.5645,8.153,8.2978,8.2978,8.2435,8.2435,8.1158,8.1158,8.1158,8.1158,8.1062,7.2931,7.2931,7.2931,7.2931,7.2931,7.2931,7.2931,6.8355,7.0665,7.0665,7.4113,7.4113,7.4113,7.4113,7.4113,7.4113,7.5624,5.1828,5.1828,3.8685,3.8685,3.8685,3.8685,3.8685,3.8685,-1.939,-2.1189,-2.1189,-3.5683,-4.7762,-4.7762,-4.7762,-4.7762,-4.7762,-4.7762,-4.7762,-6.0448,-3.7759,-3.7759,-3.5641,-5.1711,-5.1711,-5.1711,-5.1711,-5.1711,-5.1711,-4.9955,-3.1937,-3.1937,-3.1937,-3.1937,-3.1937,-3.1937,-2.8543,-2.4658,-2.0635,-2.0635,-2.0635,-2.0635,-2.0635,-2.0635,-2.0635,-1.2185,-1.0376,-1.0376,-1.0376,-1.0376,-1.0376,-1.0376,-0.81413,-0.93865,-1.3654,-1.6517,-2.3083
-2.3083,-2.3083,-2.3083,-2.3083,-2.3083,-3.3821,-5.8362,-5.8362,-5.1594,-4.7156,-4.7156,-4.7156,-4.7156,-4.7156,-4.6868,-4.6868,-4.6868,-4.6868,-4.6868,-4.2526,-3.762,-3.6386,-3.6386,-3.4172,-3.4172,-3.4172,-3.4172,-3.4172,-3.4172,-0.88437,0.29479,0.29479,0.29479,0.29479,0.29479,0.29479,0.96419,3.1405,4.4357,5.6691,5.6691,5.6691,5.6691,5.6691,5.6691,6.8674,8.4074,8.6128,8.5542,8.3701,8.3701,8.3701,8.3329,8.3329,8.3329,8.3329,8.3329,7.3059,6.7642,6.7642,6.7642,6.7642,6.7642,6.7642,6.9909,7.506,7.506,7.771,7.771,7.771,7.771,7.771,7.771,6.5609,4.0728,4.0728,4.0728,2.453,0.36503,0.36503,0.36503,0.36503,0.36503,0.36503,-0.99399,-2.7925,-4.8146,-5.5648,-5.5648,-5.5648,-5.5648,-5.5648,-5.5648,-5.6947,-4.4187,-3.9408,-3.9408,-4.8912,-4.8912,-4.8912,-4.8912,-4.8912,-4.8912,-4.8912,-5.4063,-2.8766,-2.8766,-3.0948,-3.0948,-3.0948,-3.0948,-3.0948,-2.7297,-1.8603,-1.492,-1.492,-1.2079,-1.2079,-1.2079,-1.2079,-1.2079,-1.2079,-0.5832,-1.0536,-1.0536,-1.4931,-1.5101,-1.5101,-1.7262,-1.7262
-1.7262,-1.7262,-1.7262,-2.5797,-2.5797,-6.2055,-5.9384,-5.9384,-4.8986,-4.8986,-4.8986,-4.8986,-4.8986,-4.8986,-4.8986,-4.5655,-4.3697,-4.2069,-3.9004,-3.9004,-3.9004,-3.9004,-3.9004,-3.9004,-3.6631,-3.3236,-2.9426,-2.1976,-2.1976,-2.1976,-2.1976,-2.1976,-2.1976,-0.76624,1.11,1.889,1.889,3.1693,4.3655,4.3655,4.3655,4.3655,4.3655,4.3655,4.3655,5.485,8.0455,8.3148,8.3148,8.3712,8.3712,8.4723,8.4723,8.4723,8.4723,8.4723,8.4414,7.0026,7.0026,6.4439,6.4439,6.4439,6.4439,6.4439,6.3811,6.81,7.5677,7.9178,7.9178,7.9178,7.9178,7.9178,7.9178,7.9178,5.0923,3.8174,3.8174,3.8174,3.8174,3.8174,3.8174,2.5648,-1.293,-2.0188,-2.9596,-2.9596,-3.6939,-3.6939,-3.6939,-3.6939,-3.6939,-4.8092,-5.1604,-4.9753,-4.507,-4.507,-4.507,-4.507,-4.507,-4.507,-4.507,-3.7237,-5.1455,-5.1455,-5.1455,-5.1455,-5.1455,-5.1455,-5.1455,-3.0149,-2.7585,-2.7585,-2.2998,-2.2998,-2.2998,-2.2998,-2.2998,-2.2998,-1.1579,-1.1579,-1.1579,-1.1579,-1.1579,-1.1579,-0.94822,-0.94822,-1.4665,-1.4665,-1.4665,-1.4665
-1.6474,-2.1529,-3.082,-4.3101,-4.3101,-4.3101,-4.3101,-4.3101,-4.3101,-5.7511,-5.9778,-5.0136,-5.0136,-4.8731,-4.8731,-4.7613,-4.7613,-4.7613,-4.7613,-4.7613,-4.7613,-4.6092,-4.0866,-3.8408,-3.7078,-3.7078,-3.7078,-3.7078,-3.7078,-3.7078,-3.4162,-1.1898,0.3778,0.62683,0.62683,0.62683,0.62683,0.62683,0.62683,0.62683,3.7567,4.9635,6.2576,6.2576,7.4049,7.4049,7.4049,7.4049,7.4049,7.4049,7.4049,8.2009,8.733,8.6404,8.5234,8.5234,8.5234,8.5234,8.5234,8.4617,7.8646,6.7355,6.7355,6.7355,6.7355,6.7355,6.7355,6.5758,7.1707,7.8934,7.7678,7.7678,7.7678,7.7678,7.7678,7.7678,7.108,4.8167,3.1639,1.5101,1.5101,-0.9429,-0.9429,-0.9429,-0.9429,-0.9429,-1.4069,-3.1586,-4.0536,-4.905,-4.905,-4.905,-4.905,-4.905,-4.905,-4.905,-5.484,-5.0913,-5.0913,-3.5981,-3.5981,-5.4893,-5.4893,-5.4893,-5.4893,-5.4893,-5.4893,-5.4893,-5.5606,-3.2853,-3.1884,-3.1884,-3.1884,-3.1884,-3.1884,-3.1884,-3.1884,-1.856,-1.5389,-1.2696,-1.2696,-1.2696,-1.2696,-1.2696,-1.2696,-1.0483,-1.0483,-1.0483,-1.3633,-1.3633
-1.8369,-1.8369,-1.8369,-1.8369,-2.7468,-6.2161,-6.2161,-5.7521,-5.7521,-5.7521,-5.7521,-4.8561,-4.8561,-4.59,-4.3825,-4.3825,-4.3825,-4.3825,-4.3825,-4.3825,-3.5247,-3.5247,-2.983,-2.983,-2.983,-2.983,-2.983,-2.983,-2.983,-2.2327,1.0887,1.0887,1.7762,1.7762,3.1075,3.1075,3.1075,3.1075,3.1075,3.1075,4.3208,6.6801,8.1935,8.1935,8.1935,8.1935,8.1935,8.1935,8.4468,8.4861,8.4212,7.8476,7.8476,6.9207,6.9207,6.9207,6.9207,6.9207,6.9207,6.9207,6.5045,6.9238,6.9238,7.5262,7.5262,7.5262,7.5262,7.5262,7.5262,6.2651,5.153,5.153,3.8067,3.8067,3.8067,3.8067,3.8067,3.8067,2.3881,-1.4771,-2.8383,-2.8383,-3.132,-3.132,-3.132,-3.132,-3.132,-3.132,-3.132,-3.132,-3.8504,-4.1154,-4.0792,-4.0792,-4.0792,-4.0792,-4.0792,-4.0792,-4.0792,-3.5673,-5.1008,-5.1008,-5.1008,-5.1008,-5.1008,-5.1008,-3.7961,-3.1703,-2.8777,-2.4137,-2.4137,-2.4137,-2.4137,-2.4137,-2.4137,-2.4137,-1.9805,-1.1834,-1.0217,-1.0217,-1.0217,-0.85457,-0.85457,-0.85457,-0.85457,-0.85457,-0.88331,-1.4548,-1.4548,-2.2689
-2.2689,-2.2689,-3.397,-4.6656,-4.6656,-4.6656,-4.6656,-4.6656,-4.6656,-4.6656,-5.7724,-4.7486,-4.5666,-4.4399,-4.4399,-4.4399,-4.4399,-4.4399,-4.2165,-3.4034,-3.4034,-3.2491,-3.2491,-3.2491,-2.9724,-2.9724,-2.5563,-2.5563,-2.5563,-2.5563,-1.9316,0.59703,2.1359,2.1359,2.1359,2.1359,2.1359,2.1359,2.1359,3.2661,5.5372,6.5471,6.5471,6.5471,7.4113,7.9338,8.1807,8.2861,8.2861,8.2861,8.2861,8.2861,8.0572,7.6337,7.6337,7.6337,7.6337,7.6337,7.6337,6.9771,6.9771,7.043,7.0675,7.0675,7.0675,7.0675,7.0675,7.0675,6.4205,5.501,5.501,5.501,5.501,5.501,5.501,4.4538,-0.38951,-0.38951,-0.38951,-0.38951,-0.38951,-1.3526,-3.1778,-3.1778,-3.5481,-4.2644,-4.2644,-4.2888,-4.1675,-4.1675,-4.1675,-4.1675,-4.4346,-4.225,-4.225,-3.645,-3.645,-3.645,-3.645,-3.645,-3.645,-5.5318,-3.993,-2.8702,-2.8723,-2.8723,-2.8723,-2.8723,-2.8723,-2.8723,-2.7468,-1.4367,-1.4367,-1.1238,-1.0099,-1.0099,-1.0099,-1.0099,-1.0099,-1.0099,-0.91949,-1.16,-1.4548,-1.4548,-1.5325,-1.5325,-1.5325,-1.5325,-1.5325,-1.5325
-1.5325,-1.5325,-1.5325,-1.5325,-3.4545,-4.905,-6.2076,-5.965,-5.965,-5.965,-5.965,-5.965,-5.965,-5.965,-5.0402,-4.5666,-4.5666,-4.1356,-4.1356,-4.1356,-4.1356,-4.1356,-4.1356,-3.7631,-3.0416,-3.0416,-2.6095,-2.6095,-2.6095,-2.6095,-2.6095,-1.8049,1.4399,1.4399,2.0401,2.0401,3.1182,3.1182,3.1182,3.1182,3.1182,3.1182,4.2399,6.2576,7.0547,7.5017,7.5017,7.5017,7.5017,7.5017,7.5017,7.5017,7.6209,7.7316,7.7316,7.7316,7.7316,7.7316,7.7316,7.7316,7.5219,6.8621,7.0973,7.0973,7.0973,7.0973,7.0973,7.0973,7.0973,7.2091,6.1544,6.1544,6.1544,6.1544,6.1544,6.1544,6.1544,5.2583,1.7496,1.7496,-0.36077,-0.36077,-0.36077,-0.36077,-0.36077,-1.1366,-3.3715,-4.2899,-4.7965,-4.7965,-4.9061,-4.9061,-4.9061,-4.9061,-4.9061,-4.4027,-3.413,-3.413,-4.4878,-4.4878,-4.4878,-4.4878,-4.4878,-5.6117,-3.4939,-2.866,-2.866,-2.8777,-2.8138,-2.486,-2.486,-2.486,-2.486,-2.486,-2.486,-2.0997,-1.3505,-1.3505,-1.1355,-1.1355,-1.1355,-1.1355,-1.1355,-1.0078,-1.0078,-0.85032,-1.0355,-1.1547,-1.1547,-1.1547
-1.1547,-1.1547,-3.447,-4.6911,-4.6911,-5.4627,-5.4627,-5.4627,-5.4627,-5.4627,-5.4627,-5.2392,-4.375,-4.2026,-4.2026,-4.0153,-4.0153,-3.7333,-3.7333,-3.7333,-3.7333,-3.7333,-3.7333,-2.7904,-2.7904,-1.789,-1.789,-1.789,-1.789,-1.789,-1.789,-0.68217,-0.68217,2.2572,3.3161,3.3161,4.457,4.457,5.5308,5.5308,6.5652,6.5652,6.5652,6.5652,6.5652,6.5652,7.4038,8.1126,8.1935,8.318,8.318,8.318,8.318,8.318,8.318,8.2222,6.6514,6.5865,6.9654,6.9654,6.9654,6.9654,6.9654,6.9654,7.1516,7.0303,7.0303,7.0303,7.0303,7.0303,7.0303,5.965,5.965,3.3342,2.0784,0.61406,0.61406,0.61406,0.61406,0.61406,0.61406,-0.43846,-3.0128,-3.1959,-3.1959,-3.6471,-3.6471,-3.6471,-3.6471,-3.6471,-4.1026,-4.3335,-4.3335,-4.3335,-4.3335,-4.3335,-4.3335,-4.3335,-5.5733,-5.5733,-4.623,-4.623,-4.623,-4.623,-4.623,-4.623,-3.1863,-2.9639,-2.7861,-2.3573,-2.3573,-2.3573,-1.9976,-1.9976,-1.9976,-1.9976,-1.9976,-1.723,-1.3005,-1.0685,-0.96632,-0.96632,-0.84393,-0.70026,-0.70026,-0.70026,-0.70026,-0.70026,-0.70026,-0.70026
-2.7819,-2.7819,-2.7819,-2.7819,-2.7819,-2.7819,-2.7819,-5.4669,-5.2019,-4.6155,-4.6155,-4.3974,-4.3974,-4.3974,-4.3974,-4.3974,-4.3506,-4.3506,-3.7833,-3.7833,-3.7833,-3.7833,-2.9798,-2.6967,-2.6967,-2.6967,-2.6967,-2.6967,-2.6967,0.54382,0.54382,1.0312,1.3271,2.2221,2.2221,2.2221,2.2221,2.2221,2.2221,2.2221,3.3566,6.1055,6.1055,6.1055,6.1055,6.1055,6.1055,6.8334,7.4379,7.5762,7.7667,7.7667,7.7667,7.7667,7.7667,7.7667,7.5603,6.6365,6.6365,6.6365,6.6365,6.6365,6.6365,6.8845,7.0292,7.0292,7.0292,7.0292,7.0292,6.7706,5.0231,3.8525,3.8525,2.3094,2.3094,2.3094,2.3094,2.3094,2.3094,-0.059597,-3.5981,-4.3367,-4.3367,-5.0295,-5.0295,-5.0295,-5.0295,-5.0295,-5.0295,-5.5521,-5.5521,-4.1143,-3.4332,-3.4332,-3.4332,-3.4332,-3.4332,-3.4332,-3.4332,-4.6273,-4.6273,-2.8245,-2.8245,-2.8245,-2.8245,-2.8245,-2.8245,-2.8245,-2.9543,-2.2317,-2.2317,-1.9443,-1.723,-1.723,-1.723,-1.723,-1.723,-1.723,-1.723,-1.4388,-1.0972,-0.82265,-0.82265,-0.82265,-0.82265,-0.82265,-0.82265,-0.88969,-0.88969,-1.6166
-2.436,-2.436,-3.2054,-3.2054,-3.2054,-3.2054,-3.2054,-3.2054,-4.1632,-4.5815,-4.1207,-4.1366,-4.1366,-4.1366,-4.1366,-4.1366,-4.0813,-4.0813,-3.7429,-3.4374,-3.1533,-3.1533,-3.1533,-3.1533,-3.1533,-3.1533,-2.784,-2.784,-0.34907,-0.0042569,-0.0042569,0.3363,0.3363,0.3363,0.3363,0.3363,0.3363,1.2568,3.9685,3.9685,3.9685,3.9685,3.9685,3.9685,3.9685,5.9511,6.5886,7.076,7.5517,7.5517,7.5517,7.5517,7.5517,7.5517,7.5517,7.9253,8.07,8.07,8.07,8.07,7.8018,7.8018,7.8018,5.8032,5.6095,5.6095,5.6095,5.6095,5.6095,5.6095,5.9362,6.7323,6.7323,5.7234,5.7234,4.8571,4.1122,4.1122,4.1122,3.2214,3.2214,2.0582,2.0582,2.0582,2.0582,2.0582,1.1568,-2.1167,-2.1167,-2.1167,-2.1167,-2.1167,-2.1167,-2.1167,-3.1597,-4.0206,-3.6343,-3.6343,-3.6343,-3.6343,-3.6343,-3.6343,-4.4974,-4.4974,-1.5101,-1.5101,-6.6578,-6.6578,-7.2623,-7.2623,-7.2623,-7.2623,-7.2623,-7.2623,-4.8986,-4.1856,-3.6333,-3.3736,-3.3736,-3.3736,-3.3736,-3.3736,-3.3736,-2.9415,-2.2657,-1.9667,-1.8092,-1.8092,-1.5719,-1.5719
-1.2568,-1.2568,-1.7592,-4.3548,-4.3548,-5.1115,-5.1115,-5.1679,-5.1679,-4.9178,-4.9178,-4.9178,-4.9178,-4.9178,-4.9178,-4.3431,-3.7929,-3.7929,-3.297,-3.297,-3.297,-3.297,-3.297,-2.9724,-0.85138,0.53424,0.53424,1.1057,1.1057,1.1057,1.1057,1.1057,1.1057,1.5197,1.5197,3.3544,4.4612,5.6638,5.6638,5.6638,5.6638,5.6638,5.6638,6.6706,8.3137,8.3137,8.6404,8.6404,8.6404,8.6404,8.6404,8.881,8.881,6.8632,6.8632,6.8632,6.8632,6.7067,6.7067,6.8036,7.175,7.175,7.175,7.175,7.175,7.175,7.2091,7.2091,4.1143,2.685,2.685,1.4846,1.4846,1.4846,1.4846,1.4846,1.4846,-0.69387,-2.8,-3.1097,-2.5307,-2.5307,-2.5307,-2.5307,-2.5307,-3.049,-3.049,-4.3644,-4.3644,-4.5953,-4.5953,-4.5953,-4.5953,-4.5953,-3.562,-3.562,-5.137,-4.225,-4.225,-2.5435,-2.5435,-2.5435,-2.5435,-2.5435,-2.8149,-2.8149,-1.8677,-1.4814,-1.4814,-1.4814,-1.4814,-1.4814,-1.4814,-1.4814,-1.2494,-0.75134,-0.75134,-0.75134,-0.75134,-0.75134,-0.75134,-0.75134,-1.2771,-1.5197,-1.5197,-1.7996,-1.7996,-1.7996,-1.7996,-1.7996
-1.7996,-1.7996,-1.7996,-1.7996,-4.6006,-6.031,-6.031,-6.5929,-5.7617,-5.7617,-5.7617,-5.7617,-5.7617,-5.7617,-4.9944,-4.7124,-4.7124,-4.4176,-4.4176,-4.4176,-4.4176,-4.4176,-4.0121,-3.6226,-3.1682,-2.37,-2.37,-0.80668,-0.80668,-0.80668,-0.80668,-0.80668,-0.80668,0.54595,2.5839,2.5839,3.7823,3.7823,3.7823,3.7823,3.7823,3.7823,4.9455,7.6177,7.6177,7.6177,7.6177,7.6177,7.6177,8.119,8.2541,8.2541,8.2541,8.2541,8.2541,8.2541,8.0519,6.4045,6.4045,6.4386,6.6748,6.6748,6.6748,6.6748,6.6748,6.6748,7.0771,7.2367,7.2367,5.3296,5.3296,5.3296,5.3296,5.3296,5.3296,4.5687,4.5687,4.5687,4.5687,4.5687,4.5687,-0.71622,-2.4073,-4.1845,-4.1845,-5.2754,-5.2754,-5.2754,-5.2754,-5.2754,-5.2754,-3.845,-3.845,-3.3576,-3.4438,-3.4438,-5.468,-5.468,-5.468,-5.468,-5.468,-5.2424,-2.7755,-2.8436,-2.8436,-2.8436,-2.5616,-2.5616,-2.1476,-2.1476,-1.7347,-1.7347,-1.7347,-1.7347,-1.7347,-1.7347,-1.4112,-0.91843,-0.91843,-0.77263,-0.77263,-0.77263,-0.77263,-0.77263,-0.77263,-0.77263,-0.70984,-1.6719,-1.6719,-2.204
-2.204,-2.204,-2.204,-2.204,-2.204,-5.2243,-5.2243,-4.9231,-4.9231,-4.9231,-4.9231,-4.9231,-4.9231,-4.1728,-4.0472,-4.0472,-3.8014,-3.8014,-3.8014,-3.8014,-3.8014,-3.4726,-3.4726,-2.7936,-1.5165,-1.5165,0.16921,0.16921,0.16921,0.16921,0.16921,0.16921,0.44059,0.44059,0.44059,2.6818,3.8408,4.8188,4.8188,5.8032,6.6344,6.6344,6.6344,6.6344,6.6344,6.6344,7.1814,7.6901,7.9104,8.1275,8.1275,8.1275,8.1275,8.1275,8.1275,8.1275,8.037,6.3151,6.3151,6.2874,6.2874,6.4992,6.4992,6.4992,6.4992,6.4992,6.695,5.6776,5.0136,5.0136,5.0136,5.0136,5.0136,5.0136,3.943,-1.7687,-1.7687,-1.7687,-2.2977,-2.2977,-2.9596,-4.0366,-4.0366,-4.0366,-4.0366,-4.0366,-4.0366,-4.8678,-4.5964,-4.1867,-4.1867,-3.4768,-3.4768,-3.4768,-3.4768,-3.4768,-3.4768,-3.0905,-4.6219,-2.7861,-2.7861,-2.7904,-2.7904,-2.7904,-2.7904,-2.7904,-2.7904,-2.7904,-2.7872,-1.9071,-1.5761,-1.5761,-1.5761,-1.5761,-1.5761,-1.5761,-0.74921,-0.77795,-0.7258,-0.7258,-0.98973,-0.98973,-1.3665,-1.4835,-1.4835,-1.4835,-1.4835,-1.4835,-1.7283,-4.5826
-1.4835,-1.7283,-4.5826,-4.5826,-4.5826,-4.5826,-4.5826,-4.5826,-4.5826,-5.5797,-4.607,-4.607,-4.607,-4.607,-4.607,-4.607,-4.2282,-3.9036,-3.5769,-3.5769,-3.4641,-3.4641,-3.3566,-3.3566,-3.3566,-3.3566,-3.3566,-2.9511,-1.7953,-0.20327,0.35013,0.35013,0.35013,0.35013,0.35013,0.35013,0.82371,2.8202,4.1047,5.3115,5.3115,5.3115,5.3115,5.3115,5.3115,6.43,7.8614,7.8614,7.8614,7.8614,8.3233,8.4382,8.4382,8.2701,8.2701,8.2701,8.2701,8.2701,8.2701,7.6614,6.6248,6.3981,6.6078,6.6078,6.6078,6.6078,6.6078,6.6078,7.1739,6.9685,5.9118,5.9118,5.9118,5.9118,5.9118,5.1008,0.64598,0.64598,-1.7645,-1.7645,-1.7645,-2.4264,-3.1043,-3.1043,-3.1043,-3.1043,-3.1043,-3.1043,-4.4133,-5.5563,-5.1189,-4.9784,-4.9784,-4.9784,-4.9784,-4.9784,-4.9784,-4.01,-5.899,-5.899,-5.2913,-5.2913,-3.7535,-2.9383,-2.9383,-3.1118,-2.9915,-2.9915,-2.718,-2.718,-2.3189,-2.3189,-2.3189,-2.3189,-1.9901,-1.9901,-1.7549,-1.7549,-0.9429,-0.9429,-0.9429,-0.9429,-0.9429,-0.9429,-0.74283,-1.1164,-1.1164,-1.3675,-1.3675,-1.3675
-1.3675,-1.3675,-1.5538,-4.3005,-4.3005,-4.3005,-4.3005,-4.3005,-4.3005,-5.203,-5.0274,-4.5006,-4.5006,-4.4314,-4.2377,-4.2377,-4.076,-4.076,-3.8248,-3.8248,-3.5449,-3.5449,-3.5449,-3.5449,-3.5449,-3.5449,-3.5449,-2.6925,-2.1008,-2.1008,-1.1547,-1.1547,-1.1547,-1.1547,-1.1547,-1.1547,0.15538,1.723,3.0171,4.1132,4.1132,5.2232,5.2232,5.2232,5.2232,5.2232,5.2232,6.3417,8.2924,8.2924,8.4372,8.4372,8.4372,8.4372,8.4372,8.4372,8.5202,8.401,7.689,6.8994,6.8994,6.8994,6.8994,6.8994,6.8994,6.8994,6.6131,7.0164,7.0164,7.0164,7.0164,7.0164,7.4304,7.4304,4.9827,4.9827,3.9791,3.9791,3.9791,2.6946,0.48316,0.48316,0.48316,0.48316,0.48316,0.48316,-1.8645,-2.2711,-3.1831,-3.1831,-4.1292,-4.1292,-4.1292,-4.1292,-4.1292,-4.1292,-4.6475,-4.7156,-3.4853,-3.4853,-3.3619,-3.3619,-3.3619,-3.3619,-3.3619,-3.3619,-5.3488,-3.0341,-3.0341,-3.1161,-3.1161,-3.1161,-3.1161,-3.1161,-3.1161,-3.1161,-2.5031,-2.17,-2.17,-1.8496,-1.5421,-1.5421,-1.5421,-1.5421,-1.5421,-1.5421,-1.1941,-1.1941,-1.1941,-0.86841
-1.1962,-1.5027,-4.1175,-4.1175,-5.2828,-5.2828,-5.4978,-5.4978,-5.4978,-5.4978,-5.4978,-5.4978,-4.7656,-4.7656,-4.7656,-4.7656,-4.5538,-3.3991,-3.3991,-3.3991,-3.3991,-3.3991,-3.3991,-3.3991,-3.0245,-1.7858,-0.12664,-0.12664,-0.12664,0.71942,0.97057,0.97057,0.97057,0.97057,0.97057,0.97057,4.1026,5.0902,6.081,6.081,6.081,6.081,6.081,6.081,6.081,6.927,7.7433,7.953,8.1637,8.1637,8.3499,8.3499,8.3499,8.3499,8.3499,8.3499,6.8568,6.8568,6.6025,6.5322,6.5322,6.7546,6.7546,6.7546,6.7546,6.7546,6.7546,6.9664,6.9664,5.7436,5.7436,5.7436,5.7436,5.7436,4.7273,2.32,-0.26499,-0.26499,-0.26499,-0.26499,-0.26499,-2.4211,-3.8919,-3.8919,-3.8919,-3.8919,-3.8919,-3.8919,-4.6783,-4.6815,-3.6428,-3.6428,-3.6428,-3.6428,-3.6428,-3.6428,-3.1256,-5.9416,-5.2264,-3.5822,-3.5822,-2.9053,-2.9053,-2.9053,-2.9053,-2.9053,-2.5084,-2.5084,-2.1029,-1.7379,-1.7379,-1.7379,-1.7379,-1.7379,-1.7379,-1.4559,-1.4559,-0.83329,-0.83329,-0.80455,-0.99292,-0.99292,-0.99292,-0.99292,-0.99292,-0.99292,-1.7709,-2.7351,-3.7588,-3.7588
-2.7351,-3.7588,-3.7588,-3.7588,-3.7588,-3.7588,-3.7588,-3.7588,-5.5223,-4.6485,-4.5272,-4.5272,-4.5272,-4.4123,-4.2186,-4.2186,-4.2186,-4.2186,-4.2186,-4.2186,-4.2186,-4.0494,-3.3417,-2.9798,-2.9798,-2.3945,-2.3945,-2.3945,-2.3945,-0.91843,0.60342,1.1909,2.4679,2.4679,3.728,3.728,4.7284,4.7284,4.7284,4.7284,4.7284,4.7284,4.7284,5.8288,8.0988,8.0988,8.3233,8.3233,8.3233,8.3233,8.3233,8.4138,8.4138,7.954,7.954,7.3144,7.3144,7.0005,7.0005,7.0005,7.0005,7.0005,7.0005,6.9387,7.7944,7.7944,7.6103,7.6103,7.6103,7.6103,7.6103,7.6103,6.6365,3.132,3.132,1.6006,1.6006,-1.1323,-1.1323,-1.1323,-1.1323,-1.1323,-2.0497,-3.8259,-4.5453,-4.5453,-4.5453,-4.5453,-4.5453,-4.5453,-4.5453,-4.6932,-3.4343,-3.5215,-3.5215,-3.5215,-6.2278,-6.2278,-5.7213,-5.7213,-5.7213,-5.7213,-5.7213,-4.6443,-4.6443,-3.0607,-3.0607,-2.8585,-2.8585,-2.4605,-2.1572,-2.1572,-2.1572,-2.1572,-2.1572,-2.1572,-1.2505,-0.95887,-0.70239,-0.70239,-0.70239,-0.70239,-0.70239,-0.70239,-0.70239,-1.4133,-1.4133,-1.4133,-1.4133,-1.4133
-1.4133,-1.4133,-1.4133,-1.7858,-3.7737,-5.1296,-6.015,-6.015,-6.015,-6.015,-6.015,-5.5776,-5.5776,-4.6464,-4.6464,-4.4442,-4.4442,-4.4442,-4.4442,-4.4442,-4.4442,-3.5173,-3.5173,-3.3736,-3.3736,-3.3736,-2.337,-2.337,-2.337,-0.54275,-0.54275,-0.54275,-0.54275,-0.54275,0.59171,1.6538,2.8436,2.8436,2.8436,2.8436,2.8436,4.2143,5.4382,6.578,7.9466,7.9466,7.9466,8.1956,8.2509,8.2509,8.0913,8.0913,7.3985,7.3985,6.8196,6.8196,6.8196,6.8196,6.8196,6.91,6.8749,7.224,7.224,7.224,7.224,7.224,7.224,7.224,6.1608,5.3711,4.2867,4.2867,2.8787,2.8787,2.8787,2.8787,2.8787,2.8787,0.96844,-1.6655,-2.6318,-3.5375,-3.5375,-3.5375,-3.5375,-3.5375,-3.5375,-4.623,-5.3605,-4.6773,-4.6773,-4.6773,-3.6152,-4.6517,-4.6517,-4.6517,-4.6517,-4.6517,-4.6517,-6.2949,-3.0554,-3.2374,-3.2374,-3.2374,-3.1842,-3.1842,-2.834,-2.834,-2.834,-2.834,-2.834,-2.834,-2.5339,-2.0231,-1.4835,-1.4835,-1.4835,-1.4835,-1.4835,-1.4835,-1.2185,-0.77582,-0.77582,-0.77582,-0.77582,-0.77582,-1.9805,-1.9805,-2.8766,-3.878
-1.9805,-2.8766,-3.878,-3.878,-4.987,-5.3786,-5.3786,-5.3786,-4.8561,-4.5464,-4.5464,-4.4719,-4.4719,-4.4719,-4.4719,-4.4719,-4.0877,-3.7748,-3.4513,-3.4513,-3.4513,-3.4513,-3.4513,-3.4513,-3.2108,-2.1774,-0.53424,-0.53424,0.36609,0.6247,0.6247,0.6247,0.6247,0.6247,0.6247,1.3643,3.5854,4.7752,6.0459,6.0459,6.0459,6.0459,6.0459,6.0459,7.1367,7.9923,8.0594,8.1019,8.1019,8.1019,8.1019,8.1019,8.1019,8.1786,7.8135,7.3772,7.3772,7.3772,7.3772,7.3772,7.3772,7.1175,6.9398,7.1995,7.1995,7.4198,7.4198,6.8291,5.7543,5.7543,5.7543,5.7543,5.7543,5.7543,4.7326,1.3196,-1.4814,-1.4814,-2.4626,-2.4626,-2.4626,-2.4626,-2.4626,-2.4626,-2.4626,-2.4626,-2.4626,-2.2274,-4.9039,-4.9039,-3.9589,-4.1781,-4.1781,-3.0118,-3.0118,-3.0298,-3.0298,-6.3715,-6.3715,-6.1459,-6.1459,-5.0497,-5.0497,-5.0497,-5.0497,-5.0497,-5.0497,-2.9798,-3.2086,-3.0107,-2.6042,-2.6042,-2.6042,-2.6042,-2.6042,-2.6042,-2.2636,-1.7166,-1.2813,-1.2813,-0.86309,-0.86309,-0.86309,-0.86309,-0.86309,-0.86309,-0.57787,-1.0057,-1.0057,-1.0057
-1.0057,-2.3466,-2.3466,-3.3789,-4.7667,-4.7667,-4.7667,-4.7667,-4.7667,-4.7667,-5.8841,-4.7379,-4.7379,-4.639,-4.639,-4.639,-4.639,-4.639,-4.4378,-3.8067,-3.8067,-3.4779,-3.4779,-3.2853,-2.9341,-2.9341,-2.9341,-2.9341,-2.9341,-2.9341,-2.2721,0.70558,1.0589,1.5953,1.5953,1.5953,1.5953,1.5953,1.5953,1.5953,2.8979,6.4588,6.4588,6.4588,6.4588,6.4588,6.4588,7.3964,8.2392,8.3137,8.3786,8.3786,8.3786,8.3786,8.3786,8.3786,8.318,7.0569,7.0569,6.8898,6.8898,6.8898,6.8898,6.8898,6.8898,7.2963,7.2963,7.5496,7.5496,6.8302,6.8302,5.8234,5.8234,5.8234,5.8234,5.8234,5.8234,4.7645,-2.2083,-2.2083,-2.8702,-2.8702,-2.8702,-2.8702,-2.8702,-2.8702,-2.7766,-3.3683,-3.8003,-3.8759,-3.8759,-3.9451,-3.9451,-3.9451,-3.9451,-3.9451,-3.9451,-5.1828,-3.6854,-5.6393,-6.0384,-6.0384,-6.0384,-6.0384,-6.0384,-6.0384,-6.0384,-4.9593,-2.8649,-2.8649,-2.767,-2.767,-2.4062,-2.4062,-2.1167,-2.1167,-2.1167,-2.1167,-2.1167,-2.1167,-1.8347,-1.2249,-1.2249,-0.74815,-0.74815,-0.74815,-0.74815,-0.74815,-0.74815,-0.59277
-1.1238,-1.1238,-1.1238,-3.2608,-4.5996,-4.5996,-5.766,-5.766,-5.766,-5.766,-5.766,-5.7649,-5.0114,-5.0104,-5.0104,-4.8475,-4.8475,-4.8475,-4.8475,-4.8475,-4.5538,-3.9068,-3.678,-3.678,-3.678,-3.3119,-2.5914,-2.5914,-2.5914,-2.5914,-2.5914,-2.5914,-0.56085,1.6506,2.2423,3.5971,3.5971,3.5971,3.5971,3.5971,3.5971,5.07,5.07,8.4829,8.4829,8.4829,8.4829,8.4829,8.4829,8.4829,8.5883,8.6362,8.5127,8.5127,8.5127,8.5127,8.5127,8.5127,8.5127,8.5127,7.8774,6.8174,6.9856,7.5113,7.5113,7.5113,7.5113,7.5113,7.5113,7.5113,7.5113,7.2229,4.9039,3.3534,3.3534,1.1738,1.1738,1.1738,1.1738,1.1738,1.1738,1.1738,-2.7021,-3.2278,-3.2278,-3.2278,-3.2278,-3.2278,-3.2278,-3.7823,-4.3165,-4.5091,-3.479,-3.479,-3.479,-3.479,-3.479,-3.479,-3.695,-5.6085,-4.7507,-4.7507,-4.7507,-4.7507,-2.8979,-3.148,-3.0863,-2.8106,-2.8106,-2.4509,-2.4509,-2.4509,-2.4509,-2.4509,-2.4509,-2.4509,-1.6049,-1.2068,-1.2068,-0.97377,-0.97377,-0.97377,-0.97377,-0.97377,-0.70984,-0.92268,-1.4463,-1.4463,-1.4463,-1.4463
-1.4463,-1.4463,-1.7123,-3.5024,-4.6698,-5.5361,-5.5361,-5.5361,-5.5361,-5.5361,-5.5361,-5.4765,-5.0508,-5.071,-5.071,-4.9295,-4.9295,-4.4421,-4.4421,-3.9142,-3.9142,-3.9142,-3.9142,-3.9142,-3.0692,-1.8188,0.13516,0.13516,0.13516,0.13516,0.13516,0.13516,0.13516,2.3573,3.4843,3.4843,4.64,5.8649,5.8649,5.8649,5.8649,5.8649,5.8649,7.1952,7.1952,8.8011,8.8011,8.6894,8.6894,8.6894,8.6894,8.6894,8.6894,8.5149,8.0498,7.3463,7.3463,7.0324,7.0324,7.0324,7.0324,7.0324,7.0324,6.8643,7.7156,7.026,7.026,7.026,7.026,7.026,7.026,4.7784,3.3481,0.93758,0.93758,-1.8656,-1.8656,-1.8656,-1.8656,-1.8656,-1.8656,-3.065,-4.2984,-4.2984,-4.5379,-4.5379,-4.5379,-4.5379,-4.5379,-4.5379,-3.795,-3.795,-2.7563,-4.5198,-4.5198,-4.5198,-4.5198,-4.5198,-4.5198,-6.9579,-3.943,-3.214,-3.214,-3.3481,-3.3481,-3.3438,-3.3438,-3.3438,-3.3438,-3.3438,-3.3438,-2.982,-1.9901,-1.9901,-1.7113,-1.7113,-1.7113,-1.243,-1.0099,-1.0099,-1.0099,-1.0099,-1.0099,-1.0099,-0.74709,-0.74709,-1.3324,-1.657,-1.657,-1.657
-1.657,-1.657,-1.657,-1.657,-2.4945,-5.3126,-5.3126,-5.3126,-5.3126,-5.3126,-5.3126,-4.9784,-4.6304,-4.5155,-4.2835,-4.2835,-4.2835,-4.2835,-4.2835,-4.2835,-3.2352,-2.9383,-2.9383,-2.4137,-2.4137,-2.4137,-2.4137,-2.4137,-1.5314,0.86628,0.86628,1.2441,1.2441,1.2441,1.2441,1.2441,1.2441,1.2441,3.4598,5.7564,6.9419,6.9419,6.9419,6.9419,6.9419,6.9419,7.8401,8.7415,8.7415,8.7415,8.7415,8.7415,8.7415,9.0076,8.3637,7.5028,7.0633,7.0633,7.0633,7.0633,7.0633,7.0633,7.0633,7.5443,8.0445,8.0445,7.6614,7.6614,7.6614,7.6614,7.6614,4.1154,4.1154,2.6425,2.6425,2.6425,1.1749,-1.0962,-1.0962,-1.0962,-1.0962,-1.0962,-1.0962,-3.9387,-4.4921,-4.4921,-4.988,-4.988,-4.988,-4.988,-4.988,-4.988,-4.988,-4.9039,-3.8046,-4.026,-4.026,-6.2938,-6.2938,-6.2938,-6.2938,-6.2938,-5.6979,-3.3193,-3.3236,-3.3236,-3.3236,-3.0075,-3.0075,-3.0075,-3.0075,-3.0075,-2.2562,-2.2562,-1.9763,-1.6591,-1.1696,-1.1696,-1.1696,-1.1696,-1.1696,-1.1696,-0.86947,-0.67046,-1.0738,-1.3324,-1.3324,-1.3324,-1.3324,-1.3324
-1.3324,-1.3324,-1.5463,-3.4587,-4.8433,-4.8433,-4.8433,-4.8433,-4.8433,-5.6415,-4.772,-4.7635,-4.6145,-4.6145,-4.6145,-4.6145,-4.6145,-4.6145,-4.6145,-4.4495,-3.5481,-3.2853,-3.2853,-2.4296,-2.4296,-0.49061,-0.49061,0.57255,0.93439,0.93439,0.93439,0.93439,0.93439,0.93439,1.6708,3.9845,5.2339,6.5354,6.5354,6.5354,6.5354,6.5354,6.5354,6.5354,7.5986,8.4723,8.4744,8.4744,8.4744,8.4744,8.4744,8.4744,8.3935,7.5528,6.9526,6.7717,6.7919,6.7919,6.7919,6.7919,6.7919,6.7919,6.7919,7.0356,7.0377,7.0377,6.1236,4.8624,4.8624,3.3406,3.3406,0.83435,0.83435,0.83435,0.83435,-2.0263,-2.6148,-3.7056,-3.7056,-3.7056,-3.7056,-3.7056,-3.7056,-4.6241,-4.7188,-4.9412,-4.9412,-4.9412,-4.9412,-4.9412,-4.9412,-6.5333,-6.2268,-4.9678,-4.9678,-4.9678,-4.9678,-4.9678,-4.9678,-3.3374,-3.2267,-3.0522,-2.7127,-2.7127,-2.3456,-2.3456,-2.3456,-2.0327,-1.7166,-1.3409,-1.3409,-1.3409,-1.3409,-0.75347,-0.75347,-0.75347,-1.2079,-1.2079,-1.2079,-1.2079,-1.2079,-1.2079,-3.828,-3.828,-3.828,-3.828,-3.828,-3.828,-3.828,-5.3531
-1.2079,-3.828,-3.828,-3.828,-3.828,-3.828,-3.828,-3.828,-5.3531,-5.3531,-5.0721,-5.0721,-5.0721,-5.0721,-5.0721,-4.259,-3.7769,-3.7769,-3.7769,-3.7769,-3.7769,-3.7769,-3.5034,-2.6371,-1.6911,-1.6911,-0.062789,-0.062789,-0.062789,1.4048,1.4048,2.7893,3.8855,3.8855,3.8855,5.0881,6.33,6.33,6.33,6.33,6.33,6.33,7.5283,7.5283,8.7671,8.6798,8.6798,8.6798,8.6798,8.6798,8.6798,8.6798,8.6479,8.6479,7.4123,7.4123,7.4123,7.7944,7.7944,8.0317,8.0317,8.0317,8.0317,8.0317,8.0317,7.5539,4.2516,4.2516,2.9852,2.9852,2.9852,1.2547,-1.3718,-1.3718,-1.3718,-1.3718,-1.3718,-1.3718,-3.1576,-2.8958,-2.8958,-2.8958,-2.8958,-2.8958,-2.8958,-2.8958,-3.5588,-4.8358,-4.8358,-4.8358,-4.8358,-4.8358,-4.8209,-5.9948,-5.3445,-5.3445,-5.3445,-5.3445,-5.3445,-5.3445,-4.2771,-2.999,-2.999,-2.2338,-1.8943,-1.8943,-1.6815,-1.6815,-1.3856,-1.3856,-1.3856,-1.3856,-1.3856,-1.3856,-1.1302,-0.94184,-0.94184,-1.3228,-1.3228,-1.3228,-1.5782,-2.2115,-2.2115,-3.2959,-3.2959,-3.2959,-3.2959,-3.2959,-3.2959,-5.1242
-2.2115,-3.2959,-3.2959,-3.2959,-3.2959,-3.2959,-3.2959,-5.1242,-5.1242,-5.1242,-5.1242,-5.1242,-5.1242,-5.1242,-4.7496,-4.3282,-4.3282,-3.9142,-3.9142,-3.9142,-3.9142,-3.9142,-3.6194,-3.6194,-1.7634,-0.036184,-0.036184,-0.036184,0.7141,0.7141,1.2292,1.2292,1.2292,1.2292,1.2292,1.2292,2.1433,4.5208,5.7702,6.9898,6.9898,7.8763,7.8763,7.8763,7.8763,7.8763,7.8763,8.2946,8.4936,8.5181,8.5181,8.5181,8.5181,8.5181,8.5181,8.0732,6.8419,6.6227,6.728,6.728,6.728,6.728,6.728,6.728,7.1516,6.4183,5.3903,5.3903,4.1813,4.1813,2.7744,2.7744,0.61725,0.61725,0.61725,0.61725,0.61725,0.61725,-1.7006,-1.7006,-3.0948,-3.1352,-3.6556,-3.6556,-3.6556,-3.6556,-3.6556,-3.6556,-3.8365,-4.9316,-3.6396,-3.6396,-3.6396,-3.6396,-3.6396,-3.6396,-4.1122,-4.1122,-4.7922,-4.7922,-4.7922,-4.7922,-4.7922,-4.7922,-4.7922,-3.0841,-3.2533,-2.9809,-2.75,-2.75,-2.75,-2.75,-2.75,-2.3498,-1.9273,-1.5538,-1.5538,-1.2749,-1.2749,-1.2749,-1.2749,-0.90566,-0.54701,-1.1547,-1.1547,-1.6538,-1.6538,-1.6538,-1.6538,-1.6538
-1.6538,-1.6538,-1.6538,-2.1199,-4.4506,-5.7309,-5.915,-5.915,-5.915,-5.915,-5.915,-5.915,-5.3371,-5.0987,-4.8976,-4.8976,-4.5293,-4.5293,-4.5293,-4.5293,-4.5293,-4.5293,-4.0526,-4.0526,-3.6588,-1.5719,-1.5719,-0.20007,-0.20007,0.054275,0.90566,0.90566,2.0295,2.0295,3.247,3.247,3.247,3.247,3.247,3.247,3.247,5.8767,5.8767,7.8008,8.2935,8.2935,8.2935,8.2935,8.2935,8.5968,8.5968,9.0002,9.0002,9.0002,9.0002,9.0002,9.0002,8.4851,7.1048,6.727,6.5982,6.5982,6.5982,6.5982,6.5982,6.5982,6.8557,7.6092,7.0356,6.0203,6.0203,4.8454,4.8454,4.8454,3.4907,1.5665,1.5665,1.5665,-1.1909,-2.1274,-2.1274,-2.7255,-2.7255,-2.7255,-2.7255,-2.7255,-4.6464,-4.6464,-5.2445,-5.1838,-5.1838,-5.1838,-5.1838,-5.1838,-5.1838,-5.0817,-4.2963,-4.2963,-4.2963,-4.2963,-4.2963,-4.2963,-4.2963,-4.2963,-3.2044,-3.2842,-3.2842,-3.2842,-3.2842,-3.2842,-3.2842,-3.065,-2.0848,-1.9135,-1.6889,-1.6889,-1.2526,-1.2526,-1.2526,-0.97589,-0.67365,-0.67365,-0.5087,-0.5087,-0.5087,-0.5087,-0.5087,-1.226,-1.3824,-1.3824
-1.9656,-2.9096,-2.9096,-2.9096,-2.9096,-2.9096,-2.9096,-4.1111,-6.2225,-5.7362,-5.219,-5.219,-5.219,-5.219,-5.219,-5.219,-5.2732,-4.4974,-4.4974,-4.1111,-4.1111,-4.1111,-4.1111,-4.1111,-4.1111,-3.8525,-2.6606,-2.6606,-2.6606,-1.1834,0.41079,0.41079,1.0397,1.0397,1.6581,1.6581,2.7297,2.7297,2.7297,2.7297,4.0111,5.0976,6.2747,6.2747,7.4517,7.4517,7.4517,7.4517,7.4517,7.4517,8.1818,8.6085,8.6575,8.6575,8.6575,8.6575,8.6575,8.6575,8.3914,8.3914,7.738,7.3102,7.3102,7.3102,7.3102,7.3102,7.3102,7.1612,8.252,8.252,8.252,7.7805,6.8653,6.8653,6.8653,6.8653,6.8653,6.8653,5.8437,2.469,-0.42888,-1.608,-1.608,-2.3338,-2.3338,-2.3338,-2.3338,-2.3338,-2.3338,-4.1601,-4.6666,-4.6666,-4.308,-4.308,-4.308,-4.308,-4.308,-4.308,-5.1232,-6.2683,-6.2683,-6.1416,-6.1416,-6.1416,-6.1416,-6.1416,-5.1604,-3.1831,-3.1384,-2.9394,-2.9394,-2.9394,-2.9394,-2.9394,-2.9394,-2.5776,-1.6719,-1.6719,-1.2962,-1.2962,-1.0206,-1.0206,-1.0206,-1.0206,-1.0206,-1.0206,-0.71729,-1.2941,-1.2941,-1.2941
-1.4995,-1.4995,-1.4995,-1.4995,-4.7103,-5.9022,-5.9022,-5.7404,-5.7404,-5.7404,-5.7404,-5.7404,-5.1317,-5.1317,-4.8326,-4.8326,-4.8326,-4.8326,-4.8326,-4.8326,-4.4506,-3.7088,-3.5098,-3.1661,-3.1661,-3.1661,-3.1661,-3.1661,-3.1661,-2.5776,1.0791,1.0791,1.5506,2.469,2.469,3.6641,3.6641,3.6641,3.6641,6.1161,7.2208,7.2208,8.0104,8.4265,8.4265,8.4265,8.4265,8.4265,8.4265,8.4265,8.583,8.5191,8.0498,8.0498,8.0498,8.0498,8.0498,8.0498,7.3666,6.7621,6.7621,6.9004,7.5198,7.5198,7.5198,7.5198,7.5198,8.1051,8.1051,5.8149,4.3048,4.3048,2.485,2.485,-0.52892,-0.52892,-1.6549,-1.6549,-2.4403,-2.4403,-2.4403,-2.4403,-2.4403,-2.6254,-3.1373,-3.9238,-3.9238,-3.9238,-3.9238,-3.9238,-3.9238,-4.2356,-3.1948,-3.1948,-3.1948,-3.1948,-3.1948,-3.1948,-5.6404,-4.4197,-4.4197,-2.982,-2.982,-2.982,-2.982,-2.982,-2.982,-3.1863,-2.2913,-2.2913,-1.955,-1.955,-1.674,-1.674,-1.674,-1.674,-1.4175,-0.76305,-0.43633,-0.46081,-1.0397,-1.0397,-1.0397,-1.4942,-1.7549,-1.7549,-1.7549,-1.7549,-1.7549,-1.7549
-1.7549,-1.7549,-1.7549,-3.4917,-4.9071,-6.0959,-6.0959,-6.0959,-6.0959,-6.0959,-6.0959,-5.9607,-4.8177,-4.8177,-4.8177,-4.8177,-4.8177,-4.8177,-4.0121,-3.712,-3.5566,-3.5566,-3.5566,-3.5566,-3.5566,-3.5566,-3.5566,-3.2374,0.32565,0.32565,0.59703,0.59703,1.2866,1.2866,1.2866,1.2866,1.2866,1.2866,2.5265,6.2608,6.2608,7.274,7.274,7.274,7.274,7.274,7.274,7.274,8.5244,8.5479,8.5479,8.5361,8.3531,8.3531,8.3531,8.3531,8.3531,7.7476,6.7036,6.5524,6.5524,6.7642,6.7642,6.7642,6.7642,6.7642,6.7642,6.7642,6.8504,6.8504,5.7383,5.7383,5.7383,5.7383,5.7383,4.4399,1.657,1.657,-2.0082,-2.0082,-3.0086,-3.0086,-3.0086,-3.397,-3.7642,-3.7642,-4.4293,-4.4293,-4.4293,-4.4293,-4.4293,-4.5368,-5.0253,-3.9781,-3.9781,-3.1373,-5.9841,-5.9841,-5.9841,-5.9841,-5.9841,-5.9841,-6.4215,-6.4215,-3.4949,-3.4949,-3.4949,-3.4949,-3.4949,-3.4949,-3.5088,-2.4413,-2.4413,-2.121,-2.121,-2.121,-2.121,-2.121,-2.121,-1.9454,-0.94822,-0.94822,-0.67472,-0.67472,-0.84819,-0.84819,-1.226,-1.226,-1.226,-1.226
-1.872,-1.872,-4.1962,-4.1962,-4.1962,-5.6106,-5.6106,-5.6106,-5.6106,-5.6106,-6.0107,-4.9348,-4.8518,-4.6262,-4.6262,-4.6262,-4.6262,-4.6262,-4.6262,-4.4399,-3.6961,-3.5034,-3.1874,-3.1874,-3.1874,-3.1874,-3.1874,-3.1874,-2.104,0.38951,0.38951,1.4005,1.4005,2.6648,2.6648,2.6648,2.6648,2.6648,2.6648,3.7897,6.1395,7.1048,7.8103,7.8103,8.2956,8.2956,8.2956,8.2956,8.2956,8.7298,8.6745,8.6745,8.4436,8.4436,7.8338,7.076,7.076,7.076,7.076,7.076,7.076,6.6833,6.9856,7.7933,7.7933,7.7933,7.8199,6.794,6.794,5.7011,5.7011,5.7011,5.7011,5.7011,5.7011,4.3154,4.3154,-2.2647,-2.2647,-2.6084,-3.2289,-3.2289,-4.722,-4.722,-6.0938,-6.0938,-6.0938,-6.0938,-6.0938,-6.0938,-5.6074,-3.6907,-3.0639,-4.3814,-4.3814,-4.3814,-4.3814,-4.3814,-4.3814,-3.297,-3.297,-3.297,-3.297,-3.297,-3.297,-3.297,-3.1703,-3.1703,-2.7244,-2.2828,-2.2828,-2.2828,-2.2828,-2.2828,-2.2828,-1.9944,-0.62151,-0.62151,-0.3778,-0.3778,-0.30969,-0.30969,-0.86947,-0.86947,-1.3537,-1.7592,-1.7592,-2.4722,-2.4722,-3.5247
-2.4722,-3.5247,-3.5247,-4.8316,-4.8316,-4.8316,-4.8316,-4.8316,-6.0895,-5.3531,-4.872,-4.872,-4.8582,-4.8582,-4.8582,-4.8582,-4.8582,-4.8582,-4.2388,-4.0536,-3.9536,-3.9536,-3.9536,-3.9536,-3.9536,-3.9536,-3.9536,-3.6045,-1.0993,-1.0993,0.035119,0.035119,0.035119,0.035119,0.035119,0.035119,0.63641,0.63641,0.63641,0.63641,0.63641,0.63641,2.7947,6.2396,7.3453,8.1679,8.1679,8.6458,8.6458,8.6458,8.6458,8.6458,9.0363,9.0363,9.2204,9.1172,9.1172,9.1172,7.7167,7.7167,7.0984,7.0984,7.0984,7.0984,7.0984,6.7291,7.1186,7.7614,8.0839,8.0839,8.0839,8.0839,8.0839,8.0839,7.3942,5.3573,3.8642,3.8642,2.1785,-0.49274,-0.49274,-0.49274,-0.49274,-0.49274,-0.49274,-0.49274,-0.49274,-3.5013,-3.9344,-3.9344,-4.458,-4.458,-4.458,-4.458,-4.458,-5.2232,-5.2232,-4.176,-3.7801,-3.7801,-6.3385,-6.3385,-6.3385,-6.3385,-6.3385,-6.3385,-6.4982,-3.3065,-3.3065,-3.5747,-3.5747,-3.5747,-3.5747,-3.5747,-3.5747,-3.2682,-2.4584,-2.0678,-1.8518,-1.8518,-1.8518,-1.8518,-1.8518,-1.3803,-1.3803,-1.3803,-0.66195,-1.1919,-1.1919,-1.7432
-1.7432,-1.7432,-1.9986,-4.1845,-5.6819,-6.2991,-6.2991,-6.2991,-6.2991,-6.2991,-6.2991,-6.2991,-5.4648,-5.0253,-4.8146,-4.8146,-4.8146,-4.8146,-4.8146,-4.8146,-4.8146,-3.8823,-3.6311,-3.1171,-3.1171,-1.7251,-1.7251,-1.7251,-1.7251,-1.7251,0.088331,1.0962,1.0962,3.6226,3.6226,3.6226,3.6226,3.6226,3.6226,4.9763,4.9763,7.4453,8.4265,9.0661,9.0661,9.362,9.4046,9.4046,9.4046,9.4046,9.4046,9.3418,9.0821,8.3339,7.4357,7.4357,7.4357,7.4357,7.4357,7.4357,6.81,7.2846,7.2846,7.2846,7.2846,7.2846,7.2846,8.2041,6.1289,6.1289,4.6868,4.6868,4.6868,4.6868,4.6868,4.6868,2.088,0.77369,-1.2207,-2.3158,-2.3158,-4.1132,-4.1132,-4.3995,-4.3995,-4.109,-4.3708,-4.3708,-4.3708,-4.3708,-4.3708,-4.3708,-5.5201,-5.5201,-4.2197,-2.9351,-2.9351,-2.9351,-2.9351,-2.9351,-2.9351,-4.7486,-4.2856,-3.2533,-3.2533,-3.2533,-3.2533,-3.2533,-3.2533,-3.2533,-3.4215,-2.2551,-1.856,-1.856,-1.856,-1.856,-1.856,-1.856,-1.5559,-0.68855,-0.39589,-0.34481,-0.34481,-1.0248,-1.0248,-1.0248,-1.0248,-1.0248,-1.0248,-1.6655
-3.4268,-4.6911,-4.6911,-4.6911,-4.6911,-4.6911,-4.6911,-4.6911,-5.0199,-5.0199,-4.9497,-4.9497,-4.9497,-4.9497,-4.9497,-4.9497,-4.7188,-3.9547,-3.9547,-3.9547,-3.9547,-3.9547,-3.9547,-3.9195,-3.446,-2.8532,-1.4612,-1.4612,-1.4612,-1.4612,-1.4612,-1.4612,0.22774,1.2441,2.5041,2.5041,3.9121,5.1806,5.1806,6.2002,6.2002,7.2591,7.2591,8.1732,8.1732,8.1732,8.1732,8.9863,9.08,9.08,9.2726,9.2726,9.2726,9.2726,9.2726,9.2726,7.9136,7.2016,7.2016,7.2016,7.2016,7.2016,7.2016,6.8621,7.9764,7.9764,8.2807,8.2807,8.2807,8.2807,8.2807,8.2807,4.9902,3.5034,3.5034,1.9188,1.9188,-0.72474,-0.72474,-2.0231,-2.8276,-2.8276,-3.8653,-3.8653,-3.678,-3.678,-4.3527,-4.3527,-4.3527,-4.3527,-4.3527,-4.3527,-4.6326,-5.2307,-5.004,-5.004,-5.004,-5.004,-5.004,-5.004,-3.4875,-5.7755,-5.7755,-5.7755,-5.7755,-5.7755,-5.7755,-5.7755,-3.5024,-3.3417,-3.3417,-2.9064,-2.9064,-2.9064,-2.9064,-2.9064,-2.9064,-2.5999,-1.9273,-1.5985,-1.0355,-1.0355,-0.57681,-0.57681,-0.57681,-0.57681,-0.57681,-0.57681,-0.19582,-0.92481
-1.873,-1.873,-1.873,-2.6776,-5.1583,-6.3534,-6.0938,-6.0938,-5.2317,-5.2317,-5.2317,-5.2317,-5.2317,-5.2317,-5.1423,-5.1423,-4.6347,-4.2622,-4.2622,-4.2622,-4.2622,-4.2622,-4.2622,-4.2622,-3.9887,-3.4662,-2.9319,-1.557,-1.557,-1.557,-1.557,-1.557,-1.557,0.05534,0.05534,1.2004,3.6939,3.6939,4.8305,4.8305,6.0022,6.0022,6.0022,6.0022,6.0022,7.1473,8.5021,8.5021,8.6192,8.6192,8.6117,8.6117,8.6117,8.6117,8.6117,8.6117,8.8001,8.3052,7.6199,7.1761,7.1761,7.1761,7.1761,7.1761,7.1761,6.9409,7.1484,8.0636,8.4138,8.4138,8.4138,8.4138,8.4138,8.4138,7.6124,5.3073,3.7035,3.7035,2.4967,1.1909,1.1909,-0.90885,-1.425,-1.425,-1.425,-4.1111,-4.1111,-4.1111,-4.1111,-4.1111,-6.0618,-5.6,-6.6152,-6.6152,-6.6152,-6.6152,-6.6152,-6.6152,-5.4233,-5.4233,-6.4066,-6.4066,-6.4066,-6.4066,-6.4066,-6.4066,-6.4066,-6.4066,-6.4066,-6.4066,-6.4066,-5.8224,-3.347,-3.347,-2.9341,-2.9341,-2.9341,-2.9341,-2.9341,-2.9341,-1.9443,-1.4622,-1.0014,-1.0014,-1.0014,-1.0014,-1.0014,-1.0014,-0.65982,-0.66195
-2.1178,-2.1178,-2.1178,-2.1178,-3.1948,-5.5499,-6.1044,-5.5851,-5.5851,-5.5851,-5.5851,-5.5851,-5.5851,-4.9295,-4.8124,-4.689,-4.3676,-4.3676,-4.3676,-4.3676,-4.3676,-4.3676,-4.0504,-3.5779,-3.148,-2.4616,-2.4616,-1.1334,-1.1334,-1.1334,-1.1334,-1.1334,-1.1334,0.22136,1.558,2.8404,4.1483,4.1483,5.369,5.369,6.612,6.612,6.612,6.612,6.612,6.612,6.612,7.7901,9.1938,9.1938,9.1736,9.1736,9.1736,9.1736,9.1736,9.1736,9.113,8.2541,7.4176,7.0803,7.0803,7.0803,7.0803,7.0803,7.0803,6.9824,7.4975,8.1211,7.8742,7.8742,6.8823,6.8823,6.8823,6.8823,6.8823,6.8823,5.7702,5.7702,2.982,1.3601,-0.63854,-0.63854,-1.0813,-1.0813,-2.4424,-2.4424,-2.4424,-2.4424,-3.7046,-3.4555,-3.9206,-3.9121,-3.9121,-3.9121,-3.9121,-3.9121,-3.9121,-4.806,-4.7816,-3.3353,-3.3353,-3.3353,-3.3353,-3.3353,-3.3353,-5.6925,-4.6975,-4.6975,-3.2012,-3.2012,-3.2012,-3.2012,-3.2012,-3.2012,-2.9628,-2.5956,-2.5956,-2.2466,-2.2466,-1.9869,-1.9869,-1.9869,-1.9869,-1.9869,-1.8081,-1.8081,-1.1238,-0.83222,-0.5683,-0.5683
-2.8617,-2.8617,-3.9281,-3.9281,-3.9281,-3.9281,-3.9281,-3.9281,-5.1189,-5.1189,-4.8039,-4.8039,-4.7294,-4.7294,-4.7294,-4.7294,-4.7294,-4.7294,-4.5677,-3.7227,-3.7227,-3.5098,-3.5098,-3.5098,-3.5098,-3.5098,-3.5098,-3.2863,-0.35439,-0.35439,0.56404,0.56404,1.0153,1.0153,1.8741,1.8741,3.0128,3.0128,4.1345,4.1345,4.1345,4.1345,5.3435,6.5067,7.4294,7.9966,7.9966,7.9966,7.9966,7.9966,7.9966,8.3382,8.8214,9.0002,9.0002,9.0002,9.0002,9.0002,9.0002,8.8671,7.5336,7.1143,6.8696,6.8696,6.8696,6.8696,6.8696,6.8696,7.7795,7.7795,7.3368,6.3066,6.3066,6.3066,6.3066,6.3066,6.3066,5.0998,5.0998,5.0998,-0.47997,-2.1412,-3.0533,-3.0533,-3.8599,-3.8599,-3.8599,-3.8599,-3.8599,-3.3459,-3.148,-4.1217,-4.1217,-4.1217,-4.1217,-4.1217,-4.1217,-4.1217,-3.2853,-3.91,-6.579,-6.579,-6.579,-6.579,-6.579,-6.579,-5.5978,-2.9138,-3.1395,-2.9468,-2.9468,-2.7702,-2.7702,-2.7702,-2.7702,-2.7702,-2.7702,-2.5424,-1.8869,-1.7389,-1.4335,-1.4335,-1.4335,-1.4335,-1.4335,-1.4335,-1.0908,-0.58426,-0.60235,-1.0099
-1.2909,-1.2909,-1.2909,-1.6815,-4.7028,-4.7028,-5.7936,-5.7936,-5.7936,-5.7936,-5.7936,-5.7936,-5.1274,-5.1274,-5.0657,-4.8593,-4.8593,-4.8593,-4.8593,-4.8593,-4.8593,-4.4165,-3.6226,-3.3821,-2.4349,-2.4349,-0.83435,-0.83435,-0.83435,-0.83435,-0.83435,-0.83435,-0.077688,-0.077688,2.337,3.6663,3.6663,4.9529,4.9529,4.9529,4.9529,4.9529,4.9529,7.8891,7.8891,7.8891,7.8891,7.8891,7.8891,8.3063,8.5808,8.6117,8.5138,8.5138,8.5138,8.5138,8.5138,8.5138,8.0498,8.0498,8.0498,8.0498,8.0498,7.3453,7.3453,7.8817,7.8817,7.4847,7.4847,7.4847,7.4847,7.4847,6.4439,6.4439,3.4076,-1.8975,-1.8975,-2.4477,-2.4477,-3.4066,-3.4066,-3.5343,-3.5343,-3.5343,-3.5343,-3.5343,-3.5343,-3.9781,-4.0334,-4.0334,-4.0334,-4.0334,-4.49,-5.8564,-5.8564,-6.1757,-6.1757,-6.1757,-6.1757,-6.1757,-6.1757,-6.1757,-3.1693,-3.0565,-2.9979,-2.9979,-2.767,-2.767,-2.767,-2.767,-2.767,-2.767,-2.4701,-1.7336,-1.3324,-1.3324,-1.3324,-1.3324,-1.3324,-1.3324,-1.3324,-0.12984,-0.41186,-0.41186,-0.88437,-0.88437,-0.88437,-0.88437,-0.88437,-0.88437
-0.88437,-0.88437,-1.3526,-3.363,-5.5223,-5.5223,-5.5223,-5.5223,-5.5223,-5.5223,-5.5223,-5.5074,-4.9731,-4.9731,-4.689,-4.689,-4.689,-4.689,-4.689,-4.2239,-4.2239,-3.0469,-3.0469,-1.7421,-1.7421,-0.61831,-0.61831,-0.61831,-0.61831,-0.61831,-0.61831,1.2302,2.6095,3.9014,5.2126,5.2126,5.2126,5.2126,5.2126,5.2126,5.2126,8.5659,8.5659,8.5659,8.5659,8.5713,8.5713,7.8487,7.8487,7.8487,7.8487,7.8487,7.8487,6.2481,6.4396,6.8206,6.8206,6.8206,6.8206,6.8206,6.8206,7.5092,4.8241,4.8241,3.149,3.149,0.9312,-1.9678,-1.9678,-3.5183,-3.5183,-3.2193,-3.2193,-3.2193,-3.2193,-3.2193,-3.9515,-5.0519,-5.0519,-5.0519,-5.0519,-5.0519,-5.0519,-5.0519,-3.9887,-2.7414,-2.7414,-2.8532,-2.8532,-2.8532,-2.8532,-5.866,-4.2335,-2.8319,-3.1682,-3.1682,-3.1682,-3.1682,-3.1682,-3.1682,-3.0628,-2.0178,-2.0178,-1.7411,-1.7411,-1.4665,-1.4665,-1.4665,-1.4665,-1.4665,-1.4665,-0.40973,-0.73432,-0.73432,-1.0727,-1.0727,-1.0727,-1.0727,-1.0727,-2.7829,-3.8525,-3.8525,-3.8525,-3.8525,-3.8525,-3.8525,-3.8525,-5.2019,-5.5191,-4.9465
-2.7829,-3.8525,-3.8525,-3.8525,-3.8525,-3.8525,-3.8525,-3.8525,-5.2019,-5.5191,-4.9465,-4.9635,-4.9635,-4.7656,-4.7656,-4.7656,-4.7656,-4.7656,-4.7656,-4.7656,-3.7652,-3.5971,-3.5971,-3.3991,-3.3991,-3.3991,-3.3991,-3.3991,-3.0213,-3.0213,-1.5282,-0.19901,0.88118,0.88118,1.6187,1.6187,2.7829,2.7829,2.7829,2.7829,5.4318,5.4318,6.5822,7.5869,7.5869,7.5869,7.5869,7.5869,7.5869,8.3691,9.0917,9.0555,9.0555,9.0555,9.0555,9.0555,8.9629,7.9434,7.2772,7.2772,6.8589,6.8589,6.8589,6.8589,6.8589,6.8589,6.5727,7.655,7.655,7.1633,7.1633,6.1938,6.1938,6.1938,6.1938,6.1938,4.8986,1.872,-0.67685,-2.7893,-2.7893,-2.9234,-2.9234,-3.3885,-3.3885,-3.7312,-3.7312,-3.7312,-3.7312,-3.1937,-3.1937,-3.4406,-4.3059,-4.3059,-4.3059,-4.3059,-4.3059,-4.3059,-3.0767,-4.4038,-4.4038,-5.6234,-5.6234,-5.0604,-3.9461,-3.9461,-2.9649,-2.9649,-2.9649,-2.9649,-2.9649,-2.9649,-3.3395,-2.7414,-2.3307,-2.3307,-1.9848,-1.84,-1.84,-1.84,-1.84,-1.84,-1.84,-1.84,-1.6038,-0.68217,-0.68217,-0.64705,-1.0217,-1.0217
-2.1785,-2.1785,-2.1785,-2.1785,-2.1785,-3.1341,-5.5318,-5.568,-4.9146,-4.9146,-4.9146,-4.9146,-4.9146,-4.9486,-4.6379,-4.3165,-4.3165,-4.3165,-4.3165,-4.3165,-4.3165,-3.9408,-1.4984,-1.4984,0.035119,0.035119,0.035119,0.035119,0.035119,0.035119,0.49167,2.1402,2.1402,3.6024,4.8944,4.8944,6.0373,6.0373,6.0373,6.0373,6.0373,7.7923,8.3148,8.3148,8.3148,8.3148,8.3148,8.3148,8.6277,8.4563,8.0817,8.0817,8.0817,8.0817,8.0817,8.0817,8.0817,7.4091,6.6482,6.7206,6.7206,7.1622,7.1622,7.1622,7.1622,7.1622,7.1622,7.275,4.0653,2.535,2.535,2.535,2.535,2.535,2.535,0.034055,-3.3129,-3.2831,-3.7546,-3.7546,-4.0355,-4.0355,-4.0355,-4.0355,-4.0355,-4.3931,-4.4846,-3.4875,-2.8234,-2.8234,-2.8234,-2.8234,-2.8234,-2.8234,-2.8234,-5.2126,-3.4981,-3.0298,-3.0298,-3.0298,-3.0298,-3.0298,-3.0298,-2.8468,-2.469,-2.469,-2.0965,-2.0965,-1.8656,-1.8656,-1.8656,-1.8656,-1.8656,-1.8656,-0.96312,-0.96312,-0.72154,-0.54808,-0.54808,-0.77156,-0.77156,-0.77156,-0.77156,-1.1387,-1.7741,-1.7741,-1.7741,-1.7741,-1.7741,-1.7741
-1.7741,-1.7741,-1.7741,-1.7741,-2.7255,-4.9337,-5.7042,-5.3488,-5.3488,-5.3488,-5.3488,-5.3488,-5.3488,-4.871,-4.5559,-4.5559,-4.1994,-4.1994,-4.1994,-3.8727,-3.6684,-3.6684,-3.6684,-3.6684,-3.6684,-3.6684,-3.4119,-2.0454,0.80881,0.80881,0.80881,0.80881,0.80881,0.80881,0.80881,1.4037,1.4037,3.3704,4.6294,5.9128,7.1048,7.1048,7.1048,7.1048,7.1048,7.1048,7.1048,8.7288,8.7724,8.7724,8.7724,8.7724,8.7724,8.7724,8.7724,8.7458,7.3857,6.9526,6.8387,6.8387,6.8387,6.8387,6.8387,6.8387,6.8994,7.6954,6.76,6.76,5.5691,5.5691,5.5691,5.5691,5.5691,5.5691,4.176,-1.442,-1.442,-1.9433,-1.9433,-2.8415,-2.8415,-3.2491,-3.0692,-3.0692,-3.0692,-3.0692,-3.0692,-3.0692,-3.2938,-4.6794,-4.6794,-4.6794,-4.6794,-4.6794,-4.6794,-4.3782,-5.6159,-5.6159,-5.0157,-5.0157,-5.0157,-5.0157,-5.0157,-4.2739,-3.099,-3.0288,-2.7532,-2.7532,-2.5094,-2.5094,-2.5094,-2.5094,-2.5094,-2.1306,-2.1306,-1.757,-1.4505,-1.1611,-1.1611,-0.95567,-0.95567,-0.74921,-0.69813,-0.69813,-0.69813,-0.69813,-0.69813,-0.69813,-1.3079,-1.6644
-1.6644,-1.6644,-1.6644,-1.6644,-1.6644,-4.5996,-5.302,-5.302,-4.855,-4.855,-4.855,-4.855,-4.855,-4.855,-4.7166,-4.6124,-4.291,-3.8568,-3.8568,-3.8568,-3.4949,-3.1959,-3.1959,-3.1959,-3.1959,-3.1959,-3.1959,-3.1959,-0.37886,0.55127,0.55127,1.2026,2.038,3.0894,3.0894,3.0894,4.2675,4.2675,5.5393,6.7632,6.7632,6.7632,6.7632,6.7632,8.0296,8.2488,8.2488,8.2488,8.2488,8.2488,8.2488,8.3829,8.1232,8.1232,7.4283,7.4283,7.4283,7.4283,7.4283,7.4283,6.9664,6.5695,6.579,7.026,7.026,7.026,7.026,7.026,7.026,6.9089,3.6971,3.6971,2.0923,2.0923,-0.28628,-0.28628,-0.28628,-0.28628,-0.28628,-0.28628,-2.0635,-2.9585,-2.9234,-2.3328,-2.3328,-2.3328,-2.3328,-2.3328,-2.3328,-2.3328,-2.7202,-4.3612,-4.3612,-4.3612,-4.3612,-4.3612,-4.3612,-4.3612,-5.3733,-5.3733,-4.922,-4.922,-4.922,-4.922,-4.922,-4.922,-4.4208,-2.668,-2.7904,-2.4041,-2.4041,-2.1519,-2.1519,-2.1519,-2.1519,-2.1519,-2.1519,-1.8028,-1.8028,-1.2207,-0.99611,-0.99611,-0.99611,-0.99611,-0.99611,-0.99611,-0.99611,-0.98122,-1.1515,-1.4867
-2.1338,-2.1338,-2.1338,-2.1338,-2.1338,-3.2033,-3.2033,-3.2033,-3.2033,-4.7826,-4.7826,-4.6422,-4.6422,-4.6422,-4.6422,-4.6422,-4.6422,-4.4389,-3.6694,-3.3555,-3.3555,-3.1533,-2.6308,-2.6308,-2.6308,-2.6308,-2.6308,-2.6308,-1.1068,1.0685,1.0685,2.137,2.137,3.3874,3.3874,4.6507,5.7851,5.7851,6.8153,6.8153,7.5837,7.5837,7.5837,7.5837,7.5837,8.3701,8.5457,8.6777,8.6777,8.6777,8.6777,8.6777,8.6777,8.6777,8.5095,6.7483,6.7632,6.7632,6.7632,6.8845,7.4538,7.4538,7.4538,7.4538,7.4538,7.4538,7.8902,6.2694,5.1285,5.1285,3.6354,3.6354,3.6354,3.6354,3.6354,3.6354,2.071,-1.8518,-3.0107,-4.159,-3.6907,-3.6907,-3.6907,-3.6907,-3.6907,-3.6514,-4.6304,-4.6304,-4.4112,-4.4112,-4.4112,-4.4112,-4.4112,-4.4112,-4.2111,-3.0011,-5.8298,-5.302,-5.302,-5.302,-5.302,-5.302,-5.302,-4.3665,-2.8904,-2.784,-2.5573,-2.5573,-2.5573,-2.5573,-2.5573,-2.5573,-2.2083,-1.392,-1.392,-1.2781,-1.2781,-0.96525,-0.96525,-0.96525,-0.96525,-0.96525,-0.96525,-0.96525,-0.71303,-1.3537,-1.3537,-1.5836,-1.5836,-1.9039
-1.9039,-1.9039,-1.9039,-1.9039,-4.8795,-4.8795,-4.8795,-4.8795,-4.8795,-4.8795,-6.0916,-5.186,-5.0104,-5.0104,-4.9359,-4.9359,-4.9359,-4.9359,-4.9359,-4.9359,-4.0057,-3.7748,-3.7748,-3.6801,-3.6801,-3.3023,-3.3023,-3.3023,-3.3023,-3.3023,-3.3023,-2.37,0.85032,0.85032,1.7964,1.7964,1.7964,1.7964,1.7964,1.7964,3.2097,5.7851,6.9462,7.8306,7.8306,8.3903,8.3903,8.3903,8.3903,8.3903,8.3903,8.6883,8.8756,8.8277,8.3531,8.3531,8.3531,8.3531,8.3531,8.3531,7.5028,6.7525,6.7525,6.9536,6.9536,6.9536,6.9536,6.9536,6.9536,7.4506,6.5258,5.4084,4.0036,4.0036,2.569,2.569,2.569,2.569,2.569,2.569,0.33417,0.33417,-3.1192,-3.1192,-3.1905,-3.0235,-3.0235,-3.0235,-3.3789,-3.3789,-3.3789,-3.3789,-3.3789,-3.3789,-4.3069,-4.3069,-4.1249,-2.9766,-2.9766,-2.9766,-2.9766,-2.9766,-2.9766,-3.3555,-5.2073,-4.4548,-2.8223,-2.8223,-2.8223,-2.999,-2.9703,-2.9703,-2.9703,-2.9703,-2.9703,-2.9703,-2.668,-2.0199,-1.8326,-1.6378,-1.6378,-1.6378,-1.6378,-1.6378,-1.6378,-1.3526,-0.82052,-0.72154,-0.928,-0.928
-1.8283,-1.8283,-3.1884,-4.3644,-4.3644,-5.4233,-5.4233,-5.4233,-5.4233,-5.4233,-5.4233,-6.0161,-4.9423,-4.8944,-4.7241,-4.7241,-4.7241,-4.4964,-4.1643,-4.1643,-4.1643,-4.1643,-4.1643,-4.1643,-4.1643,-3.8887,-2.8085,-2.8085,-1.2643,-1.2643,-1.2643,-1.2643,-1.2643,-1.2643,-0.088331,1.2739,2.3934,3.6663,3.6663,3.6663,5.021,6.2864,6.2864,6.2864,6.2864,7.2974,8.5883,8.5883,8.5883,8.5883,8.5883,8.5883,8.8671,8.6373,8.6373,8.6373,8.6373,8.6373,7.2176,6.8142,6.6514,6.6514,6.7514,6.7514,6.7514,6.7514,6.7514,6.7514,7.0069,7.5656,6.7983,5.7287,5.7287,5.7287,5.7287,5.7287,5.7287,4.5251,1.6485,-1.2345,-2.4445,-2.4445,-3.1373,-3.1373,-3.9557,-3.9557,-3.9557,-3.9557,-3.9557,-3.7333,-3.198,-3.198,-4.3506,-4.3506,-4.3506,-4.3506,-4.3506,-4.3506,-4.7443,-3.347,-3.7588,-5.1892,-5.1892,-5.1892,-4.8337,-4.2707,-4.2707,-4.2707,-4.2707,-4.2707,-4.2707,-2.6744,-2.7798,-2.5211,-2.5211,-2.1763,-2.1763,-2.1763,-2.1763,-2.1763,-2.1763,-1.7815,-1.3931,-1.0749,-0.78008,-0.78008,-0.56085,-0.56085,-0.6098,-0.6098
-1.9901,-1.9901,-1.9901,-1.9901,-2.5744,-4.5623,-5.7553,-6.3002,-6.3002,-6.3002,-6.3002,-6.3002,-5.5872,-5.0242,-4.9295,-4.9295,-4.7539,-4.7539,-4.4144,-4.1303,-4.1303,-4.1303,-4.1303,-4.1303,-4.1303,-3.9525,-1.5346,-1.5346,-1.5346,-1.5346,-1.5346,-1.5346,-1.5346,-0.14473,1.0664,2.1146,3.3906,3.3906,4.7305,4.7305,4.7305,4.7305,4.7305,7.9625,7.9625,7.9625,7.9625,7.9625,7.9625,7.9625,8.4159,8.666,8.649,8.5404,8.5404,8.5404,8.5404,8.5404,8.5404,8.1796,7.142,6.8909,6.8909,6.8504,7.0792,7.0792,7.0792,7.0792,7.0792,7.0792,7.5454,5.7255,5.7255,4.4155,4.4155,4.4155,4.4155,4.4155,4.4155,3.0447,-1.4889,-2.154,-3.2799,-3.2799,-4.1622,-4.1622,-4.1483,-4.1483,-4.1483,-4.1483,-4.1483,-4.1483,-3.9749,-3.9749,-5.0306,-5.0306,-5.0306,-5.0306,-5.0306,-5.0306,-4.4144,-6.2406,-6.2406,-5.4701,-5.4701,-5.4701,-5.4701,-5.4701,-5.4701,-4.3027,-3.115,-3.1161,-3.1161,-2.9256,-2.618,-2.618,-2.618,-2.618,-2.618,-2.618,-2.2934,-1.7953,-1.458,-1.0238,-1.0238,-1.0238,-1.0238,-1.0238,-1.0238,-1.0238
-2.4977,-2.4977,-2.4977,-2.4977,-2.4977,-2.4977,-5.9905,-5.8979,-5.8979,-5.1391,-5.1391,-5.1391,-5.1391,-5.1391,-5.1391,-5.1498,-5.0561,-4.5677,-4.0983,-4.0983,-4.0983,-4.0983,-4.0983,-4.0983,-3.1161,-3.1161,-1.6836,-1.6836,0.048954,0.048954,0.048954,0.048954,0.048954,0.048954,0.68323,2.1944,3.5002,3.5002,4.8252,6.1225,6.1225,6.1225,6.1225,6.1225,6.1225,8.8948,8.8948,8.8948,8.8948,8.8948,8.8948,9.0746,9.097,9.0438,8.5085,8.5085,8.5085,8.5085,8.5085,8.5085,7.2825,7.4485,7.4485,7.9636,7.9636,8.3222,8.3222,8.3222,8.3222,8.3222,8.3222,7.6752,3.6279,3.6279,1.9539,1.9539,1.9539,1.9539,1.9539,-0.7258,-2.6361,-4.7997,-5.2754,-5.2754,-5.2754,-5.2754,-5.2754,-5.2754,-5.0827,-5.5989,-5.5989,-5.5989,-5.5989,-5.5989,-5.5989,-4.9593,-3.5981,-5.8596,-5.4935,-5.4935,-5.4935,-5.4935,-5.4935,-5.4935,-4.4219,-3.0149,-3.0149,-2.8755,-2.8755,-2.5552,-2.5552,-2.5552,-2.5552,-2.5552,-2.5552,-2.1902,-1.674,-1.3367,-1.0089,-1.0089,-1.0089,-1.0089,-1.0089,-1.0089,-1.0089,-0.83755,-1.458,-1.458,-1.673,-1.673
-1.673,-1.673,-1.673,-1.673,-4.64,-4.64,-4.64,-4.64,-4.64,-4.64,-5.7926,-5.2009,-5.2477,-5.269,-5.269,-5.269,-5.269,-5.269,-5.269,-5.1264,-4.2143,-3.8695,-3.5428,-3.5428,-3.0384,-3.0384,-3.0384,-3.0384,-3.0384,-3.0384,-2.2796,1.508,1.508,2.1785,2.1785,3.2108,3.2108,4.3665,4.3665,5.6149,5.6149,5.6149,5.6149,5.6149,8.401,8.401,8.401,8.401,8.401,8.401,8.401,8.8118,8.9416,8.9416,8.5308,8.5308,8.5308,8.5308,8.5308,8.5308,7.8433,7.1356,7.0792,7.2123,7.2123,7.6709,7.6709,7.6709,7.6709,7.6709,7.6709,7.7731,4.6911,4.6911,3.3725,3.3725,3.3725,3.3725,3.3725,3.3725,1.7666,-1.6495,-2.8255,-2.8255,-2.8255,-2.8255,-2.8255,-3.6024,-3.6024,-3.6024,-3.5769,-4.4783,-4.4783,-4.4783,-4.5017,-4.5176,-4.5176,-4.5176,-4.5176,-4.5176,-4.5176,-5.8607,-5.4393,-5.4393,-4.7305,-4.7305,-4.7305,-4.7305,-4.7305,-4.7305,-3.1001,-3.0618,-2.7893,-2.4371,-2.4371,-2.0508,-2.0508,-2.0508,-2.0508,-2.0508,-2.0508,-1.7645,-1.3133,-0.96206,-0.67046,-0.67046,-0.67046,-0.67046,-0.67046,-0.67046
-1.7804,-1.7804,-1.7804,-1.7804,-2.486,-4.9039,-6.0182,-6.0182,-5.9064,-5.9064,-5.1072,-4.9678,-4.9678,-4.9678,-4.9678,-4.9678,-4.9678,-5.0774,-4.4346,-3.8642,-3.5832,-3.5832,-3.5832,-3.5832,-3.5832,-3.5832,-3.5832,-3.53,-0.10855,-0.10855,0.8716,0.8716,1.3154,1.3154,1.3154,1.3154,1.3154,1.3154,2.1104,5.5361,6.6663,6.6663,6.6663,6.6663,6.6663,6.6663,7.5603,8.3148,8.3148,8.4883,8.4883,8.4883,8.4883,8.4883,8.4883,8.6777,8.2158,7.6709,7.1771,7.1771,7.1771,7.1771,7.1771,7.1771,6.9717,6.9196,7.3666,7.3666,7.2293,6.2789,6.2789,6.2789,6.2789,6.2789,6.2789,6.2789,5.3318,1.9954,-1.0557,-2.4445,-2.4445,-2.6042,-2.6042,-2.5563,-2.5563,-2.7074,-2.7074,-2.7074,-2.7074,-2.7074,-3.1331,-4.573,-4.573,-4.573,-4.573,-4.573,-4.573,-4.4197,-2.833,-4.4165,-6.0671,-6.0671,-6.0671,-6.0671,-6.0671,-6.0671,-5.2339,-2.7585,-2.7861,-2.6638,-2.6638,-2.3807,-2.3807,-2.3807,-2.3807,-2.3807,-2.3807,-2.0593,-1.3548,-1.3548,-1.0121,-1.0121,-1.0121,-1.0121,-1.0121,-1.0121,-0.73751,-0.88437,-1.2111,-1.3984
-1.441,-1.441,-1.441,-1.441,-1.441,-2.0273,-2.0273,-5.5914,-6.0427,-6.0427,-6.0427,-6.0427,-6.0427,-6.0427,-5.2722,-4.9167,-4.8018,-4.6155,-4.6155,-4.6155,-4.6155,-4.6155,-4.6155,-4.2675,-3.6099,-3.1501,-1.7613,-1.7613,-1.7613,-1.7613,-1.7613,-1.7613,-0.13835,-0.13835,1.8794,3.0735,3.0735,4.3761,4.3761,5.6713,5.6713,6.8196,6.8196,7.6252,7.6252,7.6252,7.6252,7.6252,8.0849,8.3691,8.3691,8.4287,8.4287,8.4287,8.4287,8.4287,8.4287,8.3297,6.9313,6.9313,6.7653,6.7653,6.7653,6.7653,6.7653,6.7653,6.7312,7.5762,7.457,6.6163,6.6163,5.6649,5.6649,5.6649,5.6649,5.6649,5.6649,4.2761,4.2761,-1.9401,-2.2019,-2.2019,-2.519,-2.519,-3.0469,-3.0469,-3.6173,-3.6173,-4.1207,-4.1207,-4.1207,-4.1207,-4.1207,-4.3357,-3.8599,-3.8599,-3.2991,-3.2991,-3.2991,-3.2991,-3.2991,-3.2991,-3.2991,-5.1711,-3.8504,-2.7766,-2.7766,-2.7766,-2.7766,-2.7766,-2.7766,-2.9319,-2.9319,-2.2221,-2.2221,-1.8922,-1.8922,-1.8922,-1.8922,-1.8922,-1.8922,-1.6293,-0.91311,-0.91311,-0.79604,-0.79604,-0.961,-0.961,-0.961,-0.961
-1.8837,-2.8064,-2.8064,-2.8064,-2.8064,-2.8064,-2.8064,-5.3275,-5.1583,-5.1583,-5.0157,-5.0157,-5.0157,-5.0157,-5.0157,-5.0157,-5.0157,-4.5166,-4.01,-4.01,-3.6035,-3.6035,-3.6035,-3.6035,-3.6035,-3.6035,-3.3821,-0.45975,-0.45975,0.75134,0.75134,1.3207,1.3207,1.3207,1.3207,1.3207,1.3207,4.5155,5.799,5.799,6.9473,6.9473,6.9473,6.9473,6.9473,6.9473,8.3371,8.2233,8.2233,8.2233,8.2233,8.2233,8.2233,8.1371,8.0913,7.589,7.589,7.589,7.589,7.589,7.589,7.589,6.8664,6.943,6.943,7.2697,7.2697,7.2697,7.2697,7.2697,6.9324,5.0966,3.5151,3.5151,1.7592,-0.91843,-0.91843,-0.91843,-0.91843,-0.91843,-0.91843,-0.91843,-2.1785,-3.4619,-3.4619,-3.4928,-3.4928,-4.3559,-4.5453,-4.5453,-4.8135,-4.8135,-4.8135,-3.5641,-3.5641,-3.5641,-3.5641,-3.5641,-3.5641,-5.9405,-5.1051,-5.1051,-3.3885,-3.3885,-3.3885,-3.3885,-3.3885,-3.3885,-2.8841,-2.8841,-2.5914,-2.5914,-2.304,-2.304,-2.0273,-2.0273,-2.0273,-2.0273,-2.0273,-2.0273,-1.872,-1.0227,-1.0227,-0.77688,-0.77688,-0.77688,-0.77688,-0.77688,-0.77688,-1.2271
-3.0458,-3.0458,-4.2409,-4.2409,-4.2409,-4.2409,-4.2409,-4.2409,-5.452,-5.0263,-5.0348,-5.0348,-5.0348,-5.0348,-5.0348,-5.0348,-5.0348,-4.772,-4.0643,-4.0643,-3.7131,-3.7131,-3.7131,-3.7131,-3.7131,-3.3385,-0.7971,0.27883,0.72154,0.72154,1.5016,1.5016,1.5016,1.5016,1.5016,1.5016,1.5016,5.4744,6.6833,7.6465,7.6465,8.517,8.5979,8.5979,8.5755,8.5755,8.5234,8.5234,8.5234,8.5234,8.5234,7.8487,7.1739,6.9015,6.9015,6.9015,6.9015,6.9015,6.9015,6.8802,7.7699,7.1601,7.1601,7.1601,7.1601,6.1619,4.5581,4.5581,4.5581,4.5581,4.5581,-1.624,-2.3445,-3.4417,-3.4417,-3.4417,-3.4417,-3.4417,-3.4417,-3.5066,-3.5407,-4.5187,-4.458,-4.458,-4.458,-4.5975,-3.2257,-3.2257,-3.3906,-3.3906,-3.3906,-3.3906,-3.3906,-3.3906,-6.1576,-4.8263,-2.9809,-3.0213,-3.0213,-3.0213,-3.0213,-3.0213,-3.0213,-2.95,-2.95,-2.3871,-2.0646,-1.8007,-1.8007,-1.5665,-1.5665,-1.5665,-1.5665,-1.5665,-1.193,-0.5534,-0.48742,-0.96951,-0.96951,-0.96951,-0.96951,-0.96951,-0.96951,-1.5314,-2.3477,-3.3459,-3.3459,-4.4655,-5.6915,-5.6915
-1.5314,-2.3477,-3.3459,-3.3459,-4.4655,-5.6915,-5.6915,-6.3279,-6.3279,-6.3279,-6.3279,-6.3279,-6.3279,-6.3279,-5.6936,-5.0157,-5.0157,-5.0157,-5.0157,-5.0157,-5.0157,-4.192,-4.0228,-4.0228,-3.7514,-3.7514,-3.7514,-3.7514,-3.7514,-3.7514,-3.0469,0.44804,0.44804,1.0813,1.0813,2.2019,2.2019,2.2019,2.2019,2.2019,2.2019,3.4353,5.9618,7.0313,7.9093,7.9093,7.9093,7.9093,7.9093,7.9093,8.5255,8.8873,8.8948,8.8948,8.7703,8.7703,8.7703,8.7703,8.5095,7.2154,7.2154,7.2154,7.2154,7.2154,7.2154,6.9132,7.7092,7.7092,8.0072,8.0072,8.0072,8.0072,8.0072,8.0072,7.2421,3.5981,1.5995,1.5995,-1.4452,-1.4452,-1.4452,-1.4452,-1.4452,-1.4452,-2.3913,-3.2416,-3.8525,-3.8961,-3.8961,-4.4942,-4.4751,-4.4751,-4.8209,-4.8209,-3.4257,-3.4257,-3.4257,-3.4257,-3.4257,-3.4257,-3.4257,-3.6258,-4.8699,-4.8699,-4.8699,-4.8699,-4.8699,-4.8699,-3.0501,-2.817,-2.817,-2.5041,-2.5041,-2.5041,-2.5041,-2.5041,-2.5041,-2.1444,-1.6187,-1.2632,-0.81413,-0.81413,-0.52147,-0.52147,-0.52147,-0.52147,-0.52147,-0.52147,-0.45549,-1.408
-2.0316,-2.0316,-2.0316,-2.0316,-3.1086,-6.2906,-6.2906,-5.4393,-5.4393,-5.4393,-5.4393,-5.4393,-4.9753,-4.9753,-4.9753,-4.9753,-4.9753,-4.9753,-4.1664,-4.0111,-4.0111,-3.6333,-3.6333,-3.6333,-3.6333,-3.6333,-3.6333,-3.6333,0.0031927,0.52998,1.1866,1.1866,2.287,2.287,2.287,2.287,2.287,2.287,3.6152,3.6152,3.6152,3.6152,3.6152,6.0874,6.0874,6.0874,6.0874,6.0874,7.0313,8.7373,8.6351,8.6351,8.6351,8.6351,8.6351,8.6351,8.2052,6.9845,6.5737,6.4992,6.4992,6.8015,6.8015,6.8015,6.8015,6.8015,6.8015,7.5028,6.8227,5.932,4.7252,4.7252,4.7252,4.7252,4.7252,4.7252,3.1703,-2.8191,-2.8191,-2.9192,-2.9192,-3.4779,-3.4779,-3.4779,-3.4779,-3.4779,-3.4779,-3.9717,-3.9717,-4.7358,-3.9887,-3.9887,-3.0235,-4.1558,-4.1558,-4.1558,-4.1558,-6.1895,-5.4031,-5.4031,-5.4031,-2.8425,-2.8425,-2.8425,-2.8425,-2.8425,-3.0256,-2.519,-2.0987,-1.6272,-1.6272,-1.6272,-1.6272,-1.6272,-1.6272,-1.2771,-0.67365,-0.67365,-0.67365,-0.67365,-0.67365,-0.67365,-1.8879,-1.856,-2.2008,-2.2008,-2.2008,-2.2008,-2.2008,-2.2008
-2.2008,-2.2008,-2.2008,-3.1948,-5.7351,-6.7025,-6.7025,-6.3289,-5.2615,-5.2615,-5.2615,-5.2615,-5.2615,-5.2615,-5.1125,-5.1125,-4.9582,-4.7794,-4.3899,-4.3899,-4.3899,-4.3899,-4.3899,-4.2079,-3.6673,-2.7521,-2.7521,-0.64705,-0.64705,-0.64705,-0.64705,-0.64705,-0.64705,2.7074,2.7074,2.7074,2.7074,2.7074,2.7074,4.0313,6.6014,7.6411,8.467,8.467,8.467,8.467,8.467,8.467,8.9608,9.1044,9.1044,8.8948,8.8948,8.8948,8.8948,8.8948,8.451,7.1143,7.1143,7.1143,7.1143,7.1143,7.1143,7.1803,7.7284,7.8742,7.8742,7.8742,7.8742,7.8742,7.8742,2.651,2.651,-0.63428,-0.63428,-0.63428,-2.635,-2.635,-2.635,-2.635,-2.635,-2.6946,-2.8319,-2.7978,-3.3683,-3.3683,-3.3683,-4.5751,-4.0951,-4.3548,-4.3548,-4.3548,-3.2863,-3.2863,-3.2863,-3.2863,-3.2863,-3.2863,-4.5581,-4.4495,-4.4495,-4.4495,-4.4495,-4.4495,-4.4495,-2.9468,-3.0554,-2.6701,-2.6701,-2.436,-2.436,-2.436,-2.436,-2.436,-2.0859,-1.6166,-1.2302,-0.94822,-0.94822,-0.72154,-0.72154,-0.72154,-0.72154,-0.72154,-0.72154,-0.89501,-1.5719,-2.0252,-2.983,-2.983
-2.983,-4.2026,-4.2026,-5.7032,-5.7032,-6.33,-5.5244,-5.5244,-5.5244,-5.5244,-5.5244,-5.5244,-5.5244,-5.2817,-5.0146,-5.0146,-4.5826,-4.5826,-4.5826,-4.5826,-4.1877,-3.7322,-3.7322,-2.5669,-2.5669,-0.76411,-0.76411,-0.76411,-0.76411,-0.76411,-0.13516,1.5836,2.9564,4.2803,4.2803,4.2803,4.2803,4.2803,4.2803,5.5116,7.6975,8.4755,8.9395,8.9395,8.9395,8.9395,8.9395,8.9395,9.1204,9.1906,8.9906,8.9906,8.9906,8.9906,8.9906,8.9906,8.4404,6.645,6.645,6.6918,6.6918,7.1718,7.8497,7.8497,7.8497,7.8497,7.8497,7.8497,7.8561,5.8458,4.4708,4.4708,2.751,2.751,2.751,2.751,2.751,-0.31501,-2.6531,-3.4183,-3.4183,-3.4183,-3.4183,-3.4183,-3.4896,-4.3452,-4.3452,-4.2335,-4.9071,-4.9071,-3.4907,-3.4907,-3.4907,-3.4907,-3.4907,-3.4907,-3.496,-5.1136,-5.1136,-5.1136,-5.1136,-5.1136,-5.1136,-5.1136,-3.2736,-2.7361,-2.7361,-2.3594,-2.3594,-2.3594,-2.3594,-2.3594,-2.3594,-1.9028,-1.326,-0.95887,-0.64492,-0.64492,-0.62364,-0.62364,-0.62364,-0.62364,-0.62364,-0.62364,-1.0706,-1.0706,-1.5357,-1.7826,-2.7808,-2.7808
-2.7808,-2.7808,-2.7808,-2.7808,-2.7808,-2.7808,-6.8494,-6.5652,-6.5652,-5.4009,-5.2573,-5.2573,-5.2573,-5.2573,-5.2573,-5.2573,-5.2573,-5.2371,-4.9295,-4.4825,-4.4825,-4.3197,-4.1835,-4.1835,-3.7248,-3.7248,-3.7248,-3.7248,-3.7248,-3.7248,0.32672,1.0525,1.0525,1.9848,1.9848,1.9848,1.9848,1.9848,3.3044,3.3044,5.6127,8.0157,8.0157,8.8416,8.8416,8.8416,8.8416,8.8416,8.8416,9.1204,9.1204,8.7203,8.7203,8.0902,8.0902,8.0902,8.0902,8.0902,7.3761,7.0164,7.0164,7.1314,7.1314,7.6103,8.2243,8.2243,8.2243,8.2243,8.2243,7.8582,5.766,4.2824,2.602,2.602,2.602,2.602,2.602,2.602,0.17134,-3.6524,-3.6343,-4.1143,-4.1143,-4.1143,-4.1143,-4.1143,-4.1143,-4.1143,-5.3041,-5.1892,-5.1892,-3.595,-3.595,-4.4868,-6.6312,-6.6312,-6.6312,-6.6312,-6.6312,-4.6049,-3.2203,-3.1288,-3.1288,-3.1288,-3.1288,-3.1288,-3.0937,-3.0937,-2.4381,-2.071,-1.8209,-1.8209,-1.8209,-1.8209,-1.8209,-1.8209,-1.8209,-1.8209,-1.8209,-1.8209,-1.64,-0.95567,-0.95567,-0.95567,-0.95567,-0.95567,-1.3015,-2.0369,-3.0894,-4.3995
-3.0894,-4.3995,-4.3995,-4.3995,-4.3995,-4.3995,-4.3995,-5.9299,-5.0849,-5.0849,-5.0849,-5.0849,-5.0849,-5.0849,-5.0827,-4.7858,-4.3303,-4.0036,-4.0036,-4.0036,-4.0036,-4.0036,-4.0036,-3.9355,-3.9355,-1.7038,0.28308,0.28308,1.1366,1.1366,1.1366,1.1366,1.1366,1.1366,1.6964,1.6964,5.6191,5.6191,6.8376,6.8376,6.8376,8.5659,8.5659,8.9523,8.9523,8.9523,8.9523,8.9523,8.9523,9.1172,9.1172,8.5298,8.5298,7.7827,7.7827,7.1335,6.9824,6.9824,6.9824,6.9824,6.9824,6.9824,7.0324,7.7805,7.7805,7.2506,7.2506,6.3407,6.3407,6.3407,6.3407,6.3407,6.3407,2.0784,-0.34374,-0.34374,-1.6442,-1.6442,-1.6442,-1.6442,-1.6442,-1.6442,-3.7163,-3.4087,-3.2714,-3.2714,-3.2714,-3.2714,-3.2714,-3.2714,-3.4204,-3.9004,-2.6861,-2.6861,-2.6861,-3.9759,-6.1768,-6.1768,-6.1768,-6.1768,-6.1768,-5.2498,-5.2498,-2.8553,-2.7372,-2.7372,-2.7372,-2.3051,-1.9497,-1.9497,-1.9497,-1.9497,-1.9497,-1.9497,-1.6155,-0.99718,-0.99718,-0.86628,-0.86628,-0.86628,-0.86628,-0.86628,-0.86628,-1.5687,-1.5687,-1.6506,-1.6506,-1.6506,-1.6506,-1.6506
-1.6506,-1.6506,-1.6506,-4.2612,-4.2612,-5.6617,-5.6617,-5.6617,-6.6503,-6.1608,-6.1608,-6.1608,-6.1608,-6.1608,-5.2317,-5.1838,-5.054,-5.054,-5.054,-4.7486,-4.7486,-4.7486,-4.7486,-4.3484,-4.3484,-3.2374,-1.7783,-1.7783,-1.7783,0.013835,0.70984,0.70984,1.2451,1.2451,2.2487,2.2487,2.2487,2.2487,2.2487,2.2487,4.9529,7.3485,8.1615,8.1615,8.6394,8.7799,8.5723,8.5723,8.3233,8.3233,8.3233,7.6794,7.6794,7.6794,7.6794,7.6794,7.6794,7.6794,7.2272,7.2601,7.888,7.888,7.888,7.888,7.888,7.888,7.888,7.8976,4.5485,4.5485,2.8553,2.8553,0.18305,0.18305,0.18305,0.18305,0.18305,0.18305,-2.0327,-2.4456,-3.4321,-3.7652,-3.7652,-3.7652,-3.7652,-3.7652,-3.7652,-3.7652,-3.7652,-3.7652,-3.7652,-3.8802,-4.4208,-6.0384,-6.0384,-6.0384,-6.0384,-6.0384,-6.0384,-6.0384,-5.1179,-2.7223,-2.8074,-2.8074,-2.6499,-2.3881,-2.3881,-2.3881,-2.3881,-2.3881,-2.0699,-2.0699,-1.1834,-1.1834,-0.86521,-0.86521,-0.63428,-0.63428,-0.63428,-0.63428,-0.63428,-0.63428,-0.63428,-1.6879,-1.6879,-1.7804,-1.7804,-1.7804,-1.7804,-1.7804
-1.7804,-1.7804,-1.7804,-2.3158,-6.0959,-6.0959,-6.6567,-6.6567,-6.6567,-5.7585,-5.1615,-5.2115,-5.2115,-5.2115,-5.2115,-5.2115,-5.2115,-4.225,-4.225,-4.225,-4.1505,-3.8717,-3.8717,-3.8717,-3.8717,-3.8717,-3.8717,-3.165,0.12239,0.73006,0.73006,1.2994,1.2994,1.2994,1.2994,1.2994,1.2994,2.3615,6.1533,6.1533,7.3038,7.3038,7.3038,7.3038,7.3038,7.3038,8.1243,8.8086,8.8086,8.7139,8.7139,8.5777,8.5777,8.2531,8.2531,8.2531,8.2531,8.2531,8.2531,7.6433,6.959,7.0973,7.0973,7.0973,7.0973,7.0973,7.3197,7.0643,7.0643,6.0161,6.0161,6.0161,6.0161,6.0161,6.0161,6.0161,4.5485,-1.7858,-2.188,-2.188,-2.188,-2.188,-2.188,-4.6922,-4.8986,-5.1977,-5.1977,-5.1977,-5.1977,-5.1977,-5.1977,-5.0519,-3.8387,-3.0064,-5.2498,-5.2498,-5.2498,-5.8202,-4.8837,-4.8837,-4.8837,-4.8837,-4.8837,-4.8837,-3.0139,-2.867,-2.5871,-2.5871,-2.5871,-2.1646,-1.9018,-1.9018,-1.9018,-1.9018,-1.9018,-1.9018,-1.5782,-0.4523,-0.4523,-0.41505,-0.41505,-0.90672,-0.90672,-0.90672,-0.90672,-0.90672,-1.4133,-1.7134,-2.4626,-3.5939
-2.4626,-3.5939,-3.5939,-3.5939,-3.5939,-3.5939,-3.5939,-4.855,-6.2523,-6.2523,-5.335,-5.0955,-5.0955,-5.0615,-4.9848,-4.9848,-4.9848,-4.9848,-4.9848,-4.9848,-4.7475,-4.043,-3.8844,-3.8844,-3.5013,-3.5013,-2.8255,-1.3984,-1.3984,-1.3984,-1.3984,-1.3984,0.2054,0.2054,2.5031,2.5031,3.6748,3.6748,3.6748,3.6748,3.6748,4.8422,7.1143,7.1143,7.8923,7.8923,7.8923,7.8923,7.8923,8.3648,8.4659,8.4659,8.3957,8.3957,8.3957,8.2169,7.8316,7.8316,7.8316,7.8316,7.8316,7.8316,7.8316,7.8316,7.3006,6.9845,7.0675,7.0675,7.0675,7.0675,7.0675,7.0675,7.0675,2.9138,0.1458,0.1458,-1.7868,-1.7868,-1.7868,-1.7868,-1.7868,-1.7868,-1.7868,-1.7868,-3.2001,-3.2001,-3.2257,-4.5528,-4.5528,-4.5528,-4.5528,-4.5528,-4.5528,-4.6624,-4.6624,-5.186,-5.186,-6.5652,-5.3318,-5.3318,-3.9249,-3.9249,-3.9249,-3.9249,-3.9249,-3.9249,-2.8777,-2.5616,-2.5616,-2.2689,-2.2689,-2.2689,-1.9145,-1.9145,-1.7155,-1.7155,-1.7155,-1.7155,-1.7155,-1.4984,-0.90353,-0.90353,-0.90353,-0.90353,-0.90353,-0.90353,-1.1526,-1.4633,-1.7432,-2.5658
-2.5658,-2.5658,-2.5658,-2.5658,-2.5658,-2.5658,-3.7652,-5.9139,-5.3392,-5.0178,-5.0178,-5.0178,-5.1157,-5.1274,-5.1274,-5.1274,-5.1274,-5.1274,-4.9401,-4.9401,-3.6226,-3.6226,-3.2267,-3.2267,-3.2267,-0.78008,-0.78008,-0.78008,-0.78008,-0.78008,-0.78008,0.74921,0.74921,3.3225,3.3225,3.3225,3.3225,3.3225,4.6613,7.1484,8.2243,8.816,8.816,8.816,8.816,8.816,8.816,8.8458,8.5298,8.3701,8.3701,7.9168,7.3825,7.3825,7.2421,7.2421,7.1505,7.1505,7.1505,7.1505,7.1505,7.1505,7.49,7.9221,6.512,5.3158,5.3158,5.3158,5.3158,5.3158,5.3158,5.3158,-0.46294,-1.7421,-1.7421,-3.0777,-3.0777,-3.0777,-3.0777,-3.0777,-3.0777,-3.6833,-3.3598,-3.3598,-4.0121,-4.0121,-4.5336,-4.5336,-4.5336,-4.5336,-4.5336,-4.9306,-2.9979,-2.9979,-5.219,-5.8777,-5.8777,-5.8777,-5.8777,-5.8777,-5.8777,-3.0362,-3.0362,-2.9447,-2.9447,-2.9447,-2.5478,-2.2604,-2.2604,-2.2604,-2.2604,-2.2604,-2.2604,-2.2604,-1.9976,-1.3069,-1.0621,-1.0621,-1.0621,-1.0621,-1.0621,-1.0621,-1.0621,-1.0621,-0.86202,-1.2952,-1.2952,-1.2952,-1.2952,-1.2952
-1.2952,-1.6421,-2.9213,-4.0036,-4.0036,-5.1828,-5.1828,-5.1828,-5.1072,-5.1072,-5.1072,-5.1072,-5.1072,-5.1072,-4.9891,-4.9891,-4.5176,-4.0856,-4.0856,-4.0856,-4.0856,-4.0856,-3.3449,-2.5754,-2.5754,-1.0153,-1.0153,-1.0153,-1.0153,-1.0153,0.23945,0.23945,2.5818,2.5818,3.8057,3.8057,3.8057,3.8057,3.8057,3.8057,7.1005,7.6475,7.6475,7.9881,8.1796,8.1796,8.1796,8.1796,8.1796,8.1796,8.1796,8.2126,8.0455,7.6326,7.0909,7.0909,7.0909,6.8674,6.8674,6.9175,6.9175,6.9175,6.9175,6.9175,6.9175,6.8653,6.6259,6.6259,5.9203,5.9203,4.888,3.3555,3.3555,3.3555,3.3555,3.3555,3.3555,-2.1753,-2.2487,-2.2487,-2.2487,-2.2487,-2.2487,-2.4711,-3.3672,-4.7017,-4.3633,-4.3633,-4.3633,-4.3633,-4.3633,-4.3633,-4.5559,-3.2214,-4.7635,-4.7635,-5.2828,-5.2828,-4.7369,-3.0756,-3.0756,-2.7798,-2.7798,-2.7798,-2.7798,-2.7798,-2.7798,-2.8574,-2.3988,-2.0869,-1.7709,-1.7709,-1.7709,-1.7709,-1.7709,-1.7709,-1.7709,-1.0823,-0.87266,-0.71729,-0.71729,-0.71729,-0.71729,-0.71729,-0.71729,-0.71729,-0.87054,-1.4825,-1.7262,-2.2338
-2.2338,-3.2129,-3.2129,-3.2129,-3.2129,-3.2129,-3.2129,-4.3463,-5.2147,-5.2147,-4.8848,-4.8848,-4.8848,-4.8848,-4.8848,-4.8848,-4.4038,-3.9823,-3.6152,-3.6152,-3.6152,-3.3246,-2.7595,-2.7595,-2.7595,-2.7595,-2.7595,-2.7595,-1.2483,-1.2483,0.90885,1.972,1.972,1.972,3.1948,4.3942,4.3942,4.3942,4.3942,4.3942,4.3942,5.5148,7.7518,8.0477,8.0477,8.0477,8.0477,8.0477,8.0477,8.2148,8.2605,7.9412,7.9412,7.373,7.373,7.0856,7.1069,7.1069,7.1069,7.1069,7.1069,7.1069,6.9419,6.9419,7.2772,6.6695,6.6695,5.734,5.734,5.734,5.734,5.734,5.734,5.734,4.5336,0.67365,-1.0589,-1.8677,-1.8677,-1.8677,-1.8677,-1.8677,-1.8677,-2.4743,-3.595,-4.54,-4.54,-4.54,-4.54,-4.54,-4.54,-4.54,-3.1533,-2.9298,-2.9298,-5.0902,-5.0902,-5.4095,-4.7943,-4.7943,-3.0894,-2.8362,-2.8362,-2.8362,-2.8362,-2.8362,-2.8362,-2.8362,-2.7851,-1.9635,-1.9635,-1.6974,-1.6974,-1.6974,-1.4505,-1.2739,-1.2739,-1.2739,-1.2739,-1.2739,-1.2739,-0.84819,-0.84819,-0.84819,-0.84819,-0.84819,-0.84819,-1.8911,-2.4914,-2.4914
-3.5588,-3.5588,-3.5588,-3.5588,-3.5588,-3.5588,-3.5588,-3.5588,-3.5588,-3.5588,-4.7188,-4.921,-4.8465,-4.8465,-4.8465,-4.8465,-4.8465,-4.6602,-3.9483,-3.6982,-3.5577,-3.5577,-3.5577,-3.5577,-3.5577,-3.2086,0.90353,0.90353,0.90353,1.6102,1.6102,2.8287,2.8287,2.8287,2.8287,2.8287,4.225,6.7355,7.6784,8.2637,8.2637,8.2637,8.5425,8.65,8.65,8.65,8.65,8.65,8.65,8.65,8.2754,7.738,7.1463,7.1463,7.1463,7.1463,7.1463,7.1463,7.1463,7.2782,7.2782,7.5475,6.9143,6.9143,6.9143,6.9143,6.9143,5.9086,5.9086,5.9086,5.9086,5.9086,3.4151,3.4151,3.4151,-3.4939,-3.6216,-3.5939,-3.5939,-3.7642,-3.7642,-3.7642,-3.7642,-3.7642,-3.7642,-4.1483,-4.8071,-4.8071,-4.275,-4.275,-4.275,-4.275,-4.275,-3.0086,-3.0086,-4.9071,-4.9071,-4.9071,-4.9071,-4.9071,-4.9071,-3.728,-2.8287,-2.7138,-2.4275,-2.4275,-2.4275,-2.4275,-2.4275,-2.4275,-2.1146,-1.5261,-1.3973,-1.2217,-1.2217,-0.96419,-0.84712,-0.84712,-0.95993,-0.95993,-1.4058,-1.4058,-1.4058,-1.4058,-1.4058,-1.4058,-1.7155,-2.3221,-3.2203,-4.3399
-1.7155,-2.3221,-3.2203,-4.3399,-4.3399,-4.3399,-5.4233,-5.7617,-5.7617,-5.7617,-5.7617,-5.7617,-5.7617,-5.1487,-4.7294,-4.7294,-4.7294,-4.7294,-4.7294,-4.7294,-4.408,-3.629,-3.3938,-3.0139,-3.0139,-3.0139,-3.0139,-3.0139,-3.0139,-2.2285,-2.2285,1.706,1.706,1.706,2.7265,3.9515,3.9515,3.9515,3.9515,3.9515,3.9515,3.9515,6.2491,7.8966,7.8966,8.2116,8.1871,8.1871,8.1871,8.1871,8.1871,8.1371,7.6135,7.1825,7.1825,7.1825,7.1825,7.1825,7.1825,7.0782,6.8174,7.1441,7.2804,7.2804,7.2804,7.2804,7.2804,7.2804,6.6046,4.5474,2.9681,0.5087,0.5087,0.5087,-1.8752,-2.4307,-2.8532,-2.8532,-3.447,-3.447,-3.596,-3.596,-3.7024,-3.7024,-4.4687,-4.4687,-4.4687,-4.4687,-4.4687,-4.4687,-4.7188,-3.6439,-3.6439,-5.4339,-5.4339,-5.4339,-5.4339,-5.4339,-5.4339,-5.4339,-2.6542,-2.6542,-2.6542,-2.6542,-2.6542,-2.6542,-2.6542,-2.6542,-2.6542,-2.6542,-2.6201,-1.5474,-1.2643,-1.2643,-1.2643,-1.2643,-0.96632,-0.70665,-0.53105,-0.53105,-0.65343,-0.65343,-1.0142,-1.2696,-1.2696,-1.674,-1.674,-1.674,-1.674,-1.674
-1.674,-1.674,-1.674,-1.674,-3.2799,-4.407,-5.4095,-5.4095,-5.4095,-5.4095,-5.4095,-5.4095,-5.6702,-5.0125,-4.9721,-4.9721,-4.9721,-4.9721,-4.9721,-4.7879,-3.9068,-3.5524,-3.1948,-3.1948,-3.1948,-3.1948,-3.1948,-3.1948,-2.4839,-2.4839,0.94078,1.6208,1.6208,1.6208,2.5435,3.7014,3.7014,4.922,4.922,6.1363,7.2261,7.2261,7.2261,7.2261,7.2261,7.2261,7.2261,8.5202,8.6138,8.6138,8.6138,8.6575,8.4595,8.4595,8.4595,8.4595,8.4595,8.4595,8.0743,7.2846,7.2846,7.2846,7.2846,7.2846,7.2846,7.2846,7.0122,6.7589,6.7589,5.7287,5.7287,5.7287,5.7287,5.7287,5.7287,0.51402,-1.8273,-1.8273,-2.7755,-2.7755,-3.6875,-3.2672,-3.2672,-3.2054,-3.2054,-2.4754,-2.4754,-3.1129,-3.1129,-3.1129,-3.1129,-4.8656,-3.2395,-3.2395,-3.2214,-3.2214,-6.0086,-5.5691,-5.5691,-5.5691,-5.5691,-5.5691,-4.574,-4.574,-2.6265,-2.6265,-2.6265,-2.6265,-2.6265,-2.4796,-2.0369,-1.7826,-1.5921,-1.5921,-1.5921,-1.5921,-1.5921,-1.5921,-1.4239,-0.61406,-0.61406,-0.59064,-0.59064,-0.59064,-0.9461,-1.3643,-1.3643,-1.6527,-1.6527,-1.6527
-1.6527,-1.6527,-1.6527,-2.0465,-3.8727,-5.9958,-5.9958,-5.9958,-4.9071,-4.9071,-4.9071,-4.9071,-4.9071,-4.9071,-4.9263,-4.9263,-4.457,-4.457,-4.457,-4.457,-4.457,-4.457,-3.5886,-3.5886,-2.9756,-1.3899,-1.3899,-1.3899,-1.3899,-1.3899,-0.038312,-0.038312,2.1359,2.1359,3.4939,3.4939,3.4939,5.9799,5.9799,7.1197,7.1197,7.1197,7.1197,7.1197,7.1197,8.6617,8.6617,8.7873,8.7873,8.8927,8.6958,8.6958,8.6958,8.6958,8.6958,8.6958,8.0338,6.7695,6.7695,6.7695,6.7695,6.7695,7.5177,7.1654,6.2481,6.2481,6.2481,6.2481,6.2481,6.2481,6.2481,5.2924,-0.73857,-0.73857,-2.1859,-2.1859,-2.7436,-2.7436,-2.7436,-2.7436,-2.7436,-2.7436,-3.8014,-4.1547,-4.7582,-4.6996,-4.6996,-4.6996,-4.6996,-4.6996,-4.6996,-4.6996,-4.7039,-5.7458,-5.4137,-5.4137,-5.4137,-5.4137,-5.4137,-5.4137,-5.4137,-5.4137,-2.9862,-2.9862,-2.9862,-2.9862,-2.9862,-2.9862,-2.9862,-2.2923,-1.8645,-1.8645,-1.8645,-1.8645,-1.5335,-1.1494,-1.1494,-1.1494,-1.1494,-1.1494,-0.85138,-0.55127,-0.90778,-0.90778,-1.4399,-1.4399,-1.7677,-2.2849,-2.2849,-2.2849
-2.2849,-2.2849,-2.2849,-4.2878,-5.3988,-5.734,-5.734,-5.0551,-4.8103,-4.8103,-4.8103,-4.8103,-4.8103,-4.8103,-4.8167,-4.8167,-4.2441,-4.2441,-3.943,-3.943,-3.943,-3.943,-3.943,-3.6758,-0.052147,-0.052147,0.42675,0.42675,0.42675,1.9082,1.9082,1.9082,1.9082,1.9082,1.9082,3.2704,5.7787,5.7787,6.8621,7.7241,8.2914,8.2914,8.616,8.616,8.616,8.616,8.616,8.9246,8.9586,8.9586,8.4766,8.4766,8.4766,8.4766,8.4766,8.4766,7.5485,6.8557,6.8557,6.8557,6.8557,6.8557,6.8557,7.0909,7.7124,6.8632,5.8543,5.8543,5.8543,5.8543,5.8543,5.8543,4.8241,4.8241,-0.42037,-1.126,-1.126,-2.6457,-4.0621,-4.2335,-4.2335,-4.2239,-4.2239,-4.3239,-4.3239,-4.3239,-4.3239,-4.3239,-5.0082,-4.1249,-4.1249,-2.7723,-2.7723,-2.7723,-6.5812,-6.5812,-6.5812,-6.5812,-6.5812,-6.5812,-6.0022,-3.1767,-3.3651,-3.3651,-3.3651,-3.3651,-3.3651,-3.1469,-2.6701,-2.3796,-2.0997,-2.0997,-2.0997,-2.0997,-2.0997,-2.0997,-1.8581,-1.8581,-0.74602,-0.74602,-0.50019,-0.50019,-0.4225,-0.78753,-0.78753,-1.1611,-1.1611,-1.4239,-1.4239,-1.856
-1.856,-1.856,-1.856,-1.856,-4.839,-4.839,-5.6223,-5.6223,-5.6223,-5.4584,-4.772,-4.772,-4.772,-4.772,-4.772,-4.772,-4.6634,-4.2143,-4.2143,-4.2143,-4.2143,-4.2143,-4.2143,-4.0334,-3.6428,-2.9468,-1.1057,-1.1057,-1.1057,-1.1057,-1.1057,-1.1057,-1.1057,1.1845,2.3817,2.3817,3.7354,3.7354,5.038,6.1927,6.1927,7.192,7.9061,7.9061,8.3563,8.3563,8.3563,8.3563,8.3563,8.3563,8.7884,8.7884,8.7884,8.7884,8.7884,8.3201,7.5869,7.5869,7.5869,7.5869,7.5869,7.5869,7.0984,6.876,7.1974,7.1974,7.1974,7.1974,7.1974,7.8029,6.7334,6.7334,5.5872,3.9791,3.9791,3.9791,3.9791,3.9791,2.0593,2.0593,-3.0373,-3.0373,-3.8227,-4.3144,-4.3144,-4.0196,-4.0196,-4.0196,-4.0196,-4.0196,-4.4336,-5.1264,-3.6162,-3.6162,-3.6162,-3.1161,-6.1608,-6.1608,-6.1608,-6.1608,-6.1608,-6.1608,-6.1448,-3.0788,-3.0788,-3.0788,-3.0788,-3.0788,-3.0788,-3.0788,-2.7074,-2.7074,-2.1753,-2.1753,-2.1753,-2.1753,-2.1753,-2.1753,-2.1753,-1.9571,-1.1717,-0.8003,-0.54169,-0.54169,-0.54169,-0.42463,-0.66301,-0.66301,-1.0429,-1.0429
-1.6783,-1.6783,-1.6783,-2.5658,-5.0774,-5.0774,-5.6872,-5.6872,-5.6872,-4.8922,-4.8922,-4.8922,-4.8922,-4.8922,-4.8922,-4.8316,-4.5666,-4.192,-4.192,-4.192,-4.192,-4.192,-4.192,-3.8163,-3.8163,-3.8163,-3.2246,0.3629,0.3629,0.9014,0.9014,0.9014,0.9014,0.9014,1.8996,4.2505,5.4722,6.6376,6.6376,7.5187,7.5187,8.0604,8.0604,8.0604,8.0604,8.0604,8.0604,8.7777,8.8969,8.8969,8.8969,8.8969,8.8969,8.8969,8.4957,7.0707,7.0707,7.0707,7.0707,7.0707,7.0707,6.8792,7.4549,7.4549,6.6589,6.6589,6.6589,6.6589,6.6589,6.6589,5.6202,5.6202,-0.38738,-2.2274,-2.2274,-2.635,-2.635,-2.8841,-2.8841,-2.9319,-3.1693,-3.1693,-3.1693,-3.7269,-4.6677,-4.6677,-5.1136,-5.1136,-5.1136,-5.1136,-5.1136,-5.1136,-4.6422,-4.6422,-5.9724,-5.9724,-5.9724,-5.9724,-5.9724,-5.1806,-2.8692,-3.0224,-3.0224,-3.0224,-3.0224,-3.0224,-3.0224,-2.9128,-2.6552,-2.1306,-1.9529,-1.9529,-1.7464,-1.3814,-1.3814,-1.3814,-1.3814,-1.3814,-1.3814,-1.0781,-0.46507,-0.46507,-1.0355,-1.0355,-1.0355,-1.491,-1.491,-1.8283,-1.8283,-1.8283
-1.8283,-1.8283,-1.8283,-1.8283,-3.8014,-5.1391,-5.8862,-5.8862,-5.8862,-5.4382,-5.1211,-5.1211,-5.1211,-5.1211,-5.1211,-5.1211,-4.6858,-4.2346,-4.2346,-3.877,-3.877,-3.877,-3.877,-3.877,-3.877,-3.877,-3.7173,0.25116,0.25116,0.25116,0.25116,0.25116,0.25116,0.73644,4.325,4.325,5.6734,5.6734,6.7812,6.7812,7.6358,7.6358,7.6358,7.6358,8.1999,8.5457,8.6724,8.6245,8.6245,8.4531,8.2786,8.2786,8.2786,8.2786,8.2786,8.2786,7.8231,7.8231,6.9568,6.9568,6.9568,6.9568,6.9568,6.9568,6.9568,6.8387,6.8387,6.0991,6.0991,6.0991,6.0991,6.0991,6.0991,-1.7251,-1.7251,-1.7251,-2.3232,-2.3232,-2.651,-3.1363,-3.1363,-3.9281,-3.8568,-3.8568,-4.1037,-4.1037,-4.1037,-4.1037,-4.1037,-4.6219,-3.4279,-3.1597,-3.1597,-3.1597,-3.1597,-3.1597,-3.1597,-3.1597,-5.6287,-3.1458,-3.1458,-3.1458,-3.1458,-3.1458,-2.9628,-2.3902,-2.3902,-2.0912,-2.0912,-2.0912,-1.6464,-1.6464,-1.6464,-1.6464,-1.6464,-1.6464,-1.3931,-0.58958,-0.58958,-0.59064,-0.59064,-1.0876,-1.541,-1.541,-1.8571,-1.8571,-1.8571,-1.8571,-1.8571,-4.2186
-1.8571,-1.8571,-1.8571,-4.2186,-4.2186,-5.3552,-5.3552,-5.3552,-5.319,-5.319,-5.319,-5.319,-5.319,-5.319,-4.971,-4.905,-4.5442,-4.1366,-4.1366,-4.1366,-4.1366,-4.1366,-4.1366,-3.794,-2.9937,-1.7283,-1.7283,-0.32672,-0.32672,0.19688,0.70558,0.70558,0.70558,0.70558,1.6006,3.8961,3.8961,5.0891,6.1129,6.1129,6.1129,6.1129,6.1129,6.1129,6.1129,8.0349,8.0285,8.0285,8.0285,8.0285,8.0285,8.0285,8.0285,7.44,7.44,7.44,7.44,7.44,7.2495,6.8164,7.0005,7.3165,7.3165,6.7738,5.9554,5.9554,5.9554,5.9554,5.9554,5.9554,4.8805,1.2749,-1.2302,-1.2302,-2.1072,-2.7861,-2.7861,-2.833,-2.833,-3.2682,-3.2682,-3.3374,-3.3374,-3.3374,-3.3374,-4.7635,-4.3016,-4.3016,-3.1682,-3.1682,-3.1682,-3.1682,-3.1682,-3.1682,-3.9483,-4.0515,-4.0515,-4.0515,-4.0515,-4.0515,-4.0515,-2.6297,-2.6297,-2.5424,-2.2923,-2.2923,-2.2923,-2.2923,-2.2923,-2.2923,-2.072,-1.7294,-1.4761,-1.4761,-1.1366,-1.1366,-0.87373,-0.65769,-0.65769,-0.65769,-0.65769,-0.65769,-0.65769,-0.65769,-0.65769,-0.57149,-1.6836,-2.1029,-2.9021,-2.9021
-2.9021,-2.9021,-2.9021,-3.8759,-5.0029,-5.0029,-5.0029,-5.0029,-5.0029,-5.0029,-5.5489,-5.5489,-4.8358,-4.8358,-4.8358,-4.8358,-4.8358,-4.8358,-4.6613,-3.9525,-3.6141,-3.3087,-3.3087,-3.3087,-3.3087,-3.3087,-3.3087,-2.8127,0.43101,0.43101,0.96312,0.96312,0.96312,1.9262,3.0884,3.0884,4.3921,5.6244,5.6244,6.5684,6.5684,6.5684,6.5684,6.5684,7.6209,7.9114,7.9114,8.0381,8.0381,8.0381,8.0328,8.0062,8.0062,8.0062,8.0062,8.0062,8.0062,7.4038,7.2782,7.2782,7.2782,7.2782,7.2782,7.2782,6.8717,6.7302,6.7302,6.2725,6.2725,6.2725,6.2725,6.2725,5.5137,5.5137,0.85351,-1.5761,-1.5761,-2.5201,-2.5201,-3.4076,-3.4076,-3.6833,-3.479,-3.479,-3.479,-3.479,-3.479,-2.7883,-4.2856,-5.1242,-4.374,-4.374,-4.374,-3.314,-3.7918,-3.7918,-3.7918,-3.7918,-3.7918,-3.7918,-5.2913,-2.7287,-2.7287,-2.3892,-2.3892,-2.3892,-2.3892,-2.3892,-2.3892,-2.336,-1.6155,-1.6155,-1.3995,-1.3995,-1.3995,-1.2962,-1.2377,-1.2377,-1.2377,-1.2377,-1.2377,-1.2377,-1.0046,-1.0536,-1.0536,-1.4644,-1.9167,-1.9167,-1.9167,-2.2817
-2.2817,-2.2817,-2.2817,-2.2817,-2.2817,-3.8206,-4.8891,-5.8266,-5.8266,-5.8266,-5.8266,-5.8266,-5.8266,-6.0757,-5.0317,-5.0317,-5.0487,-5.0487,-5.0487,-5.0487,-5.0487,-5.0487,-4.7294,-3.5811,-3.1661,-2.1955,-2.1955,-2.1955,-0.71942,-0.090459,-0.090459,-0.090459,-0.090459,-0.090459,-0.090459,0.36822,0.36822,3.4598,4.822,4.822,6.0384,6.0384,6.8919,6.8919,6.8919,6.8919,6.8919,7.3942,7.7827,8.2637,8.2637,8.2637,8.2637,8.2637,8.2637,8.2637,8.2243,7.1558,7.1558,7.1558,7.1558,7.1558,7.1558,6.5876,6.9089,7.1761,7.1761,7.1761,7.1761,7.1761,7.1761,6.8174,6.8174,3.4428,1.9518,1.9518,1.9518,-2.5999,-2.5999,-2.5999,-3.0714,-3.7003,-3.7003,-3.7322,-3.7322,-3.7322,-3.7322,-3.7322,-3.7322,-3.2842,-4.2995,-4.2037,-4.2037,-4.2037,-2.6265,-2.6265,-2.6265,-2.6265,-2.6265,-2.6265,-2.6265,-2.6265,-2.7936,-2.7936,-4.0813,-2.5627,-2.7723,-2.7723,-2.7723,-2.3796,-2.3796,-2.0955,-2.0955,-1.7358,-1.7358,-1.3995,-1.3995,-1.3995,-1.3995,-1.3995,-1.3995,-1.2111,-1.2111,-0.69387,-0.86309,-1.2686,-1.2686,-1.5272,-1.5272,-1.5272
-1.7507,-2.3445,-2.3445,-3.4172,-3.4172,-4.5975,-5.916,-5.916,-5.916,-5.916,-5.916,-5.916,-6.3268,-4.9806,-5.0657,-5.0444,-5.0444,-5.0444,-5.0444,-5.0444,-5.0444,-4.8231,-3.6365,-3.6365,-3.1586,-3.1586,-3.1586,-1.7592,-0.17985,-0.17985,-0.17985,-0.17985,-0.17985,-0.17985,-0.17985,2.0018,3.2321,4.6124,4.6124,5.8809,5.8809,6.9366,6.9366,6.9366,6.9366,6.9366,8.3212,8.4074,8.4074,8.4074,8.4074,8.4074,8.4074,8.3531,8.3531,7.5017,7.1729,7.1729,7.1729,7.1729,7.1729,7.1729,7.1729,7.3144,7.0058,7.0058,7.0058,6.0969,5.1008,5.1008,5.1008,5.1008,5.1008,5.1008,3.7163,-1.1185,-2.3966,-2.3966,-2.3966,-2.3966,-2.3189,-2.4743,-2.4669,-2.4669,-2.4669,-3.065,-4.2867,-4.2867,-4.2867,-4.2867,-4.2867,-4.2867,-4.3697,-4.4091,-4.4091,-4.4091,-4.4091,-4.4091,-4.4091,-5.5744,-3.4332,-2.5467,-2.5467,-2.5467,-2.5467,-2.5467,-2.5467,-2.5467,-2.6042,-1.938,-1.938,-1.6825,-1.4431,-1.4431,-1.4431,-1.4431,-1.4431,-1.4431,-1.2792,-0.78753,-0.7141,-0.85883,-0.85883,-1.2345,-1.2345,-1.5623,-1.5623,-1.5623,-1.5623,-1.5623
-1.5623,-1.5623,-3.1714,-4.2484,-4.2484,-4.2484,-4.2484,-4.2484,-4.2484,-5.3999,-5.0136,-5.0136,-5.0136,-5.0136,-5.0136,-5.0136,-5.0136,-4.4378,-4.0015,-3.6833,-3.6833,-3.6833,-3.6833,-3.6833,-3.6833,-3.3725,-1.6293,-0.19901,-0.19901,0.34268,0.34268,0.93545,1.7709,2.9362,2.9362,2.9362,4.3133,5.6287,5.6287,5.6287,5.6287,7.3123,7.7827,7.7827,8.0679,8.0679,8.0679,8.1296,8.0232,8.0232,8.0232,8.0232,8.0232,8.0232,7.8465,7.4655,7.109,6.9143,6.9143,6.9143,6.9143,6.9143,6.6589,6.8941,6.8941,6.1533,6.1533,6.1533,6.1533,6.1533,5.1679,2.3456,-0.26925,-0.26925,-2.2668,-2.9756,-2.9756,-3.0213,-2.9883,-2.9883,-2.9479,-3.0703,-4.3814,-4.3814,-4.3814,-4.3814,-4.3814,-4.3814,-4.3814,-2.9224,-3.2023,-3.2023,-3.2023,-3.2023,-3.2023,-3.2023,-3.2023,-5.3743,-2.502,-2.502,-2.6638,-2.6638,-2.6638,-2.5148,-2.2923,-2.2923,-2.2923,-2.2923,-2.2923,-1.9997,-1.3356,-1.1738,-1.1738,-1.1738,-0.95993,-0.75028,-0.75028,-0.73219,-0.88118,-0.88118,-1.1866,-1.1866,-1.1866,-1.1866,-1.1866,-1.4069,-2.2019,-2.2019,-3.1171,-3.1171
-2.2019,-2.2019,-3.1171,-3.1171,-3.1171,-3.1171,-3.1171,-3.1171,-3.1171,-5.3978,-5.3978,-5.3978,-5.3978,-5.3978,-4.7273,-4.4474,-4.0089,-4.0089,-4.0089,-3.6269,-3.3257,-3.3257,-3.3257,-3.3257,-3.3257,-3.3257,-2.9224,-0.37354,0.15218,0.66408,0.66408,0.66408,0.66408,0.66408,0.66408,0.66408,1.4473,5.1498,6.1214,6.1214,6.843,6.843,7.3932,7.3932,7.3932,7.3932,7.3932,7.3932,7.8774,7.7944,7.7944,7.7944,7.7944,7.7944,7.7944,7.7944,7.7433,7.0707,7.0707,6.9739,6.9739,6.7067,6.7067,6.7067,6.7738,6.7738,6.4237,5.7479,5.7479,5.7479,5.7479,5.7479,5.7479,4.7794,4.7794,4.7794,-2.221,-2.221,-2.1348,-2.5392,-2.5392,-2.5392,-2.5392,-2.5392,-3.0256,-4.0206,-4.0206,-4.0206,-4.0206,-4.0206,-4.0206,-3.3427,-3.3427,-5.5659,-5.5659,-5.5659,-5.5659,-5.5659,-5.5659,-5.5659,-2.7063,-2.7638,-2.6744,-2.6744,-2.6744,-2.3392,-2.3392,-2.3392,-2.3392,-2.3392,-2.3392,-2.055,-2.055,-1.491,-1.209,-1.209,-1.209,-1.209,-1.209,-1.209,-1.209,-0.99931,-1.2366,-1.2366,-1.5602,-1.5602,-1.5602,-1.5602,-1.5602,-1.5602
-1.5602,-1.5602,-1.5602,-1.5602,-4.5921,-4.5921,-4.5921,-4.5921,-4.5921,-4.5921,-4.5921,-4.7273,-4.573,-4.3761,-4.3761,-4.3761,-4.3761,-4.3761,-4.3761,-4.0334,-2.8755,-2.3945,-2.3945,-2.3945,-1.243,0.050019,0.050019,0.050019,0.050019,0.050019,0.050019,0.61831,1.9709,2.9926,4.1441,4.1441,5.219,5.219,5.219,5.219,5.219,5.219,6.1363,7.4496,7.4496,7.4496,7.4496,7.4496,7.4496,7.4496,7.4943,7.5241,7.5241,7.2655,7.1601,7.1601,7.1601,7.1601,7.1601,7.1601,7.1601,7.0824,6.4598,5.8713,5.8713,5.8713,5.8713,5.8713,5.8713,5.8713,3.1288,1.3846,-1.4473,-1.4473,-1.4473,-1.4473,-1.4473,-1.4473,-1.4473,-2.5073,-2.2583,-2.3764,-2.3764,-2.9958,-2.9958,-2.9958,-2.9958,-2.9958,-2.9958,-4.1856,-4.1856,-2.8234,-2.8234,-2.8234,-2.8234,-2.8234,-2.8234,-3.2225,-4.4687,-3.4087,-2.1497,-2.1497,-2.1497,-2.1497,-2.1497,-2.1497,-2.337,-2.337,-1.7847,-1.5548,-1.5548,-1.5548,-1.1408,-1.1408,-1.1408,-1.1408,-1.1408,-1.1408,-1.1408,-0.78859,-0.95887,-0.95887,-0.95887,-1.2749,-1.4835,-1.4835,-1.4835,-1.4835,-1.4835,-1.4835
-1.4835,-1.4835,-1.5602,-3.4768,-3.4768,-3.4768,-3.4768,-3.4768,-3.4768,-3.4768,-5.8277,-5.3243,-4.7124,-4.7124,-4.7124,-4.7124,-4.7124,-4.6719,-4.2101,-3.7759,-3.7759,-3.3257,-3.3257,-3.0192,-2.2157,-2.2157,-2.2157,-2.2157,-2.2157,-2.2157,-0.67472,-0.67472,0.72474,1.7709,1.7709,2.8904,4.1313,4.1313,4.1313,4.1313,4.1313,6.8515,7.109,7.2633,7.2633,7.3134,7.3134,7.3134,7.3134,7.3134,7.4347,7.5198,7.2793,7.2293,7.2293,7.2293,7.2293,7.2293,7.2293,7.2293,7.0409,6.6897,6.6897,6.4545,6.4545,6.4545,6.4545,6.4545,6.4545,6.4545,3.2916,1.5931,-0.26818,-0.26818,-1.2973,-1.2973,-1.2973,-1.2973,-1.2973,-1.2973,-1.9199,-1.9199,-3.5268,-3.5268,-3.5268,-3.5268,-3.5268,-4.523,-4.3569,-3.4534,-3.281,-3.281,-3.281,-3.281,-3.281,-3.281,-4.8039,-4.126,-2.8213,-2.8213,-2.469,-2.469,-2.469,-2.2774,-2.2774,-2.0678,-2.0678,-2.0678,-2.0678,-2.0678,-2.0678,-2.0678,-1.4676,-1.1973,-0.9578,-0.9578,-0.73219,-0.62896,-0.62896,-0.62896,-0.62896,-0.62896,-0.62576,-0.74283,-1.1111,-1.1111,-1.1111,-1.1111,-1.1111,-1.1111
-1.1111,-1.458,-2.4775,-4.0717,-4.0717,-4.0717,-4.0717,-4.0717,-4.0717,-4.0717,-4.0717,-4.7166,-4.507,-4.507,-4.507,-4.507,-4.507,-4.3208,-3.6396,-3.2555,-2.9362,-2.9362,-2.9362,-2.9362,-2.9362,-2.9362,-2.618,-0.3331,0.33204,0.33204,0.85564,0.85564,0.85564,0.85564,0.85564,0.85564,2.0071,2.0071,4.7518,4.7518,4.7518,4.7518,4.7518,4.7518,6.5141,6.8334,7.0537,7.0537,7.0537,7.0537,7.0537,7.2123,7.0452,7.0452,6.7961,6.7961,6.7961,6.7727,6.5929,6.5929,6.5929,6.5929,6.5929,6.5929,6.4205,5.5318,4.7571,4.7571,4.7571,3.7684,3.7684,2.7372,2.7372,2.7372,2.7372,2.7372,-0.88224,-1.7751,-2.2327,-2.2327,-2.2327,-2.2327,-2.2327,-2.2327,-1.8922,-2.5158,-2.5158,-3.728,-3.728,-3.728,-3.728,-3.728,-3.728,-3.6492,-3.6492,-3.8823,-3.8823,-3.8823,-3.9281,-3.6886,-3.6886,-3.6886,-3.6886,-3.6886,-3.6886,-2.8404,-1.9848,-1.7624,-1.4612,-1.4612,-1.4612,-1.4612,-1.4612,-1.4612,-1.2451,-0.91204,-0.89714,-0.83861,-0.83861,-0.76092,-0.76092,-0.76092,-0.76092,-0.76092,-0.76092,-0.84819,-1.4952,-1.4952,-1.7528,-1.7528
