-0.14941,-0.14941,-0.14697,-0.14551,-0.14648,-0.146,-0.146,-0.146,-0.146,-0.146,-0.146,-0.14404,-0.13232,-0.13232,-0.13232,-0.13232,-0.13232,-0.13232,-0.13232,-0.11865,-0.11475,-0.11084,-0.11084,-0.11084,-0.11084,-0.11084,-0.11084,-0.10742,-0.089844,-0.078125,-0.065918,-0.065918,-0.065918,-0.057129,-0.057129,-0.057129,-0.057129,-0.057129,-0.058105,-0.058105,-0.058105,-0.058105,-0.060547,-0.060547,-0.060547,-0.060547,-0.060547,-0.060547,-0.060547,-0.068848,-0.070801,-0.073242,-0.073242,-0.078125,-0.078125,-0.078125,-0.078125,-0.078125,-0.084473,-0.095703,-0.095703,-0.094238,-0.094238,-0.094238,-0.094238,-0.094238,-0.094238,-0.094238,-0.089844,-0.091309,-0.089844,-0.09375,-0.09375,-0.09375,-0.09375,-0.09375,-0.09375,-0.10205,-0.1084,-0.13037,-0.13037,-0.1416,-0.14941,-0.14941,-0.15723,-0.15723,-0.16504,-0.16504,-0.17139,-0.17139,-0.17285,-0.17285,-0.17285,-0.17285,-0.17285,-0.17285,-0.15039,-0.14063,-0.14063,-0.14063,-0.14063,-0.14063,-0.14063,-0.14063,-0.1499,-0.13477,-0.13477,-0.13477,-0.13477,-0.13477,-0.13477,-0.1416,-0.15723,-0.16553,-0.17285,-0.17285,-0.17285,-0.17285,-0.17285,-0.17285,-0.17725,-0.17627,-0.17334,-0.16943,-0.16943,-0.16699,-0.16699,-0.16699,-0.16699,-0.16699
-0.16699,-0.16699,-0.16553,-0.16699,-0.16797,-0.16797,-0.1665,-0.1665,-0.1665,-0.1665,-0.1665,-0.16309,-0.1543,-0.15088,-0.15088,-0.15088,-0.15088,-0.15088,-0.14795,-0.14453,-0.14355,-0.14355,-0.14355,-0.14355,-0.14355,-0.14355,-0.14355,-0.14111,-0.12988,-0.12109,-0.12109,-0.12256,-0.12256,-0.12256,-0.12256,-0.12158,-0.12158,-0.11475,-0.11279,-0.11475,-0.11719,-0.11719,-0.11719,-0.11719,-0.11719,-0.11719,-0.11719,-0.11719,-0.12695,-0.12695,-0.13232,-0.14063,-0.14063,-0.14063,-0.14063,-0.14063,-0.14063,-0.14648,-0.15234,-0.14941,-0.14307,-0.14307,-0.14307,-0.14307,-0.14307,-0.13525,-0.12988,-0.12402,-0.12354,-0.12354,-0.12354,-0.12354,-0.12354,-0.12354,-0.12695,-0.13965,-0.16309,-0.16309,-0.1709,-0.17578,-0.17578,-0.17578,-0.17578,-0.17578,-0.17578,-0.17578,-0.17822,-0.18652,-0.18457,-0.18213,-0.18213,-0.18213,-0.18213,-0.18213,-0.18213,-0.18701,-0.18701,-0.17041,-0.17041,-0.17041,-0.17041,-0.17041,-0.17139,-0.15283,-0.15283,-0.1626,-0.1626,-0.1626,-0.1626,-0.1626,-0.1626,-0.17334,-0.19873,-0.19873,-0.19873,-0.19873,-0.19873,-0.19873,-0.20117,-0.20068,-0.19922,-0.19922,-0.19775,-0.1958,-0.1958,-0.1958,-0.1958,-0.1958,-0.1958,-0.19336
-0.1958,-0.1958,-0.1958,-0.19336,-0.19336,-0.19629,-0.19629,-0.19482,-0.19482,-0.19482,-0.19482,-0.19482,-0.19482,-0.19189,-0.17822,-0.17822,-0.17822,-0.17822,-0.17822,-0.17822,-0.17383,-0.16455,-0.16016,-0.15576,-0.15576,-0.15576,-0.15576,-0.15576,-0.15576,-0.14844,-0.12891,-0.11816,-0.11816,-0.11914,-0.11914,-0.11914,-0.11914,-0.11914,-0.11914,-0.11914,-0.11914,-0.11914,-0.11914,-0.11914,-0.12158,-0.12354,-0.13379,-0.13379,-0.13721,-0.13721,-0.14063,-0.14355,-0.14355,-0.14355,-0.14355,-0.14355,-0.14355,-0.14355,-0.15967,-0.16406,-0.16406,-0.16406,-0.16406,-0.16406,-0.16406,-0.16504,-0.14941,-0.14941,-0.15039,-0.15039,-0.15039,-0.15039,-0.15039,-0.15039,-0.14795,-0.15234,-0.15234,-0.16064,-0.16064,-0.16064,-0.16064,-0.16064,-0.16064,-0.1665,-0.18359,-0.18945,-0.19775,-0.19775,-0.20313,-0.20313,-0.20313,-0.20313,-0.20313,-0.20313,-0.20361,-0.19043,-0.18213,-0.17383,-0.17383,-0.17383,-0.17383,-0.17383,-0.17383,-0.17383,-0.17285,-0.17432,-0.17432,-0.17432,-0.17432,-0.17432,-0.17432,-0.17676,-0.18799,-0.19434,-0.20068,-0.20068,-0.20068,-0.20068,-0.20068,-0.20068,-0.20703,-0.21289,-0.2124,-0.2124,-0.21045,-0.20703,-0.20703,-0.20703,-0.20703,-0.20703
-0.20703,-0.2041,-0.19971,-0.20117,-0.20117,-0.20313,-0.20313,-0.20313,-0.20313,-0.20264,-0.20264,-0.20264,-0.20264,-0.20264,-0.20264,-0.2002,-0.2002,-0.19189,-0.19043,-0.19043,-0.19043,-0.19043,-0.19043,-0.19043,-0.18848,-0.18506,-0.18164,-0.17578,-0.17578,-0.17578,-0.17578,-0.17578,-0.17578,-0.14941,-0.14063,-0.14063,-0.1416,-0.1416,-0.14063,-0.14063,-0.14063,-0.14063,-0.14063,-0.14063,-0.1416,-0.14307,-0.14551,-0.14551,-0.14746,-0.14746,-0.14941,-0.14941,-0.14941,-0.14941,-0.14941,-0.15088,-0.16406,-0.16406,-0.16406,-0.16406,-0.16406,-0.16406,-0.16406,-0.16797,-0.16309,-0.16309,-0.15674,-0.15674,-0.15674,-0.15674,-0.15674,-0.15674,-0.15332,-0.1499,-0.1499,-0.1543,-0.1543,-0.1543,-0.1543,-0.1543,-0.1543,-0.18115,-0.19287,-0.19287,-0.19971,-0.20215,-0.20215,-0.20215,-0.20215,-0.20215,-0.20215,-0.20215,-0.20557,-0.20068,-0.20068,-0.19238,-0.19238,-0.19238,-0.19238,-0.19238,-0.19238,-0.18115,-0.18652,-0.18994,-0.18994,-0.18994,-0.18994,-0.18994,-0.18994,-0.18848,-0.1958,-0.20361,-0.20361,-0.20361,-0.20361,-0.20361,-0.20361,-0.20361,-0.22266,-0.2251,-0.2251,-0.2251,-0.2251,-0.2251,-0.2251,-0.22607,-0.22217,-0.21924,-0.21631,-0.21387
-0.21387,-0.21387,-0.21387,-0.21387,-0.21387,-0.21338,-0.21484,-0.21484,-0.21387,-0.21387,-0.21387,-0.21387,-0.21387,-0.21387,-0.21045,-0.21045,-0.21045,-0.21045,-0.21045,-0.20801,-0.20752,-0.20752,-0.20752,-0.2085,-0.2085,-0.2085,-0.2085,-0.2085,-0.2085,-0.19434,-0.18457,-0.18457,-0.18457,-0.18457,-0.18457,-0.18457,-0.1748,-0.1792,-0.18018,-0.18164,-0.18164,-0.18164,-0.18164,-0.18164,-0.18164,-0.18359,-0.19092,-0.19482,-0.19482,-0.19775,-0.2002,-0.2002,-0.2002,-0.2002,-0.2002,-0.2002,-0.20361,-0.21582,-0.21826,-0.21826,-0.21826,-0.21826,-0.21826,-0.21826,-0.21631,-0.21191,-0.21191,-0.21045,-0.21045,-0.21045,-0.21045,-0.21045,-0.21045,-0.20654,-0.2041,-0.2041,-0.2041,-0.21289,-0.22607,-0.22607,-0.22607,-0.22607,-0.22607,-0.22607,-0.23389,-0.25488,-0.26025,-0.26611,-0.26611,-0.26611,-0.26611,-0.26611,-0.26611,-0.27148,-0.25195,-0.24365,-0.24365,-0.23242,-0.23242,-0.23242,-0.23242,-0.23242,-0.23242,-0.23242,-0.22949,-0.23242,-0.23242,-0.22217,-0.22217,-0.22217,-0.22217,-0.22217,-0.23047,-0.24512,-0.25244,-0.25244,-0.25879,-0.25879,-0.25879,-0.25879,-0.25879,-0.25879,-0.26367,-0.26074,-0.26074,-0.25635,-0.25244,-0.25244,-0.24902,-0.24902
-0.24902,-0.24902,-0.24902,-0.24658,-0.24658,-0.24707,-0.24707,-0.24561,-0.24268,-0.24268,-0.24268,-0.24268,-0.24268,-0.24268,-0.24268,-0.23779,-0.23389,-0.23145,-0.22949,-0.22949,-0.22949,-0.22949,-0.22949,-0.22949,-0.22852,-0.22607,-0.22314,-0.2168,-0.2168,-0.2168,-0.2168,-0.2168,-0.2168,-0.20947,-0.19482,-0.20068,-0.20068,-0.20703,-0.20801,-0.20801,-0.20801,-0.20801,-0.20801,-0.20801,-0.20801,-0.21045,-0.22607,-0.22607,-0.23193,-0.23193,-0.2373,-0.2373,-0.2373,-0.2373,-0.2373,-0.2373,-0.24121,-0.2627,-0.2627,-0.26904,-0.26904,-0.26904,-0.26904,-0.26904,-0.27344,-0.27393,-0.27148,-0.26904,-0.26904,-0.26904,-0.26904,-0.26904,-0.26904,-0.26904,-0.2627,-0.26074,-0.26074,-0.26074,-0.26074,-0.26074,-0.26074,-0.26123,-0.26221,-0.2666,-0.27295,-0.27295,-0.28076,-0.28076,-0.28076,-0.28076,-0.28076,-0.28076,-0.29102,-0.27832,-0.27832,-0.27588,-0.27588,-0.27588,-0.27588,-0.27588,-0.27588,-0.27295,-0.26416,-0.26416,-0.26416,-0.26416,-0.26416,-0.26416,-0.26416,-0.25146,-0.25244,-0.25244,-0.26172,-0.26172,-0.26172,-0.26172,-0.26172,-0.26172,-0.28809,-0.28809,-0.28809,-0.28809,-0.28809,-0.28809,-0.29395,-0.29395,-0.28906,-0.28906,-0.28906,-0.28906
-0.28467,-0.28076,-0.28076,-0.28223,-0.28223,-0.28223,-0.28223,-0.28223,-0.28223,-0.28223,-0.2832,-0.28027,-0.28027,-0.27588,-0.27588,-0.27344,-0.27344,-0.27344,-0.27344,-0.27344,-0.27344,-0.27148,-0.26855,-0.26758,-0.26611,-0.26611,-0.26611,-0.26611,-0.26611,-0.26611,-0.26514,-0.25635,-0.25049,-0.24414,-0.24414,-0.24414,-0.24414,-0.24414,-0.24414,-0.24414,-0.24219,-0.24219,-0.24121,-0.24121,-0.2417,-0.2417,-0.2417,-0.2417,-0.2417,-0.2417,-0.2417,-0.24414,-0.24902,-0.25098,-0.25244,-0.25244,-0.25244,-0.25244,-0.25244,-0.25244,-0.25537,-0.26611,-0.26611,-0.26611,-0.26611,-0.26611,-0.26611,-0.26758,-0.2583,-0.25,-0.24561,-0.24561,-0.24561,-0.24561,-0.24561,-0.24561,-0.24414,-0.23682,-0.24463,-0.24463,-0.26563,-0.28027,-0.28027,-0.28027,-0.28027,-0.28027,-0.29541,-0.30908,-0.31396,-0.31494,-0.31494,-0.31494,-0.31494,-0.31494,-0.31494,-0.31494,-0.31494,-0.31104,-0.31104,-0.31299,-0.30713,-0.29883,-0.29883,-0.29883,-0.29883,-0.29883,-0.29883,-0.29883,-0.30127,-0.31104,-0.29443,-0.2832,-0.2832,-0.2832,-0.2832,-0.2832,-0.2832,-0.30273,-0.31055,-0.31689,-0.31689,-0.31689,-0.31689,-0.31689,-0.31689,-0.32031,-0.32031,-0.32031,-0.31494,-0.31494
-0.31006,-0.31006,-0.31006,-0.31006,-0.30811,-0.31201,-0.31201,-0.31201,-0.31201,-0.31201,-0.31201,-0.31152,-0.31152,-0.30322,-0.30127,-0.30127,-0.30127,-0.30127,-0.30127,-0.30127,-0.29639,-0.29639,-0.29297,-0.29297,-0.29297,-0.29297,-0.29297,-0.29297,-0.29297,-0.28662,-0.26123,-0.26123,-0.26074,-0.26074,-0.25684,-0.25684,-0.25684,-0.25684,-0.25684,-0.25684,-0.25781,-0.25781,-0.26074,-0.26074,-0.26074,-0.26074,-0.26074,-0.26074,-0.26074,-0.26514,-0.26611,-0.26904,-0.26904,-0.27344,-0.27344,-0.27344,-0.27344,-0.27344,-0.27344,-0.27344,-0.27881,-0.27979,-0.27979,-0.27344,-0.27344,-0.27344,-0.27344,-0.27344,-0.27344,-0.25977,-0.25342,-0.25342,-0.25488,-0.25488,-0.25488,-0.25488,-0.25488,-0.25488,-0.25781,-0.28467,-0.29102,-0.29102,-0.2959,-0.2959,-0.2959,-0.2959,-0.2959,-0.2959,-0.2959,-0.2959,-0.30176,-0.31006,-0.29883,-0.29883,-0.29883,-0.29883,-0.29883,-0.29883,-0.29883,-0.29443,-0.28613,-0.28613,-0.28613,-0.28613,-0.28613,-0.28613,-0.28857,-0.27344,-0.27441,-0.27979,-0.27979,-0.27979,-0.27979,-0.27979,-0.27979,-0.27979,-0.28613,-0.30371,-0.30664,-0.30664,-0.30664,-0.30762,-0.30762,-0.30762,-0.30762,-0.30762,-0.30713,-0.30322,-0.30322,-0.2998
-0.2998,-0.2998,-0.29932,-0.29932,-0.30127,-0.30127,-0.30127,-0.30127,-0.30127,-0.30127,-0.30225,-0.2998,-0.29492,-0.29248,-0.29248,-0.29248,-0.29248,-0.29248,-0.29053,-0.28271,-0.28271,-0.28027,-0.28027,-0.28027,-0.27832,-0.27832,-0.27441,-0.27441,-0.27441,-0.27441,-0.26807,-0.25,-0.24609,-0.24609,-0.24609,-0.24609,-0.24609,-0.24609,-0.24609,-0.24463,-0.24805,-0.25098,-0.25098,-0.25098,-0.25439,-0.25879,-0.26221,-0.26221,-0.26221,-0.26221,-0.26221,-0.26221,-0.26953,-0.27393,-0.27393,-0.27393,-0.27393,-0.27393,-0.27393,-0.27734,-0.27734,-0.28223,-0.28076,-0.28076,-0.28076,-0.28076,-0.28076,-0.28076,-0.28076,-0.271,-0.271,-0.271,-0.271,-0.271,-0.271,-0.26563,-0.26855,-0.26855,-0.26855,-0.26855,-0.26855,-0.26416,-0.27246,-0.27246,-0.27832,-0.27881,-0.27881,-0.28223,-0.28223,-0.28223,-0.28223,-0.28223,-0.28809,-0.28564,-0.28564,-0.28467,-0.28467,-0.28467,-0.28467,-0.28467,-0.28467,-0.27734,-0.28809,-0.28467,-0.26807,-0.26807,-0.26807,-0.26807,-0.26807,-0.26807,-0.25928,-0.28516,-0.28516,-0.29346,-0.2998,-0.2998,-0.2998,-0.2998,-0.2998,-0.2998,-0.3042,-0.30371,-0.30078,-0.30078,-0.29834,-0.29834,-0.29834,-0.29834,-0.29834,-0.29834
-0.29834,-0.29834,-0.29834,-0.29834,-0.29688,-0.30078,-0.30469,-0.30859,-0.30859,-0.30859,-0.30859,-0.30859,-0.30859,-0.30859,-0.30859,-0.3042,-0.3042,-0.29932,-0.29932,-0.29932,-0.29932,-0.29932,-0.29932,-0.2959,-0.28662,-0.28662,-0.28076,-0.28076,-0.28076,-0.28076,-0.28076,-0.27246,-0.25439,-0.24561,-0.24951,-0.24951,-0.24951,-0.24951,-0.24951,-0.24951,-0.24951,-0.24951,-0.25195,-0.2583,-0.2627,-0.2627,-0.2666,-0.2666,-0.2666,-0.2666,-0.2666,-0.2666,-0.27051,-0.27539,-0.27539,-0.27539,-0.27539,-0.27539,-0.27539,-0.27539,-0.27881,-0.28369,-0.28223,-0.28223,-0.28223,-0.28223,-0.28223,-0.28223,-0.28223,-0.27832,-0.28223,-0.28223,-0.28223,-0.28223,-0.28223,-0.28223,-0.28223,-0.28076,-0.27588,-0.27588,-0.27686,-0.27686,-0.27686,-0.27686,-0.27686,-0.27588,-0.28516,-0.29004,-0.29004,-0.29639,-0.30518,-0.30518,-0.30518,-0.30518,-0.30518,-0.31152,-0.30664,-0.30664,-0.2959,-0.2959,-0.2959,-0.2959,-0.2959,-0.29102,-0.2998,-0.29443,-0.29443,-0.28613,-0.29248,-0.30078,-0.30078,-0.30078,-0.30078,-0.30078,-0.30078,-0.30811,-0.33252,-0.33252,-0.33838,-0.33838,-0.33838,-0.33838,-0.33838,-0.3418,-0.3418,-0.3418,-0.34131,-0.34082,-0.34082,-0.34082
-0.34082,-0.34082,-0.34766,-0.35254,-0.35254,-0.35645,-0.35645,-0.35645,-0.35645,-0.35645,-0.35645,-0.35889,-0.35449,-0.35352,-0.35352,-0.3501,-0.3501,-0.3457,-0.3457,-0.3457,-0.3457,-0.3457,-0.34082,-0.33105,-0.33105,-0.31152,-0.31152,-0.31152,-0.31152,-0.31152,-0.31152,-0.2998,-0.2998,-0.28125,-0.27734,-0.27734,-0.27734,-0.28027,-0.2832,-0.2832,-0.28564,-0.28564,-0.28564,-0.28564,-0.28564,-0.28564,-0.28809,-0.29102,-0.29102,-0.28955,-0.28955,-0.28955,-0.28955,-0.28955,-0.28955,-0.28857,-0.28955,-0.29248,-0.29492,-0.29492,-0.29492,-0.29492,-0.29492,-0.29492,-0.29297,-0.27637,-0.27637,-0.27637,-0.27637,-0.27637,-0.27637,-0.26904,-0.26904,-0.23682,-0.23145,-0.23096,-0.23096,-0.23096,-0.23096,-0.23096,-0.23096,-0.22852,-0.23438,-0.24219,-0.24219,-0.25684,-0.25684,-0.25684,-0.25684,-0.25684,-0.26953,-0.29541,-0.29541,-0.29541,-0.29541,-0.29541,-0.29541,-0.29541,-0.28369,-0.28369,-0.29883,-0.29883,-0.29883,-0.29883,-0.29883,-0.29883,-0.30371,-0.28662,-0.26514,-0.27637,-0.27637,-0.27637,-0.28613,-0.28613,-0.28613,-0.28613,-0.28613,-0.29443,-0.30908,-0.31445,-0.31787,-0.31787,-0.31934,-0.31934,-0.31836,-0.31836,-0.31836,-0.31836,-0.31836,-0.31836
-0.31299,-0.31299,-0.31299,-0.31299,-0.31299,-0.31299,-0.31299,-0.3252,-0.3291,-0.33008,-0.33008,-0.32861,-0.32861,-0.32861,-0.32861,-0.32861,-0.33105,-0.33105,-0.33203,-0.33203,-0.33203,-0.33203,-0.33252,-0.33203,-0.33203,-0.33203,-0.33203,-0.33203,-0.33203,-0.31543,-0.31543,-0.30859,-0.30859,-0.31738,-0.31738,-0.31738,-0.31738,-0.31738,-0.31738,-0.31738,-0.32178,-0.33008,-0.33008,-0.33008,-0.33008,-0.33008,-0.33008,-0.33203,-0.33496,-0.33545,-0.33496,-0.33496,-0.33496,-0.33496,-0.33496,-0.33496,-0.33398,-0.33057,-0.33057,-0.33057,-0.33057,-0.33057,-0.33057,-0.33105,-0.3208,-0.3208,-0.3208,-0.3208,-0.3208,-0.31689,-0.3125,-0.31152,-0.31152,-0.31836,-0.31836,-0.31836,-0.31836,-0.31836,-0.31836,-0.31836,-0.35205,-0.35791,-0.36328,-0.37158,-0.37158,-0.37158,-0.37158,-0.37158,-0.37158,-0.38037,-0.38037,-0.38867,-0.38037,-0.38037,-0.38037,-0.38037,-0.38037,-0.38037,-0.38037,-0.37646,-0.37646,-0.36865,-0.36865,-0.36865,-0.36865,-0.36865,-0.36865,-0.36865,-0.37793,-0.39502,-0.39502,-0.40088,-0.40674,-0.40674,-0.40674,-0.40674,-0.40674,-0.40674,-0.40674,-0.41211,-0.41748,-0.41699,-0.41699,-0.41699,-0.41699,-0.41699,-0.41699,-0.4165,-0.4165,-0.41309
-0.41406,-0.41406,-0.4165,-0.4165,-0.4165,-0.4165,-0.4165,-0.4165,-0.41992,-0.42334,-0.42334,-0.42188,-0.42188,-0.42188,-0.42188,-0.42188,-0.42188,-0.42188,-0.41748,-0.41406,-0.41016,-0.41016,-0.41016,-0.41016,-0.41016,-0.41016,-0.40479,-0.40479,-0.37695,-0.36816,-0.36816,-0.36816,-0.36816,-0.36816,-0.36816,-0.36816,-0.36816,-0.3623,-0.35889,-0.35889,-0.35889,-0.35889,-0.35889,-0.35889,-0.35889,-0.35938,-0.36182,-0.36523,-0.3667,-0.3667,-0.3667,-0.3667,-0.3667,-0.3667,-0.3667,-0.3667,-0.36377,-0.36377,-0.36377,-0.36377,-0.36426,-0.36426,-0.36426,-0.35254,-0.33887,-0.33887,-0.33887,-0.33887,-0.33887,-0.33887,-0.33203,-0.31982,-0.31982,-0.31445,-0.3125,-0.30908,-0.30908,-0.30078,-0.30078,-0.30078,-0.29736,-0.29346,-0.29346,-0.29346,-0.29346,-0.29346,-0.30811,-0.3252,-0.3252,-0.3252,-0.3252,-0.3252,-0.3252,-0.3252,-0.33105,-0.35254,-0.37549,-0.37549,-0.37549,-0.37549,-0.37549,-0.37549,-0.36377,-0.36377,-0.37207,-0.37207,-0.3584,-0.3584,-0.36865,-0.36865,-0.36865,-0.36865,-0.36865,-0.36865,-0.37939,-0.35547,-0.34229,-0.33203,-0.33203,-0.33203,-0.33203,-0.33203,-0.33203,-0.33057,-0.3457,-0.35254,-0.35254,-0.36133,-0.37109,-0.37109
-0.38379,-0.38379,-0.37891,-0.37988,-0.37988,-0.38379,-0.38379,-0.38574,-0.38574,-0.38525,-0.38525,-0.38525,-0.38525,-0.38525,-0.38525,-0.38379,-0.3833,-0.38281,-0.38281,-0.38281,-0.38281,-0.38281,-0.38281,-0.38135,-0.36377,-0.35449,-0.35449,-0.3418,-0.3418,-0.3418,-0.3418,-0.3418,-0.3418,-0.33496,-0.33496,-0.33984,-0.33936,-0.33984,-0.33984,-0.33984,-0.33984,-0.33984,-0.33984,-0.34033,-0.3418,-0.3418,-0.34131,-0.34131,-0.34131,-0.34131,-0.34131,-0.3418,-0.3418,-0.34814,-0.34814,-0.34814,-0.34814,-0.3501,-0.3501,-0.34766,-0.34424,-0.34424,-0.34424,-0.34424,-0.34424,-0.34424,-0.34131,-0.34131,-0.32031,-0.31885,-0.31885,-0.31641,-0.31641,-0.31641,-0.31641,-0.31641,-0.31641,-0.31396,-0.31787,-0.32178,-0.33057,-0.33057,-0.33057,-0.33057,-0.33057,-0.33984,-0.33984,-0.35645,-0.35645,-0.35059,-0.35059,-0.35059,-0.35059,-0.35059,-0.35303,-0.35303,-0.33545,-0.34668,-0.34668,-0.34424,-0.34424,-0.34424,-0.34424,-0.34424,-0.33252,-0.33252,-0.35303,-0.36182,-0.36182,-0.36182,-0.36182,-0.36182,-0.36182,-0.36182,-0.36963,-0.37842,-0.37891,-0.37891,-0.37891,-0.37891,-0.37891,-0.37891,-0.36914,-0.36475,-0.36475,-0.3623,-0.3623,-0.3623,-0.3623,-0.3623
-0.3623,-0.3623,-0.3623,-0.3623,-0.36719,-0.36963,-0.36963,-0.37109,-0.37109,-0.37109,-0.37109,-0.37109,-0.37109,-0.37109,-0.36865,-0.36328,-0.36133,-0.36133,-0.36133,-0.36133,-0.36133,-0.36133,-0.35938,-0.35645,-0.35352,-0.35352,-0.34912,-0.34277,-0.34277,-0.34277,-0.34277,-0.34277,-0.34277,-0.33545,-0.31885,-0.31885,-0.32324,-0.32324,-0.32324,-0.32324,-0.32324,-0.32324,-0.32422,-0.33301,-0.33301,-0.33301,-0.33301,-0.33301,-0.33301,-0.33838,-0.33936,-0.33936,-0.33936,-0.33936,-0.33936,-0.33936,-0.34277,-0.3457,-0.34668,-0.34473,-0.33984,-0.33984,-0.33984,-0.33984,-0.33984,-0.33984,-0.33252,-0.32275,-0.32275,-0.30859,-0.30859,-0.30859,-0.30859,-0.30859,-0.30859,-0.30078,-0.30078,-0.30078,-0.30078,-0.30078,-0.30078,-0.31396,-0.33545,-0.35986,-0.35986,-0.36768,-0.36768,-0.36768,-0.36768,-0.36768,-0.36768,-0.37256,-0.37256,-0.37256,-0.36816,-0.36816,-0.36572,-0.36572,-0.36572,-0.36572,-0.36572,-0.37061,-0.37256,-0.35986,-0.35547,-0.35547,-0.36475,-0.36475,-0.37207,-0.37207,-0.37939,-0.37939,-0.37939,-0.37939,-0.37939,-0.37939,-0.38721,-0.39844,-0.40137,-0.40234,-0.40234,-0.40234,-0.40234,-0.40234,-0.40234,-0.40234,-0.40234,-0.39063,-0.39063,-0.39063
-0.39063,-0.39063,-0.39063,-0.39063,-0.39063,-0.40088,-0.40088,-0.40625,-0.40625,-0.40625,-0.40625,-0.40625,-0.40625,-0.4043,-0.40234,-0.40234,-0.3999,-0.3999,-0.3999,-0.3999,-0.3999,-0.39795,-0.39795,-0.38525,-0.37842,-0.37842,-0.37012,-0.37012,-0.37012,-0.37012,-0.37012,-0.37012,-0.36035,-0.36035,-0.36035,-0.37451,-0.37646,-0.37842,-0.37842,-0.38086,-0.38428,-0.38428,-0.38428,-0.38428,-0.38428,-0.38428,-0.3877,-0.39404,-0.396,-0.39795,-0.39795,-0.39795,-0.39795,-0.39795,-0.39795,-0.39795,-0.40088,-0.4043,-0.4043,-0.40625,-0.40625,-0.40332,-0.40332,-0.40332,-0.40332,-0.40332,-0.38574,-0.38428,-0.38428,-0.37842,-0.37842,-0.37842,-0.37842,-0.37842,-0.37842,-0.40771,-0.40771,-0.40771,-0.41895,-0.41895,-0.42822,-0.43506,-0.43506,-0.43506,-0.43506,-0.43506,-0.43506,-0.44141,-0.44873,-0.44336,-0.44336,-0.44189,-0.44189,-0.44189,-0.44189,-0.44189,-0.44189,-0.43652,-0.43652,-0.43799,-0.43799,-0.42529,-0.42529,-0.42529,-0.42529,-0.42529,-0.42529,-0.42529,-0.41602,-0.43457,-0.43945,-0.43945,-0.43945,-0.43945,-0.43945,-0.43945,-0.45215,-0.45264,-0.45068,-0.45068,-0.44775,-0.44775,-0.44336,-0.43848,-0.43848,-0.43848,-0.43848,-0.43848,-0.43506,-0.43945
-0.43848,-0.43506,-0.43945,-0.43945,-0.43945,-0.43945,-0.43945,-0.43945,-0.43945,-0.44238,-0.44287,-0.44287,-0.44287,-0.44287,-0.44287,-0.44287,-0.43994,-0.43896,-0.43799,-0.43799,-0.43652,-0.43652,-0.43652,-0.43652,-0.43652,-0.43652,-0.43652,-0.43506,-0.42383,-0.41504,-0.40527,-0.40527,-0.40527,-0.40527,-0.40527,-0.40527,-0.39453,-0.39648,-0.396,-0.396,-0.396,-0.396,-0.396,-0.396,-0.396,-0.39697,-0.40234,-0.40234,-0.40234,-0.40234,-0.40625,-0.40771,-0.40771,-0.41113,-0.41113,-0.41113,-0.41113,-0.41113,-0.41113,-0.41406,-0.40967,-0.40869,-0.40381,-0.40381,-0.40381,-0.40381,-0.40381,-0.40381,-0.40381,-0.37842,-0.37354,-0.37354,-0.37354,-0.37354,-0.37354,-0.36279,-0.37061,-0.37061,-0.37939,-0.37939,-0.37939,-0.38867,-0.39893,-0.39893,-0.39893,-0.39893,-0.39893,-0.39893,-0.40771,-0.4292,-0.43701,-0.43164,-0.43164,-0.43164,-0.43164,-0.43164,-0.43164,-0.43262,-0.42236,-0.41943,-0.42725,-0.42725,-0.43311,-0.43311,-0.42822,-0.41797,-0.41797,-0.42285,-0.4292,-0.4292,-0.4292,-0.4292,-0.4292,-0.4292,-0.43457,-0.43457,-0.44531,-0.44531,-0.45459,-0.45459,-0.45459,-0.45459,-0.45459,-0.45459,-0.45654,-0.45166,-0.45166,-0.44922,-0.44922,-0.44922
-0.44922,-0.44922,-0.44629,-0.44336,-0.44336,-0.44336,-0.44336,-0.44336,-0.44336,-0.44385,-0.44238,-0.43994,-0.43994,-0.4375,-0.43652,-0.43652,-0.43555,-0.43555,-0.43457,-0.43457,-0.43457,-0.43311,-0.43311,-0.43311,-0.43311,-0.43311,-0.43311,-0.42822,-0.42236,-0.42236,-0.41406,-0.41406,-0.41406,-0.41406,-0.41406,-0.41406,-0.40283,-0.39307,-0.39355,-0.39355,-0.39355,-0.39355,-0.39355,-0.39355,-0.39355,-0.39355,-0.39355,-0.39404,-0.40088,-0.40088,-0.40186,-0.40186,-0.40186,-0.40186,-0.40186,-0.40186,-0.40234,-0.40381,-0.40527,-0.40332,-0.40332,-0.40332,-0.40332,-0.40332,-0.40332,-0.40332,-0.4043,-0.39648,-0.39648,-0.39648,-0.39648,-0.39648,-0.39648,-0.39111,-0.37793,-0.37793,-0.37207,-0.37207,-0.37207,-0.37451,-0.37988,-0.37988,-0.37988,-0.37988,-0.37988,-0.37988,-0.39063,-0.41846,-0.4292,-0.4292,-0.43555,-0.43555,-0.43555,-0.43555,-0.43555,-0.43555,-0.44092,-0.43018,-0.43213,-0.43213,-0.42432,-0.42432,-0.42432,-0.42432,-0.42432,-0.42432,-0.41797,-0.4248,-0.4248,-0.4126,-0.4126,-0.4126,-0.4126,-0.4126,-0.4126,-0.4126,-0.41846,-0.42432,-0.42432,-0.4292,-0.43408,-0.43408,-0.43408,-0.43408,-0.43408,-0.43408,-0.43799,-0.43799,-0.43799,-0.44043
-0.43457,-0.43262,-0.43799,-0.43799,-0.44043,-0.44043,-0.44092,-0.44092,-0.44092,-0.44092,-0.44092,-0.44092,-0.43994,-0.43994,-0.43994,-0.43994,-0.43604,-0.42529,-0.42188,-0.42188,-0.42188,-0.42188,-0.42188,-0.42188,-0.41602,-0.40137,-0.39209,-0.39209,-0.39209,-0.3833,-0.38574,-0.38574,-0.38574,-0.38574,-0.38574,-0.38574,-0.39453,-0.39502,-0.39648,-0.39648,-0.39648,-0.39648,-0.39648,-0.39648,-0.39648,-0.3999,-0.40674,-0.40869,-0.41016,-0.41016,-0.41211,-0.41211,-0.41211,-0.41211,-0.41211,-0.41211,-0.41992,-0.41992,-0.4209,-0.41992,-0.41992,-0.41992,-0.41992,-0.41992,-0.41992,-0.41992,-0.41699,-0.40283,-0.40283,-0.40332,-0.40332,-0.40332,-0.40332,-0.40332,-0.39697,-0.39941,-0.40723,-0.40723,-0.40723,-0.40723,-0.40723,-0.41602,-0.43848,-0.43848,-0.43848,-0.43848,-0.43848,-0.43848,-0.44873,-0.43457,-0.43604,-0.43604,-0.43604,-0.43604,-0.43604,-0.43604,-0.43311,-0.41943,-0.4292,-0.4292,-0.43164,-0.42383,-0.42383,-0.42383,-0.42383,-0.42383,-0.41992,-0.41992,-0.42578,-0.43262,-0.43262,-0.43262,-0.43262,-0.43262,-0.43262,-0.43945,-0.43945,-0.44971,-0.44971,-0.44971,-0.44775,-0.44775,-0.44775,-0.44775,-0.44775,-0.44775,-0.44092,-0.44092,-0.44434,-0.44434
-0.44092,-0.44434,-0.44434,-0.44434,-0.44434,-0.44434,-0.44434,-0.44434,-0.44971,-0.44824,-0.44824,-0.44482,-0.44482,-0.44385,-0.44385,-0.44189,-0.44189,-0.44189,-0.44189,-0.44189,-0.44189,-0.44189,-0.4292,-0.42529,-0.42529,-0.41797,-0.41797,-0.41797,-0.41797,-0.40967,-0.39063,-0.38721,-0.38721,-0.38232,-0.38232,-0.38232,-0.38184,-0.38184,-0.38184,-0.38184,-0.38184,-0.38184,-0.38184,-0.37939,-0.37695,-0.37695,-0.37598,-0.37598,-0.37598,-0.37598,-0.37598,-0.37451,-0.37451,-0.37061,-0.37061,-0.36719,-0.36719,-0.36475,-0.36475,-0.36475,-0.36475,-0.36475,-0.36475,-0.36377,-0.33691,-0.33691,-0.32861,-0.32861,-0.32861,-0.32861,-0.32861,-0.32861,-0.32422,-0.31348,-0.31348,-0.32129,-0.32129,-0.33252,-0.33252,-0.33252,-0.33252,-0.33252,-0.34717,-0.37549,-0.39795,-0.39795,-0.39795,-0.39795,-0.39795,-0.39795,-0.39795,-0.39844,-0.40576,-0.40576,-0.40039,-0.40039,-0.39307,-0.396,-0.396,-0.396,-0.396,-0.396,-0.396,-0.396,-0.39941,-0.37402,-0.37402,-0.38525,-0.38525,-0.39355,-0.40137,-0.40137,-0.40137,-0.40137,-0.40137,-0.40137,-0.41992,-0.42188,-0.42285,-0.42285,-0.42285,-0.42285,-0.42285,-0.42285,-0.42285,-0.41455,-0.41455,-0.41455,-0.41455,-0.41455
-0.41455,-0.41455,-0.41455,-0.41406,-0.42139,-0.42627,-0.4292,-0.4292,-0.4292,-0.4292,-0.4292,-0.43066,-0.43066,-0.42578,-0.42334,-0.42334,-0.42334,-0.42334,-0.42334,-0.42334,-0.41943,-0.40723,-0.40723,-0.40332,-0.40332,-0.40332,-0.38672,-0.38672,-0.38672,-0.37646,-0.37646,-0.37646,-0.37646,-0.37646,-0.36377,-0.35254,-0.34863,-0.34863,-0.34863,-0.34863,-0.34863,-0.34717,-0.34521,-0.34424,-0.34717,-0.34717,-0.34717,-0.34863,-0.34668,-0.34668,-0.34717,-0.34717,-0.34863,-0.34863,-0.34863,-0.34863,-0.34863,-0.34863,-0.34814,-0.34814,-0.34082,-0.32959,-0.32959,-0.32959,-0.32959,-0.32959,-0.32959,-0.32959,-0.31445,-0.30566,-0.30176,-0.30176,-0.30127,-0.30127,-0.30127,-0.30127,-0.30127,-0.30127,-0.30225,-0.33447,-0.34912,-0.36328,-0.36328,-0.36328,-0.36328,-0.36328,-0.36328,-0.37451,-0.36084,-0.36133,-0.36133,-0.36133,-0.36279,-0.35205,-0.35205,-0.35205,-0.35205,-0.35205,-0.35205,-0.35205,-0.35596,-0.34668,-0.34668,-0.34668,-0.35596,-0.35596,-0.36475,-0.36475,-0.36475,-0.36475,-0.36475,-0.36475,-0.37207,-0.38525,-0.39404,-0.39404,-0.39404,-0.39404,-0.39404,-0.39404,-0.39551,-0.39307,-0.39307,-0.39307,-0.39307,-0.39307,-0.39111,-0.39111,-0.39453,-0.39941
-0.39111,-0.39453,-0.39941,-0.39941,-0.40234,-0.40332,-0.40332,-0.40332,-0.40332,-0.40234,-0.39893,-0.39893,-0.39893,-0.39893,-0.39893,-0.39893,-0.38965,-0.38525,-0.38086,-0.38086,-0.38086,-0.38086,-0.38086,-0.38086,-0.37695,-0.36133,-0.35205,-0.35205,-0.34131,-0.33008,-0.33008,-0.33008,-0.33008,-0.33008,-0.33008,-0.31885,-0.30713,-0.30713,-0.30371,-0.30371,-0.30371,-0.30371,-0.30371,-0.30371,-0.3042,-0.30371,-0.30322,-0.30225,-0.30225,-0.30225,-0.30225,-0.30225,-0.30225,-0.30127,-0.30127,-0.30029,-0.30029,-0.30029,-0.30029,-0.30029,-0.30029,-0.29883,-0.29883,-0.27002,-0.27002,-0.25732,-0.25732,-0.24854,-0.24219,-0.24219,-0.24219,-0.24219,-0.24219,-0.24219,-0.23535,-0.24121,-0.25244,-0.25244,-0.26514,-0.26514,-0.26514,-0.26514,-0.26514,-0.26514,-0.26514,-0.26514,-0.26514,-0.28271,-0.31104,-0.31104,-0.32129,-0.31104,-0.31104,-0.31396,-0.31396,-0.30518,-0.30518,-0.2915,-0.2915,-0.29541,-0.29541,-0.30762,-0.30762,-0.30762,-0.30762,-0.30762,-0.30762,-0.30811,-0.29541,-0.30518,-0.31299,-0.31299,-0.31299,-0.31299,-0.31299,-0.31299,-0.31982,-0.33252,-0.33643,-0.33643,-0.33887,-0.33887,-0.33887,-0.33887,-0.33887,-0.33887,-0.33887,-0.33252,-0.33252,-0.33252
-0.33252,-0.32959,-0.32959,-0.33252,-0.33594,-0.33594,-0.33594,-0.33594,-0.33594,-0.33594,-0.3374,-0.33154,-0.33154,-0.33154,-0.33154,-0.33154,-0.33154,-0.33154,-0.33057,-0.32129,-0.32129,-0.31787,-0.31787,-0.31396,-0.30957,-0.30957,-0.30957,-0.30957,-0.30957,-0.30957,-0.30176,-0.28076,-0.27197,-0.26758,-0.26758,-0.26758,-0.26758,-0.26758,-0.26758,-0.26758,-0.26318,-0.26367,-0.26367,-0.26367,-0.26367,-0.26367,-0.26367,-0.26611,-0.27051,-0.27246,-0.27393,-0.27393,-0.27393,-0.27393,-0.27393,-0.27393,-0.2749,-0.28174,-0.28369,-0.28369,-0.28369,-0.28369,-0.28369,-0.28369,-0.28711,-0.2832,-0.2749,-0.26758,-0.26758,-0.26465,-0.26465,-0.2583,-0.2583,-0.2583,-0.2583,-0.2583,-0.2583,-0.25195,-0.27295,-0.27295,-0.28516,-0.28516,-0.28516,-0.28516,-0.28516,-0.28516,-0.29883,-0.31885,-0.32178,-0.32666,-0.32666,-0.32861,-0.32861,-0.32861,-0.32861,-0.32861,-0.32861,-0.31543,-0.31006,-0.2959,-0.2959,-0.29541,-0.29541,-0.29541,-0.29541,-0.29541,-0.29541,-0.29541,-0.29346,-0.29346,-0.30518,-0.30518,-0.31445,-0.31445,-0.32227,-0.32227,-0.32227,-0.32227,-0.32227,-0.32227,-0.32861,-0.33838,-0.33838,-0.33984,-0.33984,-0.33984,-0.33984,-0.33984,-0.33984,-0.33789
-0.33252,-0.33252,-0.33252,-0.34082,-0.34668,-0.34668,-0.3501,-0.3501,-0.3501,-0.3501,-0.3501,-0.35205,-0.34814,-0.34619,-0.34619,-0.34619,-0.34619,-0.34619,-0.34619,-0.34473,-0.34473,-0.33154,-0.32617,-0.32617,-0.32617,-0.31836,-0.30762,-0.30762,-0.30762,-0.30762,-0.30762,-0.30762,-0.29541,-0.27051,-0.26221,-0.26416,-0.26416,-0.26416,-0.26416,-0.26416,-0.26416,-0.26514,-0.26514,-0.27393,-0.27393,-0.27393,-0.27393,-0.27393,-0.27393,-0.27393,-0.28076,-0.28125,-0.28369,-0.28369,-0.28369,-0.28369,-0.28369,-0.28369,-0.28369,-0.28369,-0.28857,-0.2998,-0.29785,-0.29785,-0.29785,-0.29785,-0.29785,-0.29785,-0.2915,-0.2915,-0.2915,-0.2832,-0.26514,-0.26123,-0.26123,-0.2627,-0.2627,-0.2627,-0.2627,-0.2627,-0.2627,-0.2627,-0.30566,-0.31055,-0.31055,-0.31055,-0.31055,-0.31055,-0.31055,-0.31396,-0.33789,-0.33496,-0.33252,-0.33252,-0.33252,-0.33252,-0.33252,-0.33252,-0.31885,-0.30469,-0.31299,-0.31299,-0.31299,-0.31299,-0.31445,-0.30615,-0.3125,-0.32178,-0.32178,-0.32861,-0.32861,-0.32861,-0.32861,-0.32861,-0.32861,-0.32861,-0.34863,-0.354,-0.354,-0.35693,-0.35693,-0.35693,-0.35693,-0.35693,-0.35791,-0.35449,-0.35254,-0.35254,-0.35254,-0.35254
-0.35254,-0.35254,-0.35156,-0.35352,-0.35547,-0.35645,-0.35645,-0.35645,-0.35645,-0.35645,-0.35645,-0.35547,-0.35156,-0.35205,-0.35205,-0.35156,-0.35156,-0.35156,-0.35156,-0.35156,-0.35156,-0.35156,-0.35156,-0.35107,-0.3501,-0.34717,-0.34229,-0.34229,-0.34229,-0.34229,-0.34229,-0.34229,-0.34229,-0.32715,-0.31982,-0.31982,-0.31934,-0.31689,-0.31689,-0.31689,-0.31689,-0.31689,-0.31689,-0.31592,-0.31592,-0.31885,-0.31885,-0.31982,-0.31982,-0.31982,-0.31982,-0.31982,-0.31982,-0.31934,-0.32178,-0.3252,-0.3252,-0.32764,-0.32764,-0.32764,-0.32764,-0.32764,-0.32764,-0.3291,-0.29883,-0.29883,-0.29883,-0.29883,-0.29883,-0.29883,-0.2915,-0.2749,-0.27051,-0.27002,-0.27002,-0.27588,-0.27588,-0.27588,-0.27588,-0.27588,-0.27588,-0.28711,-0.32666,-0.32666,-0.33154,-0.33154,-0.33154,-0.33154,-0.33154,-0.33154,-0.34961,-0.34961,-0.34961,-0.33691,-0.33691,-0.33691,-0.33691,-0.33691,-0.33691,-0.33008,-0.34717,-0.34326,-0.34326,-0.33447,-0.33447,-0.34521,-0.34521,-0.34521,-0.34521,-0.34521,-0.34521,-0.35303,-0.37549,-0.37549,-0.38184,-0.38184,-0.38184,-0.38623,-0.3877,-0.3877,-0.3877,-0.3877,-0.3877,-0.3877,-0.3877,-0.3877,-0.38379,-0.38281,-0.38281,-0.38281
-0.38281,-0.38281,-0.38281,-0.38281,-0.38232,-0.38672,-0.38672,-0.38672,-0.38672,-0.38672,-0.38672,-0.38574,-0.38135,-0.38037,-0.37891,-0.37891,-0.37891,-0.37891,-0.37891,-0.37891,-0.37012,-0.36719,-0.36719,-0.36719,-0.36719,-0.36719,-0.36719,-0.36182,-0.36182,-0.33203,-0.33203,-0.32227,-0.32227,-0.32227,-0.32227,-0.32227,-0.32227,-0.32227,-0.3208,-0.32471,-0.32715,-0.32715,-0.32715,-0.32715,-0.32715,-0.32715,-0.3291,-0.33447,-0.33447,-0.33447,-0.33447,-0.33447,-0.33447,-0.33447,-0.33887,-0.3418,-0.3418,-0.34424,-0.34424,-0.34424,-0.34424,-0.34424,-0.34424,-0.34033,-0.33643,-0.33643,-0.33643,-0.33643,-0.33643,-0.33643,-0.33447,-0.32861,-0.32861,-0.33203,-0.33203,-0.33203,-0.36035,-0.37354,-0.37354,-0.37354,-0.37354,-0.37354,-0.37354,-0.39453,-0.39697,-0.39697,-0.40039,-0.40039,-0.40039,-0.40039,-0.40039,-0.40039,-0.40039,-0.39648,-0.39844,-0.38867,-0.38867,-0.37939,-0.37939,-0.37939,-0.37939,-0.37939,-0.38232,-0.38477,-0.37451,-0.37451,-0.37451,-0.38086,-0.38086,-0.38086,-0.38086,-0.38086,-0.38672,-0.38672,-0.39648,-0.40088,-0.40381,-0.40381,-0.40381,-0.40381,-0.40381,-0.40381,-0.40479,-0.40332,-0.40088,-0.39941,-0.39941,-0.39941,-0.39941,-0.39941
-0.39941,-0.39941,-0.39941,-0.40332,-0.40576,-0.40576,-0.40576,-0.40576,-0.40576,-0.40527,-0.3999,-0.39648,-0.39502,-0.39502,-0.39502,-0.39502,-0.39502,-0.39502,-0.39502,-0.39209,-0.38281,-0.38281,-0.37891,-0.37305,-0.37305,-0.36572,-0.36572,-0.35742,-0.35156,-0.35156,-0.35156,-0.35156,-0.35156,-0.35156,-0.34521,-0.33691,-0.33447,-0.3335,-0.3335,-0.3335,-0.3335,-0.3335,-0.3335,-0.3335,-0.33398,-0.33838,-0.34033,-0.34033,-0.34033,-0.34033,-0.34033,-0.34033,-0.34033,-0.34375,-0.34473,-0.34814,-0.3457,-0.3457,-0.3457,-0.3457,-0.3457,-0.3457,-0.3457,-0.33545,-0.30322,-0.30322,-0.29346,-0.29346,-0.28809,-0.29102,-0.29102,-0.29102,-0.29102,-0.29102,-0.29395,-0.31592,-0.32715,-0.33398,-0.33398,-0.33398,-0.33398,-0.33398,-0.33398,-0.33789,-0.35205,-0.35107,-0.35107,-0.35107,-0.35107,-0.35107,-0.35107,-0.33643,-0.34033,-0.34717,-0.34717,-0.34717,-0.34717,-0.34717,-0.34717,-0.34814,-0.34375,-0.35449,-0.36182,-0.36182,-0.36768,-0.36768,-0.36768,-0.37256,-0.37695,-0.37695,-0.37695,-0.37695,-0.37695,-0.37793,-0.37549,-0.37549,-0.37207,-0.37207,-0.37207,-0.37207,-0.37207,-0.37207,-0.37207,-0.37207,-0.37207,-0.37207,-0.37207,-0.37207,-0.37207,-0.37646
-0.37207,-0.37207,-0.37207,-0.37207,-0.37207,-0.37207,-0.37207,-0.37207,-0.37646,-0.37646,-0.37207,-0.37207,-0.37207,-0.37207,-0.37207,-0.36768,-0.36621,-0.36621,-0.36621,-0.36621,-0.36621,-0.36621,-0.36377,-0.35596,-0.34863,-0.34863,-0.34863,-0.34863,-0.34863,-0.33936,-0.33936,-0.30518,-0.30029,-0.30029,-0.30029,-0.30078,-0.30029,-0.30029,-0.30029,-0.30029,-0.30029,-0.30029,-0.30469,-0.30469,-0.31152,-0.31543,-0.31543,-0.31543,-0.31543,-0.31543,-0.31543,-0.31543,-0.31543,-0.31543,-0.32471,-0.32471,-0.32471,-0.31592,-0.31592,-0.30811,-0.30811,-0.30811,-0.30811,-0.30811,-0.30811,-0.30566,-0.30029,-0.30029,-0.30029,-0.29639,-0.29639,-0.29492,-0.29492,-0.29492,-0.29492,-0.29492,-0.29492,-0.29492,-0.30762,-0.32861,-0.32861,-0.32861,-0.32861,-0.32861,-0.32861,-0.32861,-0.33203,-0.33008,-0.33008,-0.33008,-0.33008,-0.33008,-0.31396,-0.30908,-0.31396,-0.31396,-0.31396,-0.31396,-0.31396,-0.31396,-0.31934,-0.31445,-0.31445,-0.32031,-0.3252,-0.3252,-0.32861,-0.32861,-0.33154,-0.33154,-0.33154,-0.33154,-0.33154,-0.33154,-0.33301,-0.33203,-0.32959,-0.32764,-0.32764,-0.32764,-0.32666,-0.32666,-0.32666,-0.32813,-0.32813,-0.32813,-0.32813,-0.32813,-0.32813,-0.32666
-0.32666,-0.32813,-0.32813,-0.32813,-0.32813,-0.32813,-0.32813,-0.32666,-0.32666,-0.32666,-0.32666,-0.32666,-0.32666,-0.32666,-0.32031,-0.31885,-0.31885,-0.31689,-0.31689,-0.31689,-0.31689,-0.31689,-0.31543,-0.31543,-0.30908,-0.3042,-0.3042,-0.3042,-0.29785,-0.29785,-0.29248,-0.29248,-0.29248,-0.29248,-0.29248,-0.29248,-0.29248,-0.2832,-0.28223,-0.28467,-0.28467,-0.28711,-0.28711,-0.28711,-0.28711,-0.28711,-0.28711,-0.29053,-0.29785,-0.29932,-0.29932,-0.29932,-0.29932,-0.29932,-0.29932,-0.30371,-0.31006,-0.31006,-0.30371,-0.30371,-0.30371,-0.30371,-0.30371,-0.30371,-0.30371,-0.26855,-0.25537,-0.25537,-0.24512,-0.24512,-0.24316,-0.24316,-0.24268,-0.24268,-0.24268,-0.24268,-0.24268,-0.24268,-0.24268,-0.25195,-0.27002,-0.27295,-0.2749,-0.2749,-0.2749,-0.2749,-0.2749,-0.2749,-0.27881,-0.27979,-0.28809,-0.28809,-0.28809,-0.28809,-0.28809,-0.28809,-0.27783,-0.27783,-0.26709,-0.26709,-0.26709,-0.26709,-0.26709,-0.26709,-0.26709,-0.26514,-0.26221,-0.26953,-0.27539,-0.27539,-0.27539,-0.27539,-0.27539,-0.28125,-0.29004,-0.2915,-0.2915,-0.29102,-0.29102,-0.29102,-0.29102,-0.28955,-0.2832,-0.2832,-0.28027,-0.27979,-0.27979,-0.27979,-0.27979,-0.27979
-0.27979,-0.27979,-0.27979,-0.28223,-0.29004,-0.29297,-0.29199,-0.29199,-0.29199,-0.29199,-0.29199,-0.29199,-0.28857,-0.27881,-0.2749,-0.2749,-0.271,-0.271,-0.271,-0.271,-0.271,-0.271,-0.26709,-0.26709,-0.26123,-0.24805,-0.24805,-0.23975,-0.23975,-0.23242,-0.22754,-0.22754,-0.2207,-0.2207,-0.2207,-0.2207,-0.2207,-0.2207,-0.21875,-0.21875,-0.21875,-0.21484,-0.21484,-0.22021,-0.22461,-0.22461,-0.22461,-0.22461,-0.22461,-0.22949,-0.22949,-0.24902,-0.24902,-0.24902,-0.24902,-0.24902,-0.24902,-0.25879,-0.27686,-0.28369,-0.28662,-0.28662,-0.28662,-0.28662,-0.28662,-0.28662,-0.28418,-0.27832,-0.27588,-0.27637,-0.27637,-0.27832,-0.27832,-0.27832,-0.28516,-0.28516,-0.30859,-0.30859,-0.32617,-0.32617,-0.34326,-0.34326,-0.34326,-0.34326,-0.34326,-0.35254,-0.35889,-0.35889,-0.35938,-0.35693,-0.35693,-0.35693,-0.35693,-0.35693,-0.35693,-0.33789,-0.31592,-0.31592,-0.31592,-0.31592,-0.31592,-0.31592,-0.31592,-0.31592,-0.30322,-0.29346,-0.29346,-0.29346,-0.29346,-0.29346,-0.29346,-0.29932,-0.31836,-0.32178,-0.32471,-0.32471,-0.32617,-0.32617,-0.32617,-0.3252,-0.32275,-0.32275,-0.32275,-0.32275,-0.32275,-0.32275,-0.32275,-0.31348,-0.31299,-0.31299
-0.31445,-0.31787,-0.31787,-0.31787,-0.31787,-0.31787,-0.31787,-0.32275,-0.32568,-0.32324,-0.31982,-0.31982,-0.31982,-0.31982,-0.31982,-0.31982,-0.31543,-0.30225,-0.30225,-0.29736,-0.29736,-0.29736,-0.29736,-0.29736,-0.29736,-0.29248,-0.27344,-0.27344,-0.27344,-0.26514,-0.26514,-0.25391,-0.25391,-0.24512,-0.23975,-0.23975,-0.23975,-0.23975,-0.23975,-0.23975,-0.23682,-0.23535,-0.23975,-0.23975,-0.24463,-0.24463,-0.24463,-0.24463,-0.24463,-0.24463,-0.25,-0.25879,-0.26123,-0.26123,-0.26123,-0.26123,-0.26123,-0.26123,-0.26709,-0.26709,-0.26904,-0.271,-0.271,-0.271,-0.271,-0.271,-0.271,-0.27051,-0.26416,-0.26123,-0.26123,-0.26318,-0.26563,-0.26563,-0.26563,-0.26563,-0.26563,-0.26563,-0.26074,-0.26221,-0.26709,-0.26709,-0.2749,-0.2749,-0.2749,-0.2749,-0.2749,-0.2749,-0.28174,-0.28564,-0.29053,-0.29053,-0.2959,-0.2959,-0.2959,-0.2959,-0.2959,-0.2959,-0.28809,-0.25928,-0.25928,-0.25977,-0.25977,-0.25977,-0.25977,-0.25977,-0.27002,-0.26611,-0.26807,-0.27881,-0.27881,-0.27881,-0.27881,-0.27881,-0.27881,-0.28662,-0.30322,-0.30322,-0.30713,-0.30713,-0.30908,-0.30908,-0.30908,-0.30908,-0.30908,-0.30908,-0.30957,-0.30615,-0.30469,-0.30469
-0.30566,-0.30566,-0.30566,-0.30566,-0.31885,-0.32178,-0.32178,-0.32275,-0.32275,-0.32275,-0.32275,-0.32275,-0.32275,-0.32227,-0.32129,-0.32129,-0.32129,-0.32129,-0.32129,-0.32129,-0.31934,-0.31445,-0.31201,-0.30859,-0.30859,-0.30859,-0.30859,-0.30859,-0.30859,-0.30371,-0.28027,-0.28027,-0.27393,-0.27051,-0.27051,-0.27051,-0.27051,-0.27051,-0.27051,-0.27295,-0.27979,-0.27979,-0.28516,-0.29053,-0.29053,-0.29053,-0.29053,-0.29053,-0.29053,-0.29053,-0.30273,-0.30518,-0.30908,-0.30908,-0.30908,-0.30908,-0.30908,-0.30908,-0.31006,-0.30713,-0.30713,-0.30127,-0.29297,-0.29297,-0.29297,-0.29297,-0.29297,-0.28809,-0.28809,-0.27783,-0.27539,-0.27539,-0.27734,-0.27734,-0.28418,-0.28418,-0.29736,-0.29736,-0.29736,-0.29736,-0.29736,-0.29736,-0.30762,-0.31543,-0.31494,-0.31738,-0.31738,-0.31738,-0.31738,-0.31738,-0.31738,-0.32959,-0.3252,-0.3252,-0.3252,-0.3252,-0.3252,-0.3252,-0.3042,-0.31006,-0.31006,-0.30713,-0.30713,-0.30713,-0.30713,-0.30713,-0.30713,-0.2959,-0.31152,-0.32031,-0.32764,-0.32764,-0.33496,-0.33496,-0.33496,-0.33496,-0.34131,-0.34766,-0.34717,-0.34717,-0.34473,-0.34473,-0.34131,-0.33789,-0.33789,-0.33789,-0.33789,-0.33789,-0.33643,-0.33643
-0.33789,-0.33643,-0.33643,-0.33984,-0.34229,-0.34277,-0.34277,-0.34277,-0.34277,-0.34277,-0.34277,-0.34229,-0.33691,-0.33691,-0.33691,-0.33691,-0.33691,-0.33691,-0.33154,-0.33008,-0.3291,-0.3291,-0.3291,-0.3291,-0.3291,-0.3291,-0.3291,-0.32666,-0.3125,-0.3125,-0.30762,-0.30762,-0.30566,-0.30566,-0.30566,-0.30566,-0.30566,-0.30566,-0.30762,-0.31396,-0.31396,-0.31982,-0.31982,-0.31982,-0.31982,-0.31982,-0.31982,-0.31982,-0.33301,-0.33545,-0.33545,-0.33643,-0.33887,-0.33887,-0.33887,-0.33887,-0.33887,-0.34033,-0.34229,-0.34229,-0.34229,-0.33789,-0.33789,-0.33789,-0.33789,-0.33789,-0.33789,-0.33789,-0.31494,-0.31494,-0.30859,-0.30859,-0.30859,-0.30859,-0.30859,-0.30469,-0.3125,-0.3125,-0.32178,-0.33105,-0.33105,-0.33105,-0.33789,-0.34277,-0.3501,-0.3501,-0.3501,-0.3501,-0.3501,-0.3501,-0.35254,-0.35791,-0.34326,-0.3457,-0.3457,-0.34229,-0.32959,-0.32959,-0.32959,-0.32959,-0.32959,-0.32959,-0.33252,-0.33252,-0.32764,-0.32764,-0.32764,-0.32764,-0.32764,-0.32764,-0.31982,-0.34375,-0.34375,-0.3501,-0.3501,-0.3501,-0.3501,-0.3501,-0.3501,-0.35498,-0.35938,-0.35938,-0.35938,-0.35742,-0.35449,-0.35449,-0.35449,-0.35449,-0.35449,-0.35449
-0.35596,-0.35596,-0.36377,-0.36377,-0.36377,-0.36768,-0.36768,-0.36768,-0.36768,-0.36768,-0.36963,-0.3667,-0.36572,-0.36523,-0.36523,-0.36523,-0.36523,-0.36523,-0.36523,-0.36328,-0.35889,-0.35742,-0.354,-0.354,-0.354,-0.354,-0.354,-0.354,-0.34863,-0.33398,-0.33398,-0.33301,-0.33301,-0.32764,-0.32764,-0.32764,-0.32764,-0.32764,-0.32764,-0.32422,-0.32422,-0.32617,-0.32764,-0.32764,-0.32764,-0.32764,-0.32764,-0.32764,-0.3291,-0.33398,-0.33594,-0.33594,-0.3374,-0.3374,-0.33984,-0.34033,-0.34033,-0.34033,-0.34033,-0.34033,-0.34033,-0.34277,-0.3335,-0.3252,-0.3252,-0.3252,-0.32031,-0.31836,-0.31836,-0.3125,-0.3125,-0.3125,-0.3125,-0.3125,-0.3125,-0.31006,-0.31006,-0.33594,-0.33594,-0.33594,-0.34131,-0.34521,-0.34521,-0.34668,-0.3501,-0.3501,-0.3501,-0.3501,-0.3501,-0.3501,-0.35254,-0.33838,-0.33008,-0.31885,-0.31885,-0.31885,-0.31885,-0.31885,-0.31885,-0.32813,-0.32813,-0.32813,-0.32813,-0.32813,-0.32813,-0.32813,-0.34033,-0.34033,-0.34375,-0.34766,-0.34766,-0.34766,-0.34766,-0.34766,-0.34766,-0.35156,-0.35986,-0.35986,-0.35938,-0.35938,-0.35498,-0.35498,-0.35498,-0.3501,-0.34473,-0.34473,-0.33984,-0.33984,-0.33691,-0.33691
-0.33691,-0.33691,-0.33545,-0.33545,-0.33545,-0.33545,-0.33545,-0.33496,-0.32861,-0.32471,-0.32031,-0.32031,-0.31689,-0.31689,-0.31689,-0.31689,-0.31689,-0.31689,-0.31348,-0.31396,-0.31348,-0.31348,-0.31348,-0.31348,-0.31348,-0.31348,-0.31348,-0.31348,-0.30273,-0.30273,-0.29492,-0.29492,-0.29492,-0.29492,-0.29492,-0.29492,-0.28613,-0.28613,-0.28613,-0.28613,-0.28613,-0.28613,-0.2793,-0.27881,-0.28369,-0.28369,-0.28857,-0.28857,-0.28857,-0.28857,-0.28857,-0.28857,-0.30371,-0.30371,-0.30664,-0.31104,-0.31104,-0.31104,-0.31934,-0.31934,-0.32227,-0.32227,-0.32227,-0.32227,-0.32227,-0.32275,-0.31445,-0.30811,-0.30469,-0.30469,-0.30469,-0.30469,-0.30469,-0.30469,-0.30664,-0.30127,-0.30273,-0.30273,-0.31445,-0.33105,-0.33105,-0.33105,-0.33105,-0.33105,-0.33105,-0.33105,-0.33105,-0.35742,-0.37549,-0.37549,-0.37549,-0.37549,-0.37549,-0.37549,-0.37549,-0.35742,-0.35742,-0.36182,-0.36035,-0.36035,-0.3457,-0.3457,-0.3457,-0.3457,-0.3457,-0.3457,-0.34326,-0.32227,-0.32227,-0.31348,-0.31348,-0.31348,-0.31348,-0.31348,-0.31348,-0.32129,-0.3374,-0.34424,-0.34961,-0.34961,-0.34961,-0.34961,-0.34961,-0.354,-0.354,-0.354,-0.35693,-0.35645,-0.354,-0.35254
-0.35254,-0.35254,-0.35254,-0.35742,-0.35986,-0.35889,-0.35889,-0.35889,-0.35889,-0.35889,-0.35889,-0.35889,-0.35645,-0.3457,-0.34277,-0.34277,-0.34277,-0.34277,-0.34277,-0.34277,-0.34277,-0.33545,-0.3335,-0.33008,-0.33008,-0.32568,-0.32568,-0.32568,-0.32568,-0.32568,-0.31885,-0.30713,-0.30713,-0.29736,-0.29736,-0.29736,-0.29736,-0.29736,-0.29736,-0.29541,-0.29541,-0.30225,-0.30713,-0.31299,-0.31299,-0.31934,-0.31934,-0.31934,-0.31934,-0.31934,-0.31934,-0.32568,-0.33447,-0.33447,-0.33936,-0.33936,-0.33936,-0.33936,-0.33936,-0.33936,-0.34131,-0.32764,-0.32764,-0.32764,-0.32764,-0.32764,-0.32764,-0.31836,-0.3042,-0.3042,-0.30127,-0.30127,-0.30127,-0.30127,-0.30127,-0.30127,-0.31445,-0.33203,-0.33643,-0.33643,-0.34033,-0.34521,-0.34521,-0.34521,-0.35107,-0.37402,-0.37402,-0.37402,-0.37402,-0.37402,-0.37402,-0.3877,-0.375,-0.375,-0.37549,-0.37354,-0.37354,-0.37354,-0.37354,-0.37354,-0.37354,-0.35986,-0.36328,-0.35254,-0.35254,-0.35254,-0.35254,-0.35254,-0.35254,-0.35254,-0.33887,-0.34521,-0.35107,-0.35107,-0.35107,-0.35107,-0.35107,-0.35107,-0.35742,-0.3667,-0.36768,-0.3667,-0.3667,-0.3623,-0.3623,-0.3623,-0.3623,-0.3623,-0.3623,-0.35645
-0.34814,-0.34814,-0.34717,-0.34717,-0.34717,-0.34717,-0.34717,-0.34717,-0.3335,-0.3335,-0.32861,-0.32861,-0.32861,-0.32861,-0.32861,-0.32861,-0.32471,-0.31592,-0.31592,-0.31592,-0.31592,-0.31592,-0.31592,-0.31592,-0.31152,-0.30908,-0.30566,-0.30566,-0.30566,-0.30566,-0.30566,-0.30566,-0.30078,-0.29443,-0.29736,-0.29736,-0.30176,-0.30176,-0.30371,-0.30762,-0.30762,-0.30762,-0.31543,-0.31543,-0.31543,-0.31543,-0.31543,-0.33447,-0.33984,-0.33984,-0.34424,-0.34424,-0.34424,-0.34424,-0.34424,-0.34424,-0.36182,-0.3623,-0.3623,-0.3623,-0.3623,-0.3623,-0.3623,-0.36279,-0.34082,-0.34082,-0.33398,-0.33398,-0.33398,-0.33398,-0.33398,-0.33398,-0.3252,-0.32568,-0.32568,-0.33105,-0.33105,-0.34814,-0.34814,-0.36035,-0.36035,-0.36914,-0.36914,-0.375,-0.375,-0.38232,-0.38232,-0.38232,-0.38232,-0.38232,-0.38232,-0.39014,-0.40137,-0.38379,-0.37793,-0.37793,-0.37793,-0.37793,-0.37793,-0.37793,-0.37842,-0.35986,-0.35986,-0.35986,-0.35986,-0.35986,-0.35986,-0.35986,-0.34619,-0.3501,-0.3501,-0.35791,-0.35791,-0.35791,-0.35791,-0.35791,-0.35791,-0.36475,-0.37549,-0.37891,-0.38086,-0.38086,-0.38135,-0.38135,-0.38135,-0.38135,-0.38135,-0.38135,-0.38037,-0.37549
-0.37451,-0.37451,-0.37451,-0.37695,-0.38086,-0.37939,-0.37646,-0.37646,-0.37207,-0.37207,-0.37207,-0.37207,-0.37207,-0.37207,-0.36719,-0.36719,-0.35352,-0.34912,-0.34912,-0.34912,-0.34912,-0.34912,-0.34912,-0.34912,-0.34521,-0.33789,-0.3335,-0.32813,-0.32813,-0.32813,-0.32813,-0.32813,-0.32813,-0.32031,-0.32031,-0.31152,-0.31055,-0.30713,-0.30713,-0.30859,-0.30859,-0.30859,-0.30859,-0.30859,-0.30859,-0.31836,-0.32813,-0.32813,-0.33301,-0.33301,-0.33691,-0.33691,-0.33691,-0.33691,-0.33691,-0.33691,-0.33936,-0.34668,-0.35156,-0.35303,-0.35303,-0.35303,-0.35303,-0.35303,-0.35303,-0.35449,-0.34814,-0.34131,-0.33789,-0.33789,-0.33789,-0.33789,-0.33789,-0.33789,-0.33984,-0.33301,-0.33154,-0.33154,-0.33447,-0.3457,-0.3457,-0.3457,-0.3501,-0.35547,-0.35547,-0.35547,-0.35547,-0.35547,-0.35547,-0.3584,-0.37402,-0.38184,-0.38232,-0.38232,-0.38232,-0.38232,-0.38232,-0.38232,-0.37793,-0.37793,-0.34668,-0.34668,-0.34668,-0.34668,-0.34668,-0.34668,-0.34668,-0.34668,-0.34668,-0.34668,-0.34668,-0.34326,-0.34961,-0.34961,-0.354,-0.354,-0.354,-0.354,-0.354,-0.354,-0.37207,-0.37842,-0.38379,-0.38379,-0.38379,-0.38379,-0.38379,-0.38379,-0.38721,-0.38623
-0.37793,-0.37793,-0.37793,-0.37793,-0.37793,-0.38086,-0.37939,-0.37695,-0.37695,-0.37695,-0.37695,-0.37695,-0.37695,-0.37256,-0.36475,-0.36182,-0.35938,-0.35938,-0.35938,-0.35938,-0.35938,-0.35938,-0.35693,-0.35205,-0.34766,-0.34033,-0.34033,-0.33203,-0.33203,-0.33203,-0.33203,-0.33203,-0.33203,-0.32129,-0.30127,-0.29346,-0.29346,-0.2915,-0.2915,-0.2915,-0.29004,-0.29004,-0.29004,-0.29004,-0.29004,-0.29004,-0.29004,-0.29297,-0.30029,-0.30029,-0.30225,-0.30225,-0.30225,-0.30225,-0.30225,-0.30225,-0.30273,-0.30859,-0.30957,-0.31055,-0.31055,-0.31055,-0.31055,-0.31055,-0.31055,-0.30859,-0.29346,-0.28418,-0.28223,-0.28223,-0.2832,-0.2832,-0.2832,-0.2832,-0.2832,-0.2832,-0.27197,-0.27197,-0.26172,-0.26611,-0.27148,-0.27148,-0.28027,-0.28027,-0.28027,-0.28027,-0.28027,-0.28027,-0.28564,-0.29395,-0.30176,-0.31348,-0.31348,-0.31348,-0.31348,-0.31348,-0.31348,-0.32666,-0.33301,-0.33496,-0.33496,-0.33496,-0.33496,-0.33496,-0.33496,-0.31689,-0.32568,-0.32568,-0.32471,-0.32471,-0.32471,-0.32471,-0.32471,-0.32471,-0.32227,-0.33203,-0.33203,-0.34033,-0.34033,-0.34912,-0.34912,-0.34912,-0.34912,-0.34912,-0.35693,-0.35693,-0.3667,-0.36816,-0.36816,-0.36719
-0.35742,-0.35742,-0.36084,-0.36084,-0.36084,-0.36084,-0.36084,-0.36084,-0.36377,-0.36377,-0.36377,-0.36377,-0.36182,-0.36182,-0.36182,-0.36182,-0.36182,-0.36182,-0.36035,-0.3501,-0.3501,-0.34717,-0.34717,-0.34717,-0.34717,-0.34717,-0.34717,-0.34375,-0.31641,-0.31641,-0.30469,-0.30469,-0.29297,-0.29297,-0.29443,-0.29443,-0.29541,-0.29541,-0.29541,-0.29541,-0.29541,-0.29541,-0.29395,-0.29248,-0.29346,-0.29395,-0.29395,-0.29395,-0.29395,-0.29395,-0.29395,-0.29443,-0.29541,-0.29541,-0.29541,-0.29541,-0.29541,-0.29541,-0.29541,-0.29688,-0.29883,-0.29834,-0.29834,-0.29834,-0.29834,-0.29834,-0.29834,-0.29834,-0.2749,-0.2749,-0.271,-0.26709,-0.26709,-0.26709,-0.26709,-0.26709,-0.26709,-0.25732,-0.25732,-0.25732,-0.28223,-0.30127,-0.31592,-0.31592,-0.31592,-0.31592,-0.31592,-0.31592,-0.3252,-0.34863,-0.36084,-0.36719,-0.36719,-0.36719,-0.36719,-0.36719,-0.36719,-0.36719,-0.35547,-0.34375,-0.3335,-0.3335,-0.3335,-0.3335,-0.3335,-0.3335,-0.33691,-0.33203,-0.32031,-0.33105,-0.33105,-0.34229,-0.34229,-0.34229,-0.34229,-0.34229,-0.34229,-0.34961,-0.35938,-0.36523,-0.36963,-0.36963,-0.36963,-0.36963,-0.36963,-0.36963,-0.36963,-0.37158,-0.36768,-0.36768
-0.35938,-0.35938,-0.35938,-0.35693,-0.36719,-0.36719,-0.37061,-0.37061,-0.37061,-0.37061,-0.37061,-0.37061,-0.36328,-0.36328,-0.36035,-0.35596,-0.35596,-0.35596,-0.35596,-0.35596,-0.35596,-0.35205,-0.34326,-0.33643,-0.32861,-0.32861,-0.31982,-0.31982,-0.31982,-0.31982,-0.31982,-0.31982,-0.31104,-0.31104,-0.28613,-0.28613,-0.28467,-0.28467,-0.28467,-0.28467,-0.28467,-0.28467,-0.28271,-0.29004,-0.29004,-0.29004,-0.29004,-0.29004,-0.29004,-0.29297,-0.29834,-0.30029,-0.30273,-0.30273,-0.30273,-0.30273,-0.30273,-0.30273,-0.30615,-0.30615,-0.30615,-0.30615,-0.30615,-0.28564,-0.28564,-0.27783,-0.27783,-0.27832,-0.27832,-0.27832,-0.27832,-0.27832,-0.2793,-0.2793,-0.26563,-0.27002,-0.27344,-0.27344,-0.27344,-0.29688,-0.29688,-0.30225,-0.30225,-0.30225,-0.30225,-0.30225,-0.30225,-0.3042,-0.32324,-0.32324,-0.32324,-0.32324,-0.32715,-0.29883,-0.29883,-0.29688,-0.29688,-0.29688,-0.29688,-0.29688,-0.29688,-0.29688,-0.29395,-0.29541,-0.30615,-0.30615,-0.31543,-0.31543,-0.31543,-0.31543,-0.31543,-0.31543,-0.32227,-0.33984,-0.34619,-0.34619,-0.34619,-0.34619,-0.34619,-0.34619,-0.34619,-0.35449,-0.354,-0.35254,-0.35254,-0.3501,-0.3501,-0.3501,-0.3501,-0.3501
-0.3501,-0.3501,-0.34814,-0.35156,-0.35693,-0.35693,-0.35693,-0.35693,-0.35693,-0.35693,-0.35693,-0.35693,-0.34863,-0.34863,-0.34717,-0.34717,-0.34717,-0.34717,-0.34717,-0.34375,-0.34375,-0.33252,-0.33252,-0.32715,-0.32715,-0.32129,-0.32129,-0.32129,-0.32129,-0.32129,-0.32129,-0.30615,-0.30811,-0.30811,-0.30762,-0.30762,-0.30762,-0.30762,-0.30762,-0.30762,-0.30762,-0.3291,-0.3291,-0.3291,-0.3291,-0.3335,-0.3335,-0.34424,-0.34424,-0.34424,-0.34424,-0.34424,-0.34424,-0.33838,-0.33057,-0.31934,-0.31934,-0.31934,-0.31934,-0.31934,-0.31934,-0.30908,-0.29248,-0.29248,-0.29102,-0.29102,-0.2959,-0.2959,-0.31299,-0.31299,-0.33154,-0.33154,-0.33154,-0.33154,-0.33154,-0.34863,-0.36279,-0.36426,-0.36426,-0.36426,-0.36426,-0.36426,-0.36426,-0.36426,-0.36084,-0.35498,-0.35498,-0.34717,-0.34717,-0.34717,-0.34717,-0.33789,-0.34424,-0.34863,-0.33398,-0.33398,-0.33398,-0.33398,-0.33398,-0.33398,-0.32617,-0.34717,-0.34717,-0.35352,-0.35352,-0.35986,-0.35986,-0.35986,-0.35986,-0.35986,-0.35986,-0.36963,-0.36719,-0.36719,-0.36719,-0.36719,-0.36719,-0.36719,-0.36377,-0.36328,-0.3667,-0.3667,-0.3667,-0.3667,-0.3667,-0.3667,-0.3667,-0.36914,-0.37109,-0.37012
-0.36328,-0.3667,-0.3667,-0.3667,-0.3667,-0.3667,-0.3667,-0.3667,-0.36914,-0.37109,-0.37012,-0.36963,-0.36963,-0.37061,-0.37061,-0.37061,-0.37061,-0.37061,-0.37061,-0.37061,-0.36768,-0.3667,-0.3667,-0.36523,-0.36523,-0.36523,-0.36523,-0.36523,-0.3623,-0.3623,-0.34961,-0.34033,-0.33008,-0.33008,-0.32275,-0.32275,-0.32275,-0.32275,-0.32275,-0.32275,-0.32617,-0.32617,-0.33008,-0.3335,-0.3335,-0.3335,-0.3335,-0.3335,-0.3335,-0.33643,-0.3418,-0.34424,-0.34424,-0.34424,-0.34424,-0.34424,-0.34619,-0.35254,-0.35205,-0.35205,-0.3501,-0.3501,-0.3501,-0.3501,-0.3501,-0.3501,-0.34521,-0.3208,-0.3208,-0.32031,-0.32031,-0.31299,-0.31299,-0.31299,-0.31299,-0.31299,-0.30127,-0.29492,-0.30371,-0.30371,-0.31738,-0.31738,-0.31738,-0.3457,-0.3457,-0.3457,-0.3457,-0.3457,-0.3457,-0.36475,-0.36475,-0.37061,-0.37451,-0.37451,-0.37451,-0.37451,-0.37451,-0.37451,-0.36377,-0.34912,-0.34912,-0.3457,-0.3457,-0.36084,-0.36328,-0.36328,-0.35693,-0.35693,-0.35693,-0.35693,-0.35693,-0.35693,-0.34668,-0.35742,-0.36426,-0.36426,-0.37158,-0.37891,-0.37891,-0.37891,-0.37891,-0.37891,-0.37891,-0.37891,-0.38525,-0.3916,-0.3916,-0.38965,-0.38965,-0.38965
-0.3877,-0.3877,-0.3877,-0.3877,-0.3877,-0.39111,-0.39893,-0.40039,-0.40039,-0.40039,-0.40039,-0.40039,-0.40039,-0.39795,-0.40039,-0.39941,-0.39941,-0.39941,-0.39941,-0.39941,-0.39941,-0.39844,-0.38867,-0.38867,-0.38135,-0.38135,-0.38135,-0.38135,-0.38135,-0.38135,-0.37354,-0.36963,-0.36963,-0.36475,-0.36279,-0.36279,-0.36279,-0.36279,-0.36279,-0.36279,-0.36523,-0.37207,-0.37451,-0.37451,-0.37451,-0.37451,-0.37451,-0.37451,-0.37744,-0.38135,-0.38623,-0.38623,-0.38623,-0.38623,-0.38623,-0.38623,-0.38623,-0.38818,-0.39551,-0.39258,-0.39258,-0.38623,-0.38623,-0.38623,-0.38623,-0.38623,-0.38623,-0.38232,-0.36523,-0.36475,-0.36475,-0.36475,-0.36475,-0.36475,-0.36475,-0.36523,-0.38623,-0.3999,-0.40967,-0.40967,-0.41504,-0.41504,-0.41504,-0.41504,-0.41504,-0.4165,-0.40527,-0.40527,-0.40088,-0.40088,-0.40088,-0.40088,-0.40088,-0.40088,-0.40088,-0.39258,-0.396,-0.38721,-0.38721,-0.38721,-0.38721,-0.38721,-0.38721,-0.39746,-0.40283,-0.40283,-0.40869,-0.40869,-0.41504,-0.41504,-0.41504,-0.41504,-0.41504,-0.41504,-0.42822,-0.42822,-0.42871,-0.42725,-0.42725,-0.42725,-0.42725,-0.42725,-0.42725,-0.42383,-0.4209,-0.4209,-0.4209,-0.4209,-0.4209,-0.4209
-0.4209,-0.4209,-0.4209,-0.4209,-0.42383,-0.43213,-0.43408,-0.43457,-0.43457,-0.43457,-0.43457,-0.43457,-0.43457,-0.43408,-0.43408,-0.43408,-0.43213,-0.43213,-0.43213,-0.42969,-0.42676,-0.42676,-0.42676,-0.42676,-0.42676,-0.42676,-0.42334,-0.41016,-0.38916,-0.38916,-0.38916,-0.38916,-0.38916,-0.38916,-0.38916,-0.37891,-0.37891,-0.36523,-0.36475,-0.36572,-0.36572,-0.36816,-0.36816,-0.36816,-0.36816,-0.36816,-0.36816,-0.37744,-0.38086,-0.38086,-0.38086,-0.38086,-0.38086,-0.38086,-0.38086,-0.38232,-0.38818,-0.39111,-0.39258,-0.39258,-0.39258,-0.39258,-0.39258,-0.39258,-0.39063,-0.37402,-0.37109,-0.37109,-0.35986,-0.35986,-0.35986,-0.35986,-0.35986,-0.35986,-0.35107,-0.354,-0.354,-0.354,-0.36816,-0.36816,-0.37598,-0.38086,-0.38623,-0.38623,-0.38623,-0.38623,-0.38623,-0.38623,-0.39209,-0.39746,-0.39746,-0.39746,-0.39746,-0.39746,-0.39746,-0.39502,-0.38281,-0.38281,-0.38965,-0.38965,-0.38965,-0.38965,-0.38965,-0.39453,-0.3833,-0.39404,-0.40332,-0.40332,-0.41016,-0.41016,-0.41016,-0.41016,-0.41016,-0.41602,-0.41602,-0.42627,-0.42969,-0.43115,-0.43115,-0.43115,-0.43115,-0.42969,-0.42969,-0.42969,-0.42969,-0.42969,-0.42969,-0.42725,-0.42432,-0.42529
-0.42529,-0.42529,-0.42529,-0.42529,-0.42529,-0.4375,-0.44043,-0.44043,-0.44141,-0.44141,-0.44141,-0.44141,-0.44141,-0.44141,-0.43994,-0.44092,-0.44092,-0.43848,-0.43848,-0.43848,-0.43555,-0.43311,-0.43311,-0.43311,-0.43311,-0.43311,-0.43311,-0.43311,-0.40479,-0.39209,-0.39209,-0.37891,-0.36523,-0.36523,-0.36328,-0.36328,-0.36328,-0.36328,-0.35498,-0.35498,-0.35498,-0.35498,-0.35498,-0.354,-0.354,-0.35352,-0.35352,-0.35352,-0.35352,-0.35352,-0.35352,-0.35254,-0.34863,-0.34863,-0.3501,-0.3501,-0.3501,-0.3501,-0.3501,-0.3501,-0.34961,-0.3457,-0.33545,-0.32275,-0.32275,-0.32275,-0.32275,-0.32275,-0.32275,-0.31348,-0.29395,-0.28418,-0.2876,-0.2876,-0.29053,-0.29053,-0.29053,-0.29053,-0.29053,-0.29053,-0.30273,-0.33252,-0.34082,-0.3501,-0.3501,-0.3501,-0.3501,-0.3501,-0.3501,-0.3501,-0.35303,-0.35742,-0.35742,-0.35742,-0.35742,-0.35742,-0.35742,-0.35742,-0.33252,-0.33252,-0.33154,-0.33154,-0.33154,-0.33154,-0.33154,-0.33154,-0.33545,-0.33105,-0.33887,-0.34912,-0.34912,-0.35693,-0.35693,-0.35693,-0.35693,-0.35693,-0.35693,-0.36377,-0.36377,-0.37598,-0.37646,-0.37646,-0.37646,-0.37646,-0.37646,-0.37646,-0.37646,-0.37158,-0.37061,-0.37061
-0.37061,-0.37061,-0.37061,-0.37061,-0.37061,-0.37207,-0.37207,-0.37207,-0.37207,-0.37402,-0.37402,-0.37256,-0.37256,-0.37256,-0.37256,-0.37256,-0.37256,-0.37061,-0.36572,-0.36328,-0.36328,-0.36035,-0.35547,-0.35547,-0.35547,-0.35547,-0.35547,-0.35547,-0.34912,-0.33496,-0.32959,-0.32227,-0.32227,-0.31982,-0.31982,-0.31641,-0.31641,-0.31494,-0.31592,-0.31592,-0.31592,-0.31592,-0.31592,-0.31592,-0.31689,-0.31885,-0.31982,-0.31982,-0.31982,-0.31982,-0.31982,-0.31982,-0.31982,-0.31982,-0.31885,-0.31885,-0.31689,-0.31689,-0.31689,-0.30859,-0.2959,-0.2959,-0.2959,-0.2959,-0.2959,-0.2959,-0.28516,-0.27734,-0.27246,-0.27246,-0.27295,-0.27295,-0.27295,-0.27295,-0.27295,-0.27295,-0.28076,-0.30762,-0.3125,-0.31641,-0.3208,-0.3208,-0.3208,-0.3208,-0.3208,-0.32324,-0.32422,-0.32422,-0.32129,-0.32129,-0.32129,-0.32129,-0.32129,-0.32129,-0.3252,-0.32666,-0.31445,-0.31592,-0.31592,-0.31592,-0.31592,-0.31592,-0.31592,-0.31543,-0.29639,-0.28955,-0.29346,-0.29346,-0.29346,-0.29346,-0.29346,-0.29346,-0.30029,-0.3125,-0.31836,-0.32227,-0.32227,-0.32422,-0.32422,-0.32422,-0.32422,-0.32422,-0.32422,-0.32422,-0.32373,-0.31445,-0.31445,-0.31152,-0.31152,-0.31152
-0.31152,-0.31152,-0.31152,-0.30957,-0.31445,-0.31445,-0.31445,-0.31445,-0.31445,-0.31445,-0.31738,-0.31787,-0.31396,-0.31396,-0.31348,-0.31348,-0.31348,-0.31348,-0.31348,-0.31348,-0.30908,-0.30713,-0.30713,-0.30469,-0.30469,-0.30078,-0.30078,-0.30078,-0.30078,-0.30078,-0.30078,-0.29346,-0.271,-0.26172,-0.2583,-0.2583,-0.2583,-0.2583,-0.2583,-0.2583,-0.25537,-0.25146,-0.25537,-0.25879,-0.25879,-0.26074,-0.26074,-0.26074,-0.26074,-0.26074,-0.26074,-0.26318,-0.26611,-0.26611,-0.2666,-0.2666,-0.2666,-0.2666,-0.2666,-0.2666,-0.26807,-0.26904,-0.26904,-0.26221,-0.26221,-0.26221,-0.26221,-0.26221,-0.26221,-0.25537,-0.24902,-0.23926,-0.23242,-0.23242,-0.2334,-0.2334,-0.2334,-0.2334,-0.2334,-0.2334,-0.23535,-0.23535,-0.27197,-0.27197,-0.28174,-0.28174,-0.29102,-0.29102,-0.29639,-0.29639,-0.29639,-0.29639,-0.29639,-0.29639,-0.29346,-0.29346,-0.28467,-0.28613,-0.28613,-0.28613,-0.28613,-0.28613,-0.28613,-0.27246,-0.26172,-0.26709,-0.26465,-0.26465,-0.26465,-0.25342,-0.25244,-0.25244,-0.25244,-0.25244,-0.25244,-0.25244,-0.25781,-0.26855,-0.27393,-0.2793,-0.2793,-0.2793,-0.2793,-0.2793,-0.2793,-0.28369,-0.28564,-0.28369,-0.28369,-0.28076
-0.27686,-0.27686,-0.27148,-0.27197,-0.27197,-0.27148,-0.27148,-0.27148,-0.27148,-0.27148,-0.27148,-0.26953,-0.26172,-0.25781,-0.25635,-0.25635,-0.25635,-0.25439,-0.25391,-0.25391,-0.25391,-0.25391,-0.25391,-0.25391,-0.25391,-0.25342,-0.24902,-0.24902,-0.24463,-0.24463,-0.24463,-0.24463,-0.24463,-0.24463,-0.2373,-0.22461,-0.2207,-0.2207,-0.21826,-0.21826,-0.21582,-0.21582,-0.21582,-0.21582,-0.21582,-0.21582,-0.22559,-0.22559,-0.22559,-0.22559,-0.22559,-0.22559,-0.23779,-0.2417,-0.2417,-0.2417,-0.2417,-0.2417,-0.24805,-0.25146,-0.25342,-0.25342,-0.25049,-0.25049,-0.25049,-0.25049,-0.25049,-0.25049,-0.24268,-0.22949,-0.22754,-0.21777,-0.21777,-0.21777,-0.21777,-0.21777,-0.21777,-0.21094,-0.21582,-0.22559,-0.22559,-0.23438,-0.24609,-0.24609,-0.24609,-0.24609,-0.24609,-0.24609,-0.25586,-0.27539,-0.28027,-0.28027,-0.27979,-0.27979,-0.27979,-0.27979,-0.27979,-0.27979,-0.26807,-0.26465,-0.25342,-0.24463,-0.24463,-0.24463,-0.24463,-0.24658,-0.24658,-0.24658,-0.24658,-0.24658,-0.24658,-0.24365,-0.23779,-0.24414,-0.24414,-0.24902,-0.24902,-0.24902,-0.24902,-0.24902,-0.24902,-0.25391,-0.2627,-0.26514,-0.26563,-0.26563,-0.26367,-0.26367,-0.26367,-0.26367
-0.25,-0.25,-0.25,-0.25,-0.24951,-0.25244,-0.25244,-0.25098,-0.25098,-0.25098,-0.25098,-0.25098,-0.24756,-0.23877,-0.23633,-0.23633,-0.2334,-0.2334,-0.23047,-0.22852,-0.22852,-0.22852,-0.22852,-0.22852,-0.22852,-0.22607,-0.21387,-0.21387,-0.21387,-0.21387,-0.21387,-0.21387,-0.21387,-0.20654,-0.19189,-0.18799,-0.18066,-0.18066,-0.18066,-0.18066,-0.18066,-0.18066,-0.18018,-0.18506,-0.18896,-0.18896,-0.18896,-0.18896,-0.18896,-0.18896,-0.19189,-0.19775,-0.2002,-0.20264,-0.20264,-0.20264,-0.20264,-0.20264,-0.20264,-0.20703,-0.2124,-0.21436,-0.21436,-0.21338,-0.20801,-0.20801,-0.20801,-0.20801,-0.20801,-0.20801,-0.19775,-0.18506,-0.17627,-0.16895,-0.16895,-0.16895,-0.16895,-0.16895,-0.16895,-0.16602,-0.17334,-0.17334,-0.17334,-0.17725,-0.18018,-0.18018,-0.18018,-0.18018,-0.18018,-0.18018,-0.18018,-0.18408,-0.20508,-0.20508,-0.20068,-0.20068,-0.20068,-0.20068,-0.20068,-0.20068,-0.20215,-0.18359,-0.18359,-0.18457,-0.18457,-0.18457,-0.18457,-0.18457,-0.18457,-0.19092,-0.17871,-0.1875,-0.1875,-0.19238,-0.19873,-0.19873,-0.19873,-0.19873,-0.19873,-0.19873,-0.20508,-0.21826,-0.22363,-0.22754,-0.22754,-0.22754,-0.22754,-0.22754,-0.22754,-0.22754
-0.22217,-0.22217,-0.22217,-0.22217,-0.22217,-0.22217,-0.22803,-0.22607,-0.22607,-0.22168,-0.22168,-0.22168,-0.22168,-0.22168,-0.22168,-0.21484,-0.20508,-0.19922,-0.19336,-0.19336,-0.19336,-0.19336,-0.19336,-0.19336,-0.17432,-0.17432,-0.16602,-0.16602,-0.15674,-0.15674,-0.15674,-0.15674,-0.15674,-0.15674,-0.14844,-0.13477,-0.12842,-0.12842,-0.12891,-0.12891,-0.12891,-0.12891,-0.12891,-0.12891,-0.12891,-0.13672,-0.13672,-0.13672,-0.13672,-0.13672,-0.13672,-0.13965,-0.14453,-0.146,-0.14844,-0.14844,-0.14844,-0.14844,-0.14844,-0.14844,-0.15527,-0.1499,-0.1499,-0.13965,-0.13965,-0.13037,-0.13037,-0.13037,-0.13037,-0.13037,-0.13037,-0.12793,-0.12598,-0.12598,-0.13281,-0.13281,-0.13281,-0.13281,-0.13281,-0.13281,-0.15674,-0.16211,-0.16211,-0.16211,-0.16211,-0.16211,-0.16211,-0.16895,-0.18701,-0.18896,-0.18896,-0.18896,-0.18896,-0.18896,-0.18896,-0.18457,-0.17236,-0.16113,-0.1582,-0.1582,-0.1582,-0.1582,-0.1582,-0.1582,-0.16357,-0.16748,-0.16748,-0.17432,-0.17432,-0.18164,-0.18164,-0.18164,-0.18164,-0.18164,-0.18164,-0.18799,-0.20068,-0.20654,-0.21045,-0.21045,-0.21045,-0.21045,-0.21045,-0.21045,-0.21045,-0.21289,-0.21289,-0.2124,-0.2124,-0.2124
-0.2124,-0.2124,-0.2124,-0.21289,-0.22559,-0.22559,-0.22559,-0.22559,-0.22559,-0.22559,-0.23047,-0.23242,-0.23047,-0.22852,-0.22852,-0.22852,-0.22852,-0.22852,-0.22852,-0.22656,-0.21875,-0.21436,-0.20947,-0.20947,-0.20264,-0.20264,-0.20264,-0.20264,-0.20264,-0.20264,-0.19189,-0.16309,-0.14795,-0.13477,-0.13477,-0.12939,-0.12939,-0.12598,-0.12598,-0.12598,-0.12598,-0.12598,-0.12598,-0.12354,-0.12891,-0.13184,-0.13184,-0.13184,-0.13184,-0.13184,-0.13184,-0.13818,-0.14551,-0.14551,-0.14941,-0.14941,-0.14941,-0.14941,-0.14941,-0.14941,-0.1543,-0.15723,-0.15576,-0.15088,-0.15088,-0.14258,-0.14258,-0.14258,-0.14258,-0.14258,-0.14258,-0.14014,-0.13867,-0.13574,-0.13525,-0.13525,-0.13525,-0.13525,-0.13525,-0.13525,-0.13623,-0.146,-0.15479,-0.15479,-0.15479,-0.15479,-0.15479,-0.15479,-0.15479,-0.15479,-0.17676,-0.19092,-0.19092,-0.19092,-0.19482,-0.19092,-0.19092,-0.19092,-0.19092,-0.19092,-0.19092,-0.16162,-0.16113,-0.16113,-0.16797,-0.16797,-0.16797,-0.16797,-0.16797,-0.16797,-0.16699,-0.15137,-0.1626,-0.17236,-0.17236,-0.17969,-0.17969,-0.17969,-0.17969,-0.17969,-0.17969,-0.18701,-0.19824,-0.20117,-0.20117,-0.20117,-0.20117,-0.20117,-0.20117,-0.20117
-0.18799,-0.18799,-0.18799,-0.18799,-0.18994,-0.19629,-0.19727,-0.19727,-0.19678,-0.19678,-0.19385,-0.18848,-0.18848,-0.18848,-0.18848,-0.18848,-0.18848,-0.18555,-0.18115,-0.17822,-0.17627,-0.17627,-0.17627,-0.17627,-0.17627,-0.17627,-0.17627,-0.17383,-0.16602,-0.15967,-0.15234,-0.15234,-0.14795,-0.14795,-0.14795,-0.14795,-0.14795,-0.14795,-0.14844,-0.15088,-0.15039,-0.15039,-0.15039,-0.15039,-0.15039,-0.15039,-0.15283,-0.16406,-0.16406,-0.16797,-0.16797,-0.16797,-0.16797,-0.16797,-0.16797,-0.17188,-0.18262,-0.19141,-0.19727,-0.19727,-0.19727,-0.19727,-0.19727,-0.19727,-0.20313,-0.20215,-0.19531,-0.19531,-0.19336,-0.19385,-0.19385,-0.19385,-0.19385,-0.19385,-0.19385,-0.19385,-0.18945,-0.19287,-0.19727,-0.19727,-0.19824,-0.2041,-0.2041,-0.2041,-0.20898,-0.20898,-0.20898,-0.20898,-0.20898,-0.20898,-0.21191,-0.20898,-0.20898,-0.20898,-0.20898,-0.20898,-0.20898,-0.20654,-0.20557,-0.19092,-0.18457,-0.18457,-0.18457,-0.18457,-0.18457,-0.18457,-0.18994,-0.18604,-0.17676,-0.18604,-0.18604,-0.19385,-0.19385,-0.19385,-0.19385,-0.19385,-0.19385,-0.19922,-0.20605,-0.20801,-0.2085,-0.2085,-0.2085,-0.2085,-0.2085,-0.2085,-0.20752,-0.20264,-0.19922,-0.19922
-0.19385,-0.19385,-0.19385,-0.19385,-0.19385,-0.19385,-0.19385,-0.20068,-0.2002,-0.2002,-0.2002,-0.2002,-0.2002,-0.2002,-0.19775,-0.18945,-0.18604,-0.18115,-0.18115,-0.18115,-0.18115,-0.18115,-0.18115,-0.17627,-0.16455,-0.15625,-0.14697,-0.14697,-0.14697,-0.14697,-0.14697,-0.14697,-0.13721,-0.13721,-0.11279,-0.1084,-0.1084,-0.1084,-0.10449,-0.10107,-0.10107,-0.10156,-0.10156,-0.10156,-0.10156,-0.10156,-0.10156,-0.10352,-0.10352,-0.11084,-0.11084,-0.11426,-0.11426,-0.11426,-0.11426,-0.11426,-0.11426,-0.1167,-0.12256,-0.12695,-0.13184,-0.13184,-0.13184,-0.13184,-0.13184,-0.13184,-0.13135,-0.11523,-0.11133,-0.11133,-0.11133,-0.1084,-0.1084,-0.1084,-0.1084,-0.1084,-0.1084,-0.11035,-0.11035,-0.14014,-0.14014,-0.15283,-0.15283,-0.1626,-0.1626,-0.17041,-0.17041,-0.17041,-0.17041,-0.17041,-0.17041,-0.17041,-0.17041,-0.16992,-0.15674,-0.15674,-0.15479,-0.15479,-0.15479,-0.15479,-0.15479,-0.15479,-0.15479,-0.13477,-0.13867,-0.13428,-0.13428,-0.13428,-0.13428,-0.13428,-0.13428,-0.125,-0.125,-0.14697,-0.14697,-0.15234,-0.15234,-0.15234,-0.15234,-0.15234,-0.15234,-0.15723,-0.16504,-0.1665,-0.1665,-0.1665,-0.16504,-0.16504,-0.16504,-0.16504
-0.16309,-0.16504,-0.16504,-0.16504,-0.16504,-0.16504,-0.16504,-0.16846,-0.17041,-0.17041,-0.16455,-0.16455,-0.16455,-0.16455,-0.16455,-0.16455,-0.16455,-0.15186,-0.14648,-0.14648,-0.1416,-0.1416,-0.1416,-0.1416,-0.1416,-0.1416,-0.13623,-0.10889,-0.10889,-0.096191,-0.096191,-0.084473,-0.084473,-0.084473,-0.084473,-0.084473,-0.084473,-0.057129,-0.052734,-0.052734,-0.052734,-0.052734,-0.052734,-0.052734,-0.052734,-0.052734,-0.057129,-0.058594,-0.058594,-0.058594,-0.058594,-0.058594,-0.058594,-0.058594,-0.061035,-0.072266,-0.072266,-0.072266,-0.072266,-0.072266,-0.072266,-0.072266,-0.083984,-0.07666,-0.07666,-0.067383,-0.067383,-0.067383,-0.067383,-0.067383,-0.064941,-0.061523,-0.0625,-0.0625,-0.066895,-0.073242,-0.073242,-0.073242,-0.073242,-0.073242,-0.073242,-0.073242,-0.072754,-0.09375,-0.09375,-0.096191,-0.096191,-0.1001,-0.1001,-0.10645,-0.10645,-0.098145,-0.098145,-0.098145,-0.098145,-0.098145,-0.098145,-0.098145,-0.098145,-0.066895,-0.07959,-0.07959,-0.08252,-0.08252,-0.08252,-0.08252,-0.08252,-0.08252,-0.085449,-0.085449,-0.09375,-0.09375,-0.10059,-0.10059,-0.10645,-0.10645,-0.10645,-0.10645,-0.10645,-0.10645,-0.1123,-0.12354,-0.12354,-0.12354,-0.12354,-0.12354,-0.12354,-0.12354,-0.12354,-0.12012
-0.12061,-0.12402,-0.12402,-0.12402,-0.12402,-0.12402,-0.12402,-0.12793,-0.12939,-0.12646,-0.12305,-0.12305,-0.12305,-0.12305,-0.12305,-0.12305,-0.12305,-0.11963,-0.1084,-0.1084,-0.10449,-0.10449,-0.10449,-0.10449,-0.10449,-0.098145,-0.080566,-0.070313,-0.062012,-0.062012,-0.055664,-0.055664,-0.055664,-0.055664,-0.055664,-0.055664,-0.055664,-0.046387,-0.047363,-0.050781,-0.050781,-0.057129,-0.061035,-0.061035,-0.065918,-0.065918,-0.065918,-0.065918,-0.065918,-0.065918,-0.070801,-0.082031,-0.089355,-0.097656,-0.097656,-0.097656,-0.097656,-0.097656,-0.097656,-0.10303,-0.094727,-0.096191,-0.096191,-0.096191,-0.096191,-0.094238,-0.095215,-0.095215,-0.095215,-0.095215,-0.095215,-0.10889,-0.1123,-0.11865,-0.11865,-0.11865,-0.11865,-0.11865,-0.11865,-0.12354,-0.11523,-0.12256,-0.12256,-0.13281,-0.13281,-0.12207,-0.11914,-0.11914,-0.10596,-0.10596,-0.10596,-0.10596,-0.10596,-0.10596,-0.09082,-0.095703,-0.093262,-0.079102,-0.079102,-0.079102,-0.079102,-0.079102,-0.079102,-0.087891,-0.087891,-0.11182,-0.11963,-0.12695,-0.12695,-0.1333,-0.1333,-0.1333,-0.1333,-0.1333,-0.13818,-0.14111,-0.13818,-0.13477,-0.13477,-0.13477,-0.13477,-0.13477,-0.13477,-0.13135,-0.12793,-0.12939,-0.12939,-0.12939,-0.13135,-0.13135
-0.13135,-0.12793,-0.12939,-0.12939,-0.12939,-0.13135,-0.13135,-0.13135,-0.12988,-0.12988,-0.12988,-0.12988,-0.12988,-0.12988,-0.12695,-0.11426,-0.11426,-0.11426,-0.11426,-0.11426,-0.11426,-0.10352,-0.10107,-0.10107,-0.099121,-0.099121,-0.099121,-0.099121,-0.099121,-0.099121,-0.095215,-0.078125,-0.078125,-0.072754,-0.072754,-0.070313,-0.070313,-0.070313,-0.070313,-0.070313,-0.070313,-0.065918,-0.061035,-0.061523,-0.063965,-0.063965,-0.063965,-0.063965,-0.063965,-0.063965,-0.066895,-0.072754,-0.077148,-0.077148,-0.077148,-0.077148,-0.077148,-0.077148,-0.081543,-0.096191,-0.096191,-0.096191,-0.096191,-0.096191,-0.096191,-0.1001,-0.081055,-0.081055,-0.072266,-0.072266,-0.072266,-0.072266,-0.072266,-0.072266,-0.071777,-0.075195,-0.083008,-0.083008,-0.093262,-0.093262,-0.093262,-0.093262,-0.093262,-0.093262,-0.099121,-0.11377,-0.12061,-0.125,-0.125,-0.13135,-0.13135,-0.13721,-0.13721,-0.125,-0.12354,-0.12354,-0.12354,-0.12354,-0.12354,-0.12354,-0.12354,-0.11182,-0.10449,-0.10449,-0.10449,-0.10449,-0.10449,-0.10449,-0.09375,-0.10449,-0.10449,-0.11279,-0.11279,-0.11279,-0.11279,-0.11279,-0.11279,-0.11914,-0.13135,-0.13574,-0.13818,-0.13818,-0.13818,-0.13818,-0.13818,-0.13818,-0.13818,-0.13818,-0.13672,-0.12793
-0.12158,-0.12158,-0.12158,-0.12158,-0.12158,-0.12354,-0.12354,-0.12354,-0.12354,-0.12354,-0.12354,-0.11865,-0.1001,-0.1001,-0.1001,-0.1001,-0.1001,-0.1001,-0.085449,-0.082031,-0.082031,-0.078125,-0.078125,-0.078125,-0.078125,-0.078125,-0.078125,-0.078125,-0.058105,-0.049805,-0.043457,-0.043457,-0.044434,-0.044434,-0.044434,-0.044434,-0.044434,-0.044434,-0.041016,-0.041016,-0.041016,-0.041016,-0.041016,-0.040527,-0.040527,-0.040527,-0.040527,-0.040527,-0.040527,-0.071289,-0.077637,-0.077637,-0.077637,-0.077637,-0.077637,-0.077637,-0.077637,-0.1001,-0.10449,-0.10498,-0.10498,-0.10059,-0.10059,-0.10059,-0.10059,-0.10059,-0.10059,-0.093262,-0.092285,-0.09082,-0.091797,-0.091797,-0.091797,-0.091797,-0.091797,-0.091797,-0.1001,-0.12256,-0.13525,-0.14453,-0.14453,-0.15186,-0.15186,-0.15186,-0.15186,-0.15186,-0.15186,-0.15381,-0.15381,-0.1416,-0.13232,-0.13232,-0.12744,-0.12744,-0.12744,-0.12744,-0.12744,-0.11182,-0.10596,-0.10596,-0.10596,-0.10156,-0.10156,-0.10156,-0.10156,-0.10156,-0.090332,-0.10645,-0.1123,-0.11768,-0.11768,-0.11768,-0.11768,-0.11768,-0.11768,-0.12305,-0.13379,-0.13379,-0.13379,-0.13379,-0.13379,-0.13379,-0.12207,-0.1167,-0.11279,-0.11279,-0.11279,-0.11279,-0.11279,-0.11279
-0.11279,-0.11279,-0.11279,-0.11084,-0.11035,-0.10742,-0.10742,-0.10352,-0.098145,-0.098145,-0.098145,-0.098145,-0.098145,-0.098145,-0.091797,-0.091797,-0.084961,-0.080566,-0.080566,-0.080566,-0.080566,-0.080566,-0.080566,-0.07959,-0.076172,-0.073242,-0.073242,-0.068359,-0.068359,-0.068359,-0.068359,-0.068359,-0.068359,-0.054199,-0.054199,-0.054199,-0.054199,-0.054199,-0.054199,-0.050293,-0.046387,-0.048828,-0.052734,-0.052734,-0.052734,-0.052734,-0.052734,-0.052734,-0.056641,-0.072754,-0.072754,-0.072754,-0.072754,-0.072754,-0.072754,-0.072754,-0.078613,-0.10303,-0.10303,-0.10303,-0.10303,-0.10303,-0.10303,-0.104,-0.09668,-0.094727,-0.094727,-0.094727,-0.094727,-0.094727,-0.094727,-0.1123,-0.1123,-0.12939,-0.12939,-0.12939,-0.14941,-0.14941,-0.14941,-0.14941,-0.14941,-0.16406,-0.1792,-0.18262,-0.18262,-0.1792,-0.1792,-0.18066,-0.16602,-0.16602,-0.16602,-0.16602,-0.14551,-0.14551,-0.14551,-0.14551,-0.14551,-0.14551,-0.13086,-0.12598,-0.12598,-0.12598,-0.12598,-0.12598,-0.12598,-0.1167,-0.1123,-0.11963,-0.11963,-0.12402,-0.12402,-0.12402,-0.12402,-0.12402,-0.12744,-0.13037,-0.12988,-0.12744,-0.12744,-0.12451,-0.12451,-0.12451,-0.12451,-0.12451,-0.12451,-0.12061,-0.11572,-0.11572,-0.11719,-0.11719
-0.11719,-0.11719,-0.12012,-0.11963,-0.11963,-0.11572,-0.10938,-0.10938,-0.10938,-0.10938,-0.10938,-0.10938,-0.10938,-0.10938,-0.085449,-0.085449,-0.080078,-0.080078,-0.080078,-0.080078,-0.075684,-0.066895,-0.066895,-0.061035,-0.061035,-0.053223,-0.053223,-0.053223,-0.053223,-0.053223,-0.045898,-0.038086,-0.03125,-0.025879,-0.025879,-0.025879,-0.025879,-0.025879,-0.025879,-0.022949,-0.023926,-0.025879,-0.028809,-0.028809,-0.028809,-0.028809,-0.028809,-0.028809,-0.033691,-0.04541,-0.05127,-0.05127,-0.05127,-0.05127,-0.05127,-0.05127,-0.058594,-0.080566,-0.080566,-0.080566,-0.080566,-0.075195,-0.068359,-0.068359,-0.068359,-0.068359,-0.068359,-0.068359,-0.065918,-0.06543,-0.071289,-0.071289,-0.08252,-0.08252,-0.08252,-0.08252,-0.08252,-0.08252,-0.14111,-0.14795,-0.14795,-0.14795,-0.14795,-0.14795,-0.14258,-0.14404,-0.14404,-0.14111,-0.14111,-0.11963,-0.11963,-0.11865,-0.11865,-0.11865,-0.11865,-0.11865,-0.11865,-0.085938,-0.087891,-0.087891,-0.087891,-0.087891,-0.087891,-0.087891,-0.084961,-0.077637,-0.077637,-0.086426,-0.086426,-0.086426,-0.086426,-0.086426,-0.086426,-0.092773,-0.104,-0.10693,-0.1084,-0.1084,-0.10693,-0.10693,-0.10693,-0.10693,-0.10693,-0.10693,-0.10352,-0.10352,-0.095703,-0.092773,-0.091309,-0.091309
-0.091309,-0.091309,-0.091309,-0.091309,-0.091309,-0.091309,-0.093262,-0.09082,-0.09082,-0.086426,-0.086426,-0.080566,-0.080566,-0.080566,-0.080566,-0.080566,-0.080566,-0.077637,-0.072754,-0.069824,-0.069824,-0.068359,-0.06543,-0.06543,-0.0625,-0.0625,-0.0625,-0.0625,-0.0625,-0.0625,-0.041504,-0.032227,-0.032227,-0.024902,-0.024902,-0.024902,-0.024902,-0.024902,-0.01709,-0.01709,-0.012207,-0.01416,-0.01416,-0.018555,-0.018555,-0.018555,-0.018555,-0.018555,-0.018555,-0.035156,-0.035156,-0.040527,-0.04541,-0.04541,-0.04541,-0.04541,-0.04541,-0.04541,-0.051758,-0.069336,-0.069336,-0.068359,-0.068359,-0.063965,-0.058594,-0.058594,-0.058594,-0.058594,-0.058594,-0.059082,-0.058105,-0.061523,-0.066895,-0.066895,-0.066895,-0.066895,-0.066895,-0.066895,-0.074219,-0.089355,-0.092773,-0.097168,-0.097168,-0.097168,-0.097168,-0.097168,-0.097168,-0.097168,-0.091309,-0.083496,-0.083496,-0.085938,-0.085938,-0.070801,-0.070801,-0.070801,-0.070801,-0.070801,-0.058105,-0.052734,-0.049316,-0.039551,-0.039551,-0.039551,-0.039551,-0.039551,-0.04541,-0.04541,-0.067871,-0.07666,-0.084473,-0.084473,-0.084473,-0.084473,-0.084473,-0.084473,-0.084473,-0.084473,-0.084473,-0.084473,-0.090332,-0.091797,-0.091797,-0.091797,-0.091797,-0.091797,-0.089844,-0.091797,-0.096191,-0.10107
-0.096191,-0.10107,-0.10107,-0.10107,-0.10107,-0.10107,-0.10107,-0.10303,-0.09082,-0.09082,-0.09082,-0.09082,-0.09082,-0.09082,-0.086426,-0.078125,-0.073242,-0.069336,-0.069336,-0.069336,-0.069336,-0.069336,-0.069336,-0.065918,-0.065918,-0.04834,-0.04834,-0.04834,-0.027832,-0.027832,-0.027832,-0.027832,-0.027832,-0.027832,-0.022949,-0.022949,-0.010254,-0.010254,-0.013672,-0.013672,-0.013672,-0.022949,-0.022949,-0.027344,-0.027344,-0.027344,-0.027344,-0.027344,-0.027344,-0.032715,-0.032715,-0.048828,-0.048828,-0.057129,-0.057129,-0.06543,-0.073242,-0.073242,-0.073242,-0.073242,-0.073242,-0.073242,-0.079102,-0.081543,-0.083008,-0.083496,-0.083496,-0.079102,-0.079102,-0.079102,-0.079102,-0.079102,-0.079102,-0.097656,-0.10449,-0.10449,-0.10449,-0.10449,-0.10449,-0.10449,-0.10449,-0.10156,-0.10938,-0.11328,-0.12158,-0.12158,-0.12158,-0.12158,-0.12158,-0.12158,-0.11768,-0.11426,-0.11279,-0.11279,-0.11279,-0.09668,-0.086914,-0.086914,-0.086914,-0.086914,-0.086914,-0.089355,-0.089355,-0.067383,-0.0625,-0.0625,-0.0625,-0.074707,-0.085449,-0.085449,-0.085449,-0.085449,-0.085449,-0.085449,-0.09375,-0.11182,-0.11182,-0.11182,-0.11182,-0.11182,-0.11182,-0.11182,-0.11182,-0.10742,-0.10303,-0.098145,-0.098145,-0.098145,-0.098145,-0.098145
-0.098145,-0.098145,-0.098145,-0.097656,-0.097656,-0.1001,-0.1001,-0.1001,-0.10107,-0.10059,-0.10059,-0.10059,-0.10059,-0.10059,-0.098145,-0.092285,-0.090332,-0.090332,-0.090332,-0.088379,-0.088379,-0.088379,-0.088379,-0.085938,-0.085938,-0.077637,-0.071289,-0.071289,-0.071289,-0.062012,-0.053711,-0.053711,-0.047852,-0.047852,-0.043457,-0.043457,-0.043457,-0.043457,-0.043457,-0.043457,-0.038086,-0.039551,-0.042969,-0.042969,-0.046387,-0.054688,-0.058105,-0.058105,-0.061035,-0.061035,-0.061035,-0.068848,-0.068848,-0.068848,-0.068848,-0.068848,-0.068848,-0.068848,-0.073242,-0.07373,-0.066895,-0.066895,-0.066895,-0.066895,-0.066895,-0.066895,-0.066895,-0.06543,-0.067383,-0.067383,-0.077637,-0.077637,-0.088867,-0.088867,-0.088867,-0.088867,-0.088867,-0.088867,-0.088867,-0.099121,-0.12598,-0.12402,-0.12402,-0.12402,-0.12402,-0.12402,-0.12402,-0.12402,-0.12402,-0.12402,-0.12402,-0.12451,-0.086914,-0.07959,-0.07959,-0.07959,-0.07959,-0.07959,-0.07959,-0.07959,-0.07959,-0.083496,-0.072266,-0.072266,-0.083496,-0.094727,-0.094727,-0.094727,-0.094727,-0.094727,-0.10205,-0.10205,-0.11816,-0.11816,-0.12109,-0.12109,-0.12109,-0.12109,-0.12109,-0.12109,-0.12207,-0.12207,-0.12207,-0.1084,-0.1084,-0.10596,-0.10596,-0.10596,-0.10596,-0.10596
-0.10596,-0.10596,-0.10596,-0.10547,-0.11035,-0.11035,-0.10938,-0.10938,-0.10938,-0.10693,-0.10303,-0.099121,-0.099121,-0.099121,-0.099121,-0.099121,-0.099121,-0.086914,-0.086914,-0.086914,-0.083496,-0.080078,-0.080078,-0.080078,-0.080078,-0.080078,-0.080078,-0.074219,-0.057129,-0.047852,-0.047852,-0.041504,-0.041504,-0.041504,-0.041504,-0.041504,-0.041504,-0.041504,-0.027344,-0.027344,-0.029297,-0.029297,-0.029297,-0.029297,-0.029297,-0.029297,-0.032715,-0.043457,-0.043457,-0.046875,-0.046875,-0.049805,-0.049805,-0.052734,-0.052734,-0.052734,-0.052734,-0.052734,-0.052734,-0.056152,-0.065918,-0.065918,-0.065918,-0.065918,-0.065918,-0.065918,-0.060547,-0.058594,-0.058594,-0.054199,-0.054199,-0.054199,-0.054199,-0.054199,-0.054199,-0.054199,-0.056152,-0.088379,-0.088379,-0.088379,-0.088379,-0.088379,-0.088379,-0.12109,-0.12598,-0.12744,-0.12744,-0.12744,-0.12744,-0.12744,-0.12744,-0.12646,-0.10107,-0.088867,-0.075195,-0.075195,-0.075195,-0.070801,-0.081543,-0.081543,-0.081543,-0.081543,-0.081543,-0.081543,-0.062988,-0.072266,-0.081055,-0.081055,-0.081055,-0.086914,-0.093262,-0.093262,-0.093262,-0.093262,-0.093262,-0.093262,-0.099609,-0.11426,-0.11426,-0.11572,-0.11572,-0.11523,-0.11523,-0.11523,-0.11523,-0.11523,-0.11279,-0.10596,-0.10449,-0.10498
-0.10449,-0.10498,-0.10498,-0.10498,-0.10498,-0.10498,-0.10498,-0.10645,-0.10449,-0.10449,-0.10107,-0.095703,-0.095703,-0.092773,-0.088867,-0.088867,-0.088867,-0.088867,-0.088867,-0.088867,-0.085449,-0.077637,-0.074219,-0.074219,-0.069336,-0.069336,-0.061523,-0.052734,-0.052734,-0.052734,-0.052734,-0.052734,-0.042969,-0.042969,-0.014648,-0.014648,-0.014648,-0.014648,-0.014648,-0.014648,-0.0083008,-0.0083008,-0.010254,-0.010254,-0.01416,-0.01416,-0.01416,-0.01416,-0.01416,-0.018555,-0.034668,-0.034668,-0.039063,-0.039063,-0.039063,-0.043457,-0.048828,-0.048828,-0.048828,-0.048828,-0.048828,-0.048828,-0.048828,-0.048828,-0.054688,-0.053223,-0.050781,-0.050781,-0.050781,-0.050781,-0.050781,-0.050781,-0.050781,-0.056152,-0.062012,-0.062012,-0.066895,-0.066895,-0.066895,-0.066895,-0.066895,-0.066895,-0.066895,-0.066895,-0.08252,-0.08252,-0.085449,-0.091797,-0.091797,-0.091797,-0.091797,-0.091797,-0.091797,-0.087402,-0.087402,-0.058105,-0.058105,-0.049805,-0.049805,-0.054199,-0.057617,-0.057617,-0.057617,-0.057617,-0.057617,-0.057617,-0.052246,-0.072266,-0.072266,-0.08252,-0.08252,-0.08252,-0.09082,-0.09082,-0.098633,-0.098633,-0.098633,-0.098633,-0.098633,-0.10498,-0.1123,-0.1123,-0.1123,-0.1123,-0.1123,-0.1123,-0.11182,-0.11035,-0.11084,-0.1123
-0.1123,-0.1123,-0.1123,-0.1123,-0.1123,-0.1123,-0.11621,-0.12158,-0.12109,-0.11719,-0.11719,-0.11719,-0.11475,-0.11328,-0.11328,-0.11328,-0.11328,-0.11328,-0.11035,-0.11035,-0.10059,-0.10059,-0.09668,-0.09668,-0.09668,-0.08252,-0.08252,-0.08252,-0.08252,-0.08252,-0.08252,-0.072754,-0.072754,-0.047852,-0.047852,-0.047852,-0.047852,-0.047852,-0.044434,-0.041992,-0.044922,-0.047852,-0.047852,-0.047852,-0.047852,-0.047852,-0.047852,-0.054199,-0.0625,-0.065918,-0.065918,-0.070801,-0.077148,-0.077148,-0.077148,-0.083984,-0.084961,-0.084961,-0.084961,-0.084961,-0.084961,-0.084961,-0.079102,-0.079102,-0.070801,-0.071289,-0.071289,-0.071289,-0.071289,-0.071289,-0.071289,-0.071289,-0.084473,-0.08252,-0.08252,-0.089355,-0.089355,-0.089355,-0.089355,-0.089355,-0.089355,-0.095703,-0.1167,-0.1167,-0.12207,-0.12207,-0.125,-0.125,-0.125,-0.125,-0.125,-0.11035,-0.097168,-0.097168,-0.07959,-0.074707,-0.074707,-0.074707,-0.074707,-0.074707,-0.074707,-0.081543,-0.081543,-0.08252,-0.08252,-0.08252,-0.09082,-0.097656,-0.097656,-0.097656,-0.097656,-0.097656,-0.097656,-0.097656,-0.104,-0.11865,-0.12061,-0.12061,-0.12061,-0.12061,-0.12061,-0.12061,-0.12061,-0.12061,-0.11719,-0.11572,-0.11572,-0.11572,-0.11572,-0.11572
-0.11572,-0.11523,-0.11768,-0.12109,-0.12109,-0.12354,-0.12354,-0.12354,-0.12109,-0.12109,-0.12109,-0.12109,-0.12109,-0.12109,-0.1167,-0.1167,-0.10889,-0.10889,-0.10889,-0.10889,-0.10889,-0.10889,-0.1001,-0.094238,-0.094238,-0.085938,-0.085938,-0.085938,-0.085938,-0.085938,-0.07666,-0.07666,-0.054199,-0.054199,-0.051758,-0.051758,-0.051758,-0.051758,-0.051758,-0.051758,-0.046875,-0.047852,-0.047852,-0.049316,-0.051758,-0.051758,-0.051758,-0.051758,-0.051758,-0.051758,-0.051758,-0.052734,-0.058105,-0.062988,-0.068848,-0.068848,-0.068848,-0.076172,-0.076172,-0.080566,-0.080566,-0.080566,-0.080566,-0.080566,-0.080566,-0.077637,-0.067383,-0.067383,-0.063477,-0.063477,-0.05957,-0.059082,-0.059082,-0.059082,-0.059082,-0.059082,-0.059082,-0.082031,-0.095703,-0.095703,-0.095703,-0.095703,-0.095703,-0.10889,-0.11572,-0.11523,-0.11572,-0.11572,-0.11572,-0.11572,-0.11572,-0.11572,-0.098145,-0.080078,-0.064941,-0.064941,-0.05957,-0.05957,-0.070313,-0.071289,-0.071289,-0.061523,-0.061523,-0.061523,-0.061523,-0.061523,-0.061523,-0.058594,-0.077637,-0.083984,-0.089844,-0.089844,-0.089844,-0.089844,-0.089844,-0.089844,-0.089844,-0.10449,-0.10596,-0.104,-0.104,-0.104,-0.104,-0.104,-0.104,-0.104,-0.10254,-0.097656,-0.095703,-0.094727
-0.094727,-0.095703,-0.095703,-0.095703,-0.095703,-0.095703,-0.095703,-0.098145,-0.095215,-0.095215,-0.089355,-0.089355,-0.089355,-0.089355,-0.089355,-0.089355,-0.077637,-0.073242,-0.068848,-0.068848,-0.068848,-0.064453,-0.057129,-0.057129,-0.057129,-0.057129,-0.057129,-0.057129,-0.04834,-0.04834,-0.023438,-0.013184,-0.013184,-0.013184,-0.003418,-0.003418,-0.003418,-0.003418,-0.003418,-0.003418,-0.003418,0.000977,0.0058594,0.0058594,0.0058594,0.0058594,0.0058594,0.0058594,0.0058594,0.0053711,0.003418,0.000977,0.000977,-0.0024414,-0.0024414,-0.0083008,-0.0083008,-0.01416,-0.01416,-0.01416,-0.01416,-0.01416,-0.014648,-0.0073242,0.0092773,0.0097656,0.0097656,0.013672,0.013672,0.013672,0.013672,0.013672,0.013672,0.013672,0.013672,-0.000488,-0.0048828,-0.014648,-0.014648,-0.014648,-0.014648,-0.014648,-0.014648,-0.023926,-0.030762,-0.032227,-0.032227,-0.032227,-0.032227,-0.032227,-0.032227,-0.032227,-0.026855,-0.018555,-0.018555,-0.0029297,-0.0029297,0.0039063,-0.0014648,-0.0014648,-0.0014648,0.01123,0.01123,0.01123,0.01123,0.01123,0.01123,0.01123,0.017578,-0.0053711,-0.0053711,-0.01123,-0.01123,-0.01123,-0.016602,-0.020996,-0.020996,-0.020996,-0.020996,-0.020996,-0.020996,-0.022461,-0.022461,-0.022461,-0.022461,-0.022461,-0.022461,-0.011719,-0.0078125,-0.0078125
-0.0063477,-0.0063477,-0.0063477,-0.0063477,-0.0063477,-0.0063477,-0.0063477,-0.0063477,-0.0063477,-0.0063477,-0.0068359,0.0073242,0.011719,0.011719,0.011719,0.011719,0.011719,0.016602,0.025391,0.033691,0.033691,0.033691,0.033691,0.033691,0.033691,0.038574,0.078125,0.078125,0.078125,0.084961,0.084961,0.087402,0.087402,0.087402,0.087402,0.087402,0.09082,0.091309,0.087402,0.087402,0.083984,0.083984,0.080078,0.075195,0.075195,0.075195,0.075195,0.075195,0.075195,0.075195,0.0625,0.056641,0.049316,0.049316,0.049316,0.049316,0.049316,0.049316,0.049316,0.041992,0.041992,0.04248,0.041016,0.041016,0.041016,0.041016,0.041016,0.043945,0.043945,0.043945,0.043945,0.043945,0.037598,0.037598,0.037598,0.0063477,0,0,-0.0083008,-0.0083008,-0.0083008,-0.0083008,-0.0083008,-0.0083008,-0.0092773,-0.0087891,0.0087891,0.0087891,0.019043,0.019043,0.019043,0.019043,0.019043,0.022461,0.022461,0.052246,0.052246,0.052246,0.052246,0.052246,0.052246,0.049805,0.069824,0.061035,0.052734,0.052734,0.052734,0.052734,0.052734,0.052734,0.046875,0.036621,0.032227,0.029297,0.029297,0.027832,0.027832,0.027832,0.029785,0.029785,0.033691,0.033691,0.033691,0.033691,0.033691,0.033691,0.038086,0.044434,0.045898,0.045898
0.038086,0.044434,0.045898,0.045898,0.045898,0.045898,0.04541,0.046875,0.046875,0.046875,0.046875,0.046875,0.046875,0.05127,0.071777,0.071777,0.071777,0.071777,0.071777,0.071777,0.078125,0.090332,0.096191,0.104,0.104,0.104,0.104,0.104,0.104,0.11426,0.11426,0.15283,0.15283,0.15283,0.16211,0.16211,0.16504,0.16504,0.16504,0.16504,0.16504,0.16504,0.1665,0.15771,0.15771,0.1543,0.146,0.146,0.146,0.146,0.146,0.14209,0.13281,0.12598,0.12598,0.12598,0.12598,0.12598,0.12598,0.12598,0.11475,0.11914,0.11768,0.11768,0.11768,0.11768,0.11768,0.11768,0.11426,0.1084,0.10059,0.089844,0.089844,0.089844,0.079102,0.069336,0.069336,0.05957,0.05957,0.05127,0.048828,0.048828,0.048828,0.048828,0.048828,0.048828,0.048828,0.048828,0.048828,0.048828,0.058594,0.095703,0.095703,0.1084,0.1084,0.1084,0.1084,0.1084,0.1084,0.1084,0.11523,0.11523,0.11523,0.11523,0.11523,0.11523,0.11523,0.11523,0.11523,0.11523,0.10693,0.083496,0.07959,0.07959,0.07959,0.07959,0.077148,0.075684,0.075684,0.075684,0.075684,0.075684,0.077148,0.077148,0.079102,0.079102,0.079102,0.079102,0.079102,0.079102
0.079102,0.079102,0.079102,0.080078,0.07666,0.075195,0.075684,0.075684,0.075684,0.075684,0.075684,0.075684,0.079102,0.092773,0.098145,0.098145,0.098145,0.098145,0.098145,0.10449,0.11572,0.12109,0.12744,0.12744,0.12744,0.12744,0.12744,0.12744,0.13525,0.13525,0.16455,0.1709,0.1709,0.1709,0.17773,0.18164,0.18164,0.18164,0.18555,0.18652,0.18652,0.18652,0.18652,0.18652,0.18652,0.18652,0.18506,0.17871,0.1748,0.1748,0.1748,0.1709,0.1665,0.1665,0.1665,0.1665,0.1665,0.1665,0.16113,0.14258,0.14258,0.14258,0.14258,0.14258,0.14258,0.14258,0.14355,0.15576,0.15576,0.15771,0.15771,0.15771,0.15771,0.15771,0.15771,0.1377,0.13477,0.13477,0.13281,0.13281,0.12939,0.12891,0.12891,0.12842,0.12842,0.13135,0.13135,0.13135,0.13135,0.13135,0.13135,0.13721,0.13818,0.13818,0.1499,0.1499,0.1709,0.18164,0.18164,0.18164,0.18164,0.18164,0.18506,0.18506,0.1958,0.1958,0.1958,0.1958,0.1958,0.18359,0.16309,0.15479,0.14746,0.14746,0.14746,0.14746,0.14746,0.14746,0.1416,0.13916,0.13916,0.14111,0.14111,0.14111,0.14502,0.1499,0.1499,0.1499,0.1499,0.1499
0.1499,0.15381,0.15381,0.15576,0.1543,0.15576,0.15576,0.15576,0.16553,0.16553,0.16553,0.16553,0.16553,0.16553,0.17188,0.17188,0.18506,0.18506,0.18506,0.18506,0.18506,0.18506,0.19238,0.19238,0.19629,0.20166,0.20166,0.20166,0.20166,0.20166,0.20898,0.20898,0.2168,0.2168,0.21582,0.21582,0.21582,0.21387,0.21387,0.21387,0.21387,0.21387,0.21387,0.21387,0.20996,0.19922,0.19922,0.19287,0.19287,0.18652,0.17969,0.17969,0.17969,0.17969,0.17969,0.17969,0.17139,0.1499,0.1499,0.1499,0.1499,0.1499,0.14844,0.14502,0.14111,0.14111,0.14111,0.14111,0.14111,0.14111,0.14111,0.13672,0.09082,0.09082,0.079102,0.079102,0.072754,0.072754,0.072754,0.072754,0.072754,0.072754,0.071289,0.075684,0.077148,0.084961,0.084961,0.084961,0.084961,0.084961,0.084961,0.084961,0.10596,0.14746,0.15332,0.15332,0.15332,0.15332,0.15332,0.15332,0.15332,0.15332,0.15723,0.15723,0.15723,0.15723,0.15723,0.15723,0.15723,0.14063,0.13086,0.13086,0.13086,0.13086,0.12695,0.125,0.125,0.125,0.125,0.125,0.12451,0.12891,0.13232,0.13232,0.13721,0.13721,0.14063,0.14063,0.14063,0.14063
0.14063,0.14063,0.14063,0.14014,0.1416,0.14648,0.14648,0.15283,0.16064,0.16064,0.16064,0.16064,0.16064,0.16064,0.1665,0.1665,0.18262,0.18262,0.1875,0.1875,0.1875,0.1875,0.1875,0.19141,0.21436,0.21436,0.22217,0.22217,0.22217,0.22754,0.22754,0.22754,0.22754,0.22754,0.22754,0.23096,0.23193,0.23193,0.22754,0.22314,0.21826,0.21826,0.21826,0.21826,0.21826,0.21826,0.21338,0.19727,0.18848,0.18848,0.18018,0.18018,0.18018,0.18018,0.18018,0.18018,0.17188,0.15576,0.15576,0.15576,0.15576,0.15576,0.15576,0.15625,0.15527,0.15039,0.14941,0.14941,0.14941,0.14941,0.14941,0.14941,0.14648,0.14648,0.12354,0.12744,0.12744,0.12158,0.12109,0.12109,0.12109,0.12988,0.12988,0.12988,0.12988,0.12988,0.12988,0.12646,0.11963,0.12793,0.12793,0.13721,0.13721,0.13721,0.17383,0.17383,0.17383,0.17383,0.17383,0.17383,0.17822,0.19482,0.19482,0.19482,0.19482,0.19482,0.19482,0.18945,0.17627,0.17041,0.16504,0.16504,0.16504,0.16504,0.16504,0.16504,0.1582,0.1582,0.13916,0.13916,0.1377,0.1377,0.13965,0.14209,0.14209,0.14209,0.14697,0.14697,0.15234,0.15234
0.15234,0.15234,0.15234,0.15674,0.16113,0.16113,0.16455,0.16455,0.16455,0.16943,0.17578,0.17578,0.17578,0.17578,0.17578,0.17578,0.18213,0.1958,0.1958,0.1958,0.1958,0.1958,0.1958,0.19873,0.20508,0.20996,0.21582,0.21582,0.21582,0.21582,0.21582,0.21582,0.21582,0.22754,0.22705,0.22705,0.22705,0.22705,0.22852,0.22852,0.22607,0.22217,0.22217,0.21826,0.21826,0.21826,0.21826,0.21826,0.21826,0.21484,0.20361,0.20361,0.20361,0.20361,0.20361,0.17969,0.17139,0.17139,0.17139,0.17139,0.17139,0.17139,0.1626,0.15283,0.15332,0.15332,0.15332,0.15332,0.15332,0.15186,0.14258,0.14258,0.13867,0.13135,0.13135,0.13135,0.13135,0.13135,0.12158,0.12158,0.10693,0.10693,0.10791,0.11084,0.11084,0.11084,0.11084,0.11084,0.11084,0.11084,0.11377,0.12402,0.13184,0.13184,0.13184,0.14697,0.16943,0.16943,0.16943,0.16943,0.16943,0.16943,0.18213,0.19482,0.19482,0.19482,0.19482,0.19482,0.19482,0.19482,0.17578,0.17578,0.16406,0.16406,0.16406,0.16406,0.16406,0.16406,0.16406,0.15869,0.14844,0.14404,0.14111,0.14111,0.14111,0.14063,0.14111,0.14111,0.14307,0.14307
0.14551,0.14551,0.14551,0.14648,0.14355,0.14355,0.14697,0.14697,0.14697,0.16064,0.16064,0.16064,0.16064,0.16064,0.16064,0.16699,0.1792,0.18506,0.18506,0.18506,0.18506,0.18506,0.18506,0.19043,0.19043,0.19043,0.20264,0.22852,0.22852,0.23389,0.23389,0.23389,0.23389,0.23389,0.23926,0.24902,0.25146,0.25146,0.25195,0.25195,0.25098,0.25098,0.25098,0.25098,0.25098,0.25098,0.24951,0.23633,0.22949,0.22949,0.22949,0.22949,0.22949,0.22949,0.22266,0.19482,0.19482,0.19482,0.19482,0.19482,0.19482,0.19043,0.19727,0.19727,0.19434,0.19434,0.19434,0.19434,0.19434,0.19434,0.19336,0.19336,0.15771,0.1499,0.1499,0.14551,0.14551,0.14502,0.14502,0.14551,0.14551,0.15039,0.15039,0.15039,0.15039,0.14844,0.14844,0.14844,0.14844,0.14844,0.14844,0.15918,0.19971,0.19971,0.2124,0.2124,0.2124,0.2124,0.2124,0.22119,0.22217,0.22852,0.22852,0.22852,0.22852,0.22852,0.22852,0.21875,0.20947,0.19629,0.19092,0.19092,0.18604,0.18164,0.18164,0.18164,0.18164,0.18164,0.18164,0.18164,0.17969,0.17969,0.18018,0.18115,0.18115,0.18262,0.18262,0.18262,0.18262,0.18262
0.18262,0.18262,0.18262,0.18213,0.17822,0.17725,0.17725,0.1792,0.1792,0.18408,0.19043,0.19043,0.19043,0.19043,0.19043,0.19043,0.20801,0.21289,0.21289,0.21729,0.21729,0.21729,0.21729,0.21729,0.21729,0.21729,0.22021,0.24756,0.24756,0.24756,0.24756,0.24756,0.24756,0.25488,0.27148,0.27148,0.27393,0.27393,0.27246,0.27246,0.27246,0.27246,0.27246,0.27246,0.26953,0.2627,0.25635,0.24902,0.24902,0.24219,0.23389,0.23389,0.23389,0.23389,0.23389,0.23389,0.22559,0.22559,0.19531,0.19531,0.19531,0.19531,0.19531,0.19531,0.19531,0.18652,0.18652,0.18604,0.18604,0.18604,0.18604,0.18604,0.18604,0.14551,0.14551,0.14551,0.14453,0.14453,0.14014,0.13477,0.13477,0.13477,0.13477,0.13721,0.13721,0.13721,0.13721,0.13721,0.13867,0.13867,0.17578,0.19141,0.19141,0.19141,0.19141,0.19141,0.19141,0.19141,0.20898,0.21387,0.21387,0.21387,0.21387,0.21387,0.21387,0.20605,0.20605,0.19873,0.19873,0.19873,0.18701,0.18701,0.18701,0.18701,0.18701,0.18701,0.18164,0.17236,0.17236,0.17383,0.17383,0.17529,0.17871,0.17871,0.17871,0.17871,0.17871,0.17871,0.17871,0.18848
0.17871,0.17871,0.17871,0.18848,0.18848,0.18945,0.18945,0.18945,0.19873,0.19873,0.19873,0.19873,0.19873,0.19873,0.20703,0.21338,0.22559,0.23047,0.23047,0.23047,0.23047,0.23047,0.23047,0.23486,0.24463,0.25098,0.2583,0.2583,0.2583,0.26465,0.27002,0.27002,0.27002,0.27002,0.27441,0.28418,0.28809,0.29102,0.29102,0.29102,0.29102,0.29102,0.29102,0.29102,0.2915,0.28418,0.2793,0.2793,0.2793,0.2793,0.2793,0.2793,0.2793,0.25098,0.25098,0.25098,0.25098,0.25098,0.24121,0.23193,0.23535,0.23486,0.23486,0.23438,0.23145,0.23145,0.23145,0.23145,0.23145,0.23145,0.22559,0.20215,0.19434,0.19434,0.1958,0.19385,0.19385,0.19336,0.19336,0.1958,0.1958,0.1958,0.1958,0.1958,0.19678,0.20459,0.22021,0.22021,0.22754,0.22754,0.22754,0.22754,0.22754,0.22754,0.24365,0.25977,0.25977,0.25977,0.25977,0.25977,0.25977,0.25879,0.25879,0.25,0.24219,0.24219,0.24219,0.24219,0.24219,0.24219,0.23584,0.22998,0.22607,0.22607,0.22363,0.22363,0.22168,0.22217,0.22217,0.22217,0.22217,0.22217,0.22217,0.22217,0.22217,0.22363,0.22852,0.22998,0.23096,0.23096
0.23096,0.23096,0.23096,0.23096,0.23193,0.23193,0.23193,0.23193,0.23193,0.23193,0.23584,0.23584,0.25488,0.25488,0.25488,0.25488,0.25488,0.25488,0.26172,0.27344,0.27734,0.28174,0.28174,0.28174,0.28174,0.28174,0.28174,0.28906,0.31445,0.31445,0.32178,0.32178,0.32178,0.32861,0.33594,0.33594,0.34082,0.34521,0.34521,0.34521,0.34521,0.34521,0.34521,0.34521,0.3457,0.34326,0.34326,0.33936,0.33936,0.33936,0.33545,0.33105,0.33105,0.33105,0.33105,0.33105,0.33105,0.31152,0.30127,0.30127,0.30127,0.30127,0.30127,0.30127,0.29492,0.29346,0.29346,0.29248,0.29248,0.29248,0.29248,0.29248,0.29443,0.29443,0.28271,0.27832,0.27832,0.27832,0.27686,0.27148,0.27148,0.26807,0.26807,0.26807,0.26807,0.26807,0.26807,0.26953,0.26611,0.27295,0.28076,0.28076,0.28076,0.28271,0.29736,0.29736,0.29736,0.29736,0.29736,0.29736,0.31348,0.32715,0.32715,0.33057,0.33057,0.33057,0.33057,0.33057,0.33057,0.32373,0.29395,0.29395,0.28613,0.28613,0.28613,0.27881,0.27344,0.27344,0.27344,0.27344,0.27344,0.27344,0.27002,0.27051,0.27051,0.27441,0.27441,0.2793,0.2793,0.2793
0.2793,0.2793,0.2793,0.2793,0.28369,0.29053,0.29199,0.29395,0.29395,0.29395,0.29395,0.29395,0.29395,0.29785,0.31738,0.31738,0.32324,0.32324,0.32324,0.32324,0.32324,0.32324,0.32715,0.33105,0.33301,0.33545,0.33545,0.33545,0.33887,0.3418,0.3418,0.3418,0.3418,0.3418,0.3418,0.34424,0.34424,0.34766,0.35156,0.35156,0.35156,0.35352,0.35352,0.35352,0.35352,0.35352,0.35352,0.35059,0.34814,0.34033,0.34033,0.34033,0.34033,0.34033,0.34033,0.34033,0.33594,0.31494,0.31494,0.31494,0.31494,0.31494,0.31494,0.2959,0.29736,0.29492,0.29492,0.29492,0.29492,0.29492,0.29492,0.2915,0.2915,0.26904,0.25439,0.25439,0.25439,0.24023,0.23291,0.23291,0.22754,0.22168,0.22168,0.22168,0.22168,0.22168,0.22168,0.22168,0.21973,0.22168,0.22119,0.23096,0.23096,0.23096,0.26221,0.26221,0.26221,0.26221,0.26221,0.26221,0.26221,0.26221,0.2793,0.2793,0.30029,0.30566,0.31836,0.31836,0.31836,0.30811,0.30811,0.2998,0.2998,0.29248,0.29248,0.28516,0.28516,0.28516,0.28516,0.28516,0.28516,0.27783,0.27783,0.26172,0.26172,0.26074,0.26172,0.26172,0.26172,0.26172
0.26855,0.26953,0.26953,0.26855,0.26855,0.2666,0.26514,0.26514,0.26514,0.26514,0.26514,0.26514,0.26611,0.27295,0.27637,0.27881,0.27881,0.27881,0.27881,0.27881,0.27881,0.28223,0.29053,0.29053,0.29541,0.29541,0.29541,0.30176,0.31006,0.31006,0.31006,0.31006,0.31006,0.31006,0.31006,0.33594,0.34668,0.35205,0.35205,0.35547,0.35547,0.35547,0.35547,0.35547,0.35547,0.35449,0.3457,0.33887,0.33887,0.33887,0.33887,0.33887,0.33887,0.33203,0.33203,0.31201,0.30225,0.30225,0.30225,0.30225,0.30225,0.30225,0.30225,0.29297,0.29932,0.29932,0.29932,0.2959,0.29492,0.29492,0.29492,0.29492,0.29492,0.29492,0.28857,0.27588,0.27734,0.27979,0.27979,0.27979,0.27979,0.27246,0.27246,0.27686,0.27686,0.27637,0.27295,0.27295,0.27295,0.27295,0.27295,0.27295,0.27686,0.3125,0.3125,0.3125,0.3125,0.3125,0.3125,0.32617,0.33447,0.33887,0.33887,0.33887,0.33887,0.33887,0.33887,0.33887,0.34473,0.31396,0.31396,0.30566,0.29834,0.29834,0.29834,0.29834,0.29834,0.29834,0.29199,0.28223,0.28174,0.28174,0.27979,0.27979,0.27979,0.27979,0.27979,0.27979,0.27979,0.27979
0.27979,0.28223,0.28613,0.28516,0.28516,0.28516,0.28516,0.28516,0.28516,0.28418,0.29541,0.29541,0.29541,0.29541,0.29541,0.29541,0.29541,0.31055,0.31494,0.31787,0.31787,0.31787,0.31787,0.31787,0.31787,0.3208,0.3335,0.3418,0.3418,0.35059,0.35059,0.35791,0.36426,0.36426,0.37012,0.37012,0.37598,0.37598,0.37598,0.37598,0.37598,0.37988,0.37793,0.37793,0.37549,0.37549,0.37549,0.36963,0.36523,0.36523,0.36523,0.36523,0.36523,0.36523,0.35889,0.34717,0.3374,0.32861,0.32861,0.32861,0.32861,0.32861,0.32373,0.33057,0.33057,0.32813,0.32813,0.32813,0.32813,0.32813,0.32568,0.30469,0.29248,0.29248,0.28516,0.28076,0.28076,0.27441,0.27441,0.26953,0.27246,0.27734,0.27979,0.27979,0.27979,0.27979,0.27979,0.27979,0.27979,0.31836,0.33594,0.33594,0.33594,0.33594,0.33594,0.33594,0.33594,0.35156,0.35596,0.35596,0.36572,0.36572,0.36572,0.3623,0.35303,0.35303,0.35303,0.35303,0.35303,0.34424,0.32373,0.31738,0.31738,0.31738,0.3125,0.30957,0.30957,0.30957,0.30957,0.30859,0.30859,0.30859,0.30859,0.30859,0.30859,0.31006,0.31787,0.31787,0.31885,0.31885
0.31787,0.31787,0.31885,0.31885,0.31885,0.31885,0.31885,0.31885,0.31885,0.32373,0.32373,0.32373,0.32373,0.32373,0.34033,0.3457,0.35107,0.35107,0.35107,0.35596,0.35938,0.35938,0.35938,0.35938,0.35938,0.35938,0.36523,0.37988,0.38721,0.39355,0.39355,0.39355,0.39355,0.39355,0.39355,0.39355,0.39941,0.41943,0.41943,0.42041,0.42041,0.42041,0.42041,0.42041,0.42041,0.42041,0.42041,0.41943,0.40869,0.40332,0.40332,0.40332,0.40332,0.40332,0.40332,0.40332,0.39648,0.37256,0.37256,0.36475,0.36475,0.36475,0.36084,0.36084,0.36914,0.36914,0.37061,0.36963,0.36963,0.36963,0.36963,0.36963,0.36963,0.36572,0.36572,0.36572,0.33789,0.33789,0.33447,0.33447,0.33447,0.33447,0.33447,0.33447,0.32666,0.32129,0.32129,0.32129,0.32129,0.32129,0.32129,0.35645,0.35645,0.39355,0.39355,0.39355,0.39355,0.39355,0.39355,0.39355,0.40283,0.41113,0.40283,0.40283,0.40283,0.38477,0.38477,0.38477,0.38477,0.38477,0.38477,0.37744,0.37744,0.36279,0.35645,0.35645,0.35645,0.35645,0.35645,0.35645,0.35645,0.34473,0.34473,0.34424,0.34424,0.34375,0.34375,0.34375,0.34375,0.34375
0.34375,0.34375,0.34375,0.34375,0.33838,0.33838,0.33838,0.33838,0.33838,0.33838,0.33838,0.3457,0.3501,0.35596,0.35596,0.35596,0.35596,0.35596,0.35596,0.36133,0.37402,0.38037,0.38037,0.38037,0.3877,0.396,0.396,0.396,0.396,0.396,0.396,0.40381,0.41797,0.42383,0.42822,0.42822,0.42822,0.42822,0.42822,0.42822,0.42822,0.42822,0.43018,0.4248,0.4248,0.4248,0.4248,0.4248,0.4248,0.4248,0.42041,0.40283,0.40283,0.39404,0.38428,0.38428,0.38428,0.38428,0.38428,0.38428,0.38428,0.37354,0.36523,0.3623,0.3623,0.3623,0.3623,0.3623,0.3623,0.3623,0.33838,0.32666,0.31543,0.31543,0.31543,0.31543,0.31543,0.31543,0.31543,0.31445,0.30078,0.30078,0.3042,0.30469,0.30469,0.30469,0.30469,0.30469,0.30469,0.30322,0.30322,0.33984,0.33984,0.33984,0.33984,0.33984,0.33984,0.35742,0.38184,0.37939,0.3833,0.3833,0.3833,0.3833,0.3833,0.3833,0.396,0.396,0.37354,0.36768,0.36768,0.36768,0.354,0.354,0.354,0.354,0.354,0.354,0.354,0.34668,0.34961,0.34961,0.34961,0.35303,0.35303,0.35791,0.35791,0.35791,0.35791,0.35791
0.35791,0.35791,0.36279,0.37207,0.37207,0.37207,0.37207,0.37207,0.37207,0.37207,0.37939,0.38525,0.39258,0.39258,0.39258,0.39258,0.39258,0.39844,0.41016,0.4165,0.4165,0.4209,0.4209,0.42871,0.43604,0.43604,0.43604,0.43604,0.43604,0.43604,0.44336,0.44336,0.46289,0.4751,0.4751,0.4751,0.48291,0.48291,0.48291,0.48291,0.48291,0.49512,0.49316,0.49023,0.49023,0.48633,0.48633,0.48633,0.48633,0.48633,0.48096,0.46875,0.45996,0.45068,0.45068,0.45068,0.45068,0.45068,0.45068,0.45068,0.43799,0.43799,0.43213,0.43115,0.43115,0.43115,0.43115,0.43115,0.43115,0.43115,0.40088,0.39111,0.39111,0.3877,0.38916,0.38916,0.38916,0.38916,0.38916,0.38916,0.38916,0.38672,0.37695,0.37695,0.37695,0.37695,0.37695,0.37256,0.39453,0.40332,0.41797,0.41797,0.41797,0.41797,0.41797,0.41797,0.43408,0.4668,0.46533,0.46533,0.46729,0.46729,0.46729,0.46045,0.45557,0.44727,0.44727,0.44727,0.44727,0.44727,0.44727,0.44727,0.42822,0.42334,0.42334,0.41895,0.41748,0.41748,0.41748,0.41748,0.41748,0.41748,0.4165,0.41895,0.42139,0.42139,0.42139,0.42139,0.42139,0.42139
0.42139,0.42578,0.43555,0.44482,0.44482,0.44482,0.44482,0.44482,0.44482,0.44482,0.44482,0.47021,0.47949,0.47949,0.47949,0.47949,0.47949,0.48828,0.50391,0.50977,0.51465,0.51465,0.51465,0.51465,0.51465,0.51465,0.52295,0.53613,0.54053,0.54883,0.54346,0.54346,0.54346,0.54346,0.54346,0.54346,0.53809,0.53809,0.54736,0.54736,0.54736,0.54736,0.54736,0.54736,0.5459,0.5459,0.53809,0.53809,0.53809,0.53809,0.53809,0.53271,0.5166,0.5166,0.50684,0.50684,0.50684,0.49561,0.48584,0.48584,0.48584,0.48584,0.48584,0.48584,0.48486,0.46631,0.46631,0.4624,0.4624,0.44873,0.44873,0.44873,0.44873,0.44873,0.44873,0.43311,0.40967,0.4082,0.40527,0.40527,0.40527,0.40527,0.40527,0.40527,0.40332,0.3999,0.3999,0.39844,0.39844,0.39844,0.39844,0.39844,0.39844,0.43457,0.43457,0.44727,0.44727,0.44727,0.46289,0.479,0.479,0.479,0.479,0.479,0.479,0.48291,0.48877,0.47998,0.4707,0.4707,0.4707,0.4707,0.4707,0.4707,0.46289,0.45166,0.4458,0.44141,0.44141,0.43799,0.43799,0.43799,0.43799,0.43799,0.43799,0.43604,0.43896,0.43896,0.44336,0.44336
