-0.13184,-0.13184,-0.02417,-1.1042,-1.043,-1.1172,-1.2866,-1.2866,-1.2866,-1.2866,-1.2866,-1.2866,-0.77148,-0.77148,-0.77148,-0.77148,-0.77148,-0.77148,-0.77148,-0.70728,-0.58447,-0.39478,-0.39478,-0.39478,-0.39478,-0.39478,-0.39478,0.22656,0.80469,0.65503,0.12476,0.12476,0.029541,0.029541,0.029541,0.029541,0.029541,0.029541,0.059814,-0.34497,-0.27808,-0.27808,0.10059,0.10059,0.10059,0.10059,0.10059,0.10059,0.31812,0.50708,0.30933,-0.054932,-0.33716,-0.33716,-0.33716,-0.33716,-0.33716,-0.33716,-0.31812,0.51782,0.51782,1.321,1.321,1.321,1.321,1.321,1.321,1.321,1.0605,0.46826,0.70654,0.77148,0.77148,0.77148,0.77148,0.77148,0.77148,0.24561,0.056641,-0.13745,-0.13745,-0.37939,-0.65137,-0.65137,-0.59448,-1.9548,-1.9548,0.17236,0.17236,1.6162,1.6162,0.59937,0.59937,0.59937,0.59937,0.59937,-0.18359,0.80151,0.80151,0.80151,0.80151,0.80151,0.80151,0.80151,0.80249,0.18164,0.18164,0.18164,0.18164,0.18164,0.18164,-0.52661,-1.5959,-1.7439,-1.3501,-1.3501,-1.3501,-1.3501,-1.3501,-1.3501,-0.90283,-0.42676,-0.2085,-0.17847,-0.17847,-0.040771,-0.040771,-0.040771,-0.040771,-0.040771
-0.040771,-0.040771,-0.15771,-0.15771,-1.0515,-1.0515,-1.0007,-0.99731,-0.99731,-0.99731,-0.99731,-0.99731,-0.52393,-0.43848,-0.43848,-0.43848,-0.43848,-0.43848,-0.47485,-0.50391,-0.39063,0.14307,0.14307,0.14307,0.14307,0.14307,0.14307,0.36353,0.28955,-0.09375,-0.09375,-0.15674,-0.15674,-0.15674,-0.15674,0.032715,0.032715,-0.11816,0.10254,0.10254,0.42017,0.42017,0.42017,0.42017,0.42017,0.42017,0.56104,0.56104,0.070801,-0.38916,-0.38916,-0.4563,-0.4563,-0.4563,-0.4563,-0.4563,-0.4563,-0.30298,0.60034,1.1748,1.4409,1.4409,1.4409,1.4409,1.4409,1.1853,0.74634,0.81982,0.59644,0.59644,0.59644,0.59644,0.59644,0.59644,-0.057373,-0.011963,-0.088379,-0.088379,-0.30835,-0.19263,-0.19263,-0.19263,-0.19263,-0.19263,-0.19263,-0.19263,-0.023926,0.048096,1.8254,-0.12231,-0.12231,-0.12231,-0.12231,-0.12231,-0.12231,0.2207,0.2207,1.1465,1.1465,1.1465,1.1465,1.1465,1.4111,-0.15796,-0.15796,-0.98804,-0.98804,-0.98804,-0.98804,-0.98804,-0.98804,-1.5759,-0.79126,-0.79126,-0.79126,-0.79126,-0.79126,-0.79126,-0.5481,-0.76514,-0.78027,-0.78027,-0.27808,0.25049,0.25049,0.25049,0.25049,0.25049,0.25049,-0.1748
0.25049,0.25049,0.25049,-0.1748,-0.1748,-1.0886,-1.0886,-1.1924,-1.1924,-1.2065,-1.2065,-1.2065,-1.2065,-0.94727,-0.59058,-0.59058,-0.59058,-0.59058,-0.59058,-0.59058,-0.60669,-0.41992,-0.17383,0.40234,0.40234,0.40234,0.40234,0.40234,0.40234,0.92139,0.48853,0.0058594,0.0058594,-0.093262,-0.093262,-0.11279,-0.11279,-0.11279,-0.11279,-0.11279,-0.11279,-0.11279,-0.11279,-0.11279,-0.33325,-0.42188,0.51587,0.51587,0.5376,0.55322,0.55322,0.20337,0.20337,-0.2771,-0.2771,-0.2771,-0.2771,-0.2771,-0.088623,0.35815,0.35815,0.35815,0.35815,0.35815,0.35815,0.84766,0.81592,0.81592,0.54639,0.54639,0.54639,0.54639,0.54639,0.54639,0.56714,0.16064,0.16064,0.34937,0.34937,0.34937,0.34937,0.34937,0.34937,0.13916,-0.88525,-0.88525,-1.9814,-1.9814,-0.15161,-0.15161,-0.15161,-0.15161,-0.15161,-0.15161,1.6423,0.58301,-0.12671,0.67969,0.67969,0.67969,0.67969,0.67969,0.67969,0.67969,0.0073242,0.84717,0.84717,0.84717,0.84717,0.84717,0.84717,0.16406,-0.86938,-1.373,-1.5325,-1.5325,-1.5325,-1.5325,-1.5325,-1.5325,-1.2825,-1.1155,-0.95483,-0.95483,-0.69287,-0.26587,-0.26587,-0.26587,-0.26587,-0.26587
-0.26587,0.32056,-0.52832,-0.87354,-0.81738,-0.81738,-0.97949,-0.97949,-1.2456,-1.2456,-1.0925,-1.0925,-1.0925,-1.0925,-1.0925,-1.0925,-1.0925,-0.70215,-0.73438,-0.73438,-0.73438,-0.73438,-0.73438,-0.73438,-0.70313,-0.094238,0.62012,0.65356,0.65356,0.65356,0.65356,0.65356,0.65356,0.085449,0.073486,0.073486,-0.11084,-0.11084,-0.3501,-0.3501,-0.3501,-0.3501,-0.3501,-0.3501,-0.55615,0.18677,0.45215,0.50903,0.50903,0.4375,0.4375,0.32446,0.32446,0.32446,0.32446,-0.080811,-0.26147,-0.26147,-0.26147,-0.26147,-0.26147,-0.26147,-0.26147,0.12183,1.4063,1.4063,1.3035,1.3035,1.3035,1.3035,1.3035,1.3035,0.87793,0.69458,0.69458,0.27588,0.27588,0.27588,0.27588,0.27588,0.27588,-0.19678,-0.55713,-0.55713,-0.27588,-1.4521,-1.4521,-1.4521,-1.4521,-1.4521,-1.4521,-1.4521,-2.1558,0.81421,0.81421,-0.51147,0.42236,0.42236,0.42236,0.42236,0.42236,0.42236,0.68164,1.6494,1.6494,1.6494,1.6494,1.6494,1.6494,-0.39307,-0.95972,-1.3711,-1.3711,-1.3711,-1.3711,-1.3711,-1.3711,-1.3711,-0.85547,-0.72656,-0.72656,-0.72656,-0.72656,-0.72656,-0.72656,-0.77539,-0.61987,-0.13428,0.13135,-0.063965
-0.063965,-0.063965,-0.063965,-0.063965,-0.063965,-0.76953,-1.0757,-1.0757,-1.2075,-0.99194,-0.99194,-0.99194,-0.99194,-0.99194,-0.80078,-0.80078,-0.80078,-0.80078,-0.80078,-0.70166,-0.6958,-0.56079,-0.56079,-0.28491,-0.28491,-0.28491,-0.28491,-0.28491,-0.28491,1.0168,0.8623,0.8623,0.8623,0.8623,0.8623,0.8623,-0.01416,0.040527,-0.17334,-0.26978,-0.26978,-0.26978,-0.26978,-0.26978,-0.26978,0.051514,0.56738,0.65674,0.77344,0.68164,0.68164,0.68164,0.2356,0.2356,0.2356,0.2356,0.2356,-0.056396,0.17432,0.17432,0.17432,0.17432,0.17432,0.17432,1.3293,1.1897,1.1897,0.64453,0.64453,0.64453,0.64453,0.64453,0.64453,0.7998,0.12427,0.12427,0.12427,-0.14526,0.18164,0.18164,0.18164,0.18164,0.18164,0.18164,-0.10181,-0.40552,-0.23242,-1.3716,-1.3716,-1.3716,-1.3716,-1.3716,-1.3716,-2.4561,0.76758,0.45044,0.45044,0.69141,0.69141,0.69141,0.69141,0.69141,0.69141,0.69141,0.52295,1.0405,1.0405,0.27222,0.27222,0.27222,0.27222,0.27222,0.27222,-1.687,-1.8176,-1.8176,-1.4604,-1.4604,-1.4604,-1.4604,-1.4604,-1.4604,-1.0898,-0.85425,-0.85425,-0.46606,0.10156,0.10156,0.24023,0.24023
0.24023,0.24023,0.24023,0.24023,-0.50024,-0.8855,-1.0964,-1.0964,-1.1382,-1.1382,-1.1382,-1.1382,-1.1382,-1.1382,-1.1382,-0.55469,-0.4458,-0.4624,-0.49194,-0.49194,-0.49194,-0.49194,-0.49194,-0.49194,-0.40552,-0.10425,0.50391,0.91284,0.91284,0.91284,0.91284,0.91284,0.91284,0.85986,-0.4939,-0.17627,-0.17627,0.029785,-0.14746,-0.14746,-0.14746,-0.14746,-0.14746,-0.14746,-0.14746,-0.30566,0.48242,0.58325,0.58325,0.64111,0.64111,0.45117,0.45117,0.45117,0.45117,0.45117,-0.010498,-0.04834,-0.04834,0.2229,0.2229,0.2229,0.2229,0.2229,0.49609,1.1453,1.0486,0.73364,0.73364,0.73364,0.73364,0.73364,0.73364,0.73364,0.80103,0.48389,0.48389,0.48389,0.48389,0.48389,0.48389,0.26831,0.39331,-0.022705,-0.47363,-0.47363,-0.39063,-0.39063,-0.39063,-0.39063,-0.39063,-0.39063,-0.85498,1.7029,0.875,0.875,0.875,0.875,0.875,0.875,0.875,0.5686,0.69556,0.69556,0.69556,0.69556,0.69556,0.69556,0.69556,0.91479,-0.11719,-0.11719,-0.9812,-0.9812,-0.9812,-0.9812,-0.9812,-0.9812,-2.0234,-2.0234,-2.0234,-2.0234,-2.0234,-2.0234,-0.58081,-0.58081,-0.3562,-0.3562,-0.3562,-0.3562
0.092041,0.12915,-0.72144,-0.91675,-0.91675,-0.91675,-0.91675,-0.91675,-0.91675,-0.96045,-1.2136,-1.0398,-1.0398,-0.66406,-0.66406,-0.43457,-0.43457,-0.43457,-0.43457,-0.43457,-0.43457,-0.34741,-0.40112,-0.31519,-0.11646,-0.11646,-0.11646,-0.11646,-0.11646,-0.11646,0.50781,0.54443,0.21216,-0.12183,-0.12183,-0.12183,-0.12183,-0.12183,-0.12183,-0.12183,-0.050781,-0.10718,-0.12036,-0.12036,0.12891,0.12891,0.12891,0.12891,0.12891,0.12891,0.12891,0.46973,0.61377,0.56152,0.28052,0.28052,0.28052,0.28052,0.28052,-0.27905,-0.38306,0.20679,0.20679,0.20679,0.20679,0.20679,0.20679,0.70166,1.4561,0.91162,0.67212,0.67212,0.67212,0.67212,0.67212,0.67212,0.76709,0.4624,-0.082031,-0.082031,-0.17651,0.015625,0.015625,0.015625,0.015625,0.015625,-0.30859,-0.56812,-0.10376,-1.5967,-1.5967,-1.5967,-1.5967,-1.5967,-1.5967,-1.5967,-0.87671,1.2803,0.89966,-0.39502,-0.39502,0.023926,0.023926,0.023926,0.023926,0.023926,0.023926,0.023926,0.43408,1.8479,1.5618,0.50244,0.50244,0.50244,0.50244,0.50244,0.50244,-1.7124,-1.6965,-1.322,-1.322,-1.322,-1.322,-1.322,-1.322,-1.0012,-1.0012,-1.0012,-0.54419,-0.54419
0.35278,0.35278,0.35278,0.35278,-0.33252,-1.0339,-1.0339,-1.1643,-1.1643,-1.1643,-1.1643,-1.0315,-1.0315,-0.51489,-0.49219,-0.49219,-0.49219,-0.49219,-0.49219,-0.49219,-0.61523,-0.61523,0.3938,0.3938,0.3938,0.3938,0.3938,0.3938,0.3938,0.43335,-0.24561,-0.24561,-0.075928,-0.075928,-0.13232,-0.13232,-0.13232,-0.13232,-0.13232,-0.13232,-0.2373,0.091309,0.57007,0.57007,0.57007,0.57007,0.57007,0.57007,0.53027,0.45776,0.03125,-0.23462,-0.23462,-0.22949,-0.22949,-0.22949,-0.22949,-0.22949,-0.22949,-0.22949,-0.005127,1.2297,1.2297,0.98242,0.98242,0.98242,0.98242,0.98242,0.98242,1.1128,0.94067,0.94067,0.34448,0.34448,0.34448,0.34448,0.34448,0.34448,-0.013916,-0.13208,0.057129,0.057129,-0.42212,-0.42212,-0.42212,-0.42212,-0.42212,-0.42212,-0.42212,-0.42212,-0.046875,2.0005,-0.30957,-0.30957,-0.30957,-0.30957,-0.30957,-0.30957,-0.30957,-0.25,0.94995,0.94995,0.94995,0.94995,0.94995,0.94995,1.4607,1.043,0.068359,-0.7627,-0.7627,-0.7627,-0.7627,-0.7627,-0.7627,-0.7627,-1.4788,-1.0544,-1.0293,-1.0293,-1.0293,-1.2178,-1.2178,-1.2178,-1.2178,-1.2178,-0.98828,-0.48926,-0.48926,-0.013184
-0.013184,-0.013184,-0.90039,-1.2998,-1.2998,-1.2998,-1.2998,-1.2998,-1.2998,-1.2998,-1.2485,-1.1665,-0.93262,-0.65356,-0.65356,-0.65356,-0.65356,-0.65356,-0.55859,-0.49072,-0.49072,-0.28003,-0.28003,-0.28003,-0.035156,-0.035156,0.54102,0.54102,0.54102,0.54102,1.1101,0.23022,-0.037109,-0.037109,-0.037109,-0.037109,-0.037109,-0.037109,-0.037109,0.1731,-0.059814,0.17603,0.17603,0.17603,0.32007,0.4082,0.53564,0.61157,0.61157,0.61157,0.61157,0.61157,0.0014648,-0.089111,-0.089111,-0.089111,-0.089111,-0.089111,-0.089111,0.073975,0.073975,0.63696,0.67163,0.67163,0.67163,0.67163,0.67163,0.67163,0.55322,0.60425,0.60425,0.60425,0.60425,0.60425,0.60425,0.51221,0.38867,0.38867,0.38867,0.38867,0.38867,0.1355,-0.17334,-0.17334,0.14404,-0.3396,-0.3396,-1.7444,0.95605,0.95605,0.95605,0.95605,1.1323,0.033691,0.033691,-0.74292,-0.74292,-0.74292,-0.74292,-0.74292,-0.74292,0.45337,1.0039,1.7383,1.2173,1.2173,1.2173,1.2173,1.2173,1.2173,0.54224,-1.7405,-1.7405,-1.8044,-1.3774,-1.3774,-1.3774,-1.3774,-1.3774,-1.3774,-1.0103,-0.73291,-0.45654,-0.45654,0.010498,0.010498,0.010498,0.010498,0.010498,0.010498
0.010498,0.010498,0.010498,0.010498,-1.0376,-1.3057,-1.3101,-1.4451,-1.4451,-1.4451,-1.4451,-1.4451,-1.4451,-1.4451,-1.4451,-0.75342,-0.75342,-0.53882,-0.53882,-0.53882,-0.53882,-0.53882,-0.53882,-0.47119,0.28198,0.28198,0.8606,0.8606,0.8606,0.8606,0.8606,1.0796,-0.013184,-0.013184,0.14624,0.14624,0.01709,0.01709,0.01709,0.01709,0.01709,0.01709,-0.093506,-0.0012207,0.26392,0.42822,0.42822,0.42822,0.42822,0.42822,0.42822,0.42822,0.51196,0.15186,0.15186,0.15186,0.15186,0.15186,0.15186,0.15186,0.045654,0.57544,0.78931,0.78931,0.78931,0.78931,0.78931,0.78931,0.78931,0.29834,0.26782,0.26782,0.26782,0.26782,0.26782,0.26782,0.26782,0.52002,0.35083,0.35083,0.40967,0.40967,0.40967,0.40967,0.40967,0.40967,-0.16504,-0.41284,-1.9812,-1.9812,-1.5569,-1.5569,-1.5569,-1.5569,-1.5569,0.98999,-0.079102,-0.079102,0.43066,0.43066,0.43066,0.43066,0.43066,1.0369,1.3228,1.4265,1.4265,0.69263,-0.16455,-0.58105,-0.58105,-0.58105,-0.58105,-0.58105,-0.58105,-1.1096,-1.6494,-1.2983,-0.91748,-0.91748,-0.91748,-0.91748,-0.91748,-0.77271,-0.77271,-0.40454,-0.0056152,0.40112,0.40112,0.40112
0.40112,0.40112,-1.1199,-1.3164,-1.3164,-1.5061,-1.5061,-1.5061,-1.5061,-1.5061,-1.5061,-1.6365,-0.86694,-0.65063,-0.65063,-0.5708,-0.5708,-0.51172,-0.51172,-0.51172,-0.51172,-0.51172,-0.51172,0.34326,0.34326,1.3047,1.3047,1.3047,1.3047,1.3047,1.3047,1.4617,1.4617,0.36499,0.42236,0.42236,0.28198,0.28198,0.22852,0.22852,0.44653,0.44653,0.44653,0.44653,0.44653,0.44653,0.5437,0.50952,0.62988,0.36035,0.36035,0.36035,0.36035,0.36035,0.36035,-0.018066,-0.18774,-0.10303,0.14526,0.14526,0.14526,0.14526,0.14526,0.14526,0.56128,0.45215,0.45215,0.45215,0.45215,0.45215,0.45215,0.86792,0.86792,0.43896,0.35083,0.38477,0.38477,0.38477,0.38477,0.38477,0.38477,0.323,0.12793,-0.51831,-0.51831,-0.34204,-0.34204,-0.34204,-0.34204,-0.34204,-1.8962,1.3738,1.3738,1.3738,1.3738,1.3738,1.3738,1.3738,0.52637,0.52637,0.57104,0.57104,0.57104,0.57104,0.57104,0.57104,1.613,1.323,0.13501,-0.61377,-0.61377,-0.61377,-1.1521,-1.1521,-1.1521,-1.1521,-1.1521,-1.4473,-0.91675,-0.72729,-0.73218,-0.73218,-0.70093,-0.67896,-0.67896,-0.67896,-0.67896,-0.67896,-0.67896,-0.67896
-0.7168,-0.7168,-0.7168,-0.7168,-0.7168,-0.7168,-0.7168,-1.2305,-1.3042,-1.2776,-1.2776,-1.0432,-1.0432,-1.0432,-1.0432,-1.0432,-0.8186,-0.8186,-0.56885,-0.56885,-0.56885,-0.56885,0.051758,0.58325,0.58325,0.58325,0.58325,0.58325,0.58325,0.70288,0.44067,-0.035156,-0.028809,-0.095947,-0.095947,-0.095947,-0.095947,-0.095947,-0.095947,-0.095947,-0.092041,0.26221,0.26221,0.26221,0.26221,0.26221,0.26221,0.4917,0.35889,0.39917,0.4165,0.4165,0.4165,0.4165,0.4165,0.4165,0.26782,0.17969,0.17969,0.17969,0.17969,0.17969,0.17969,0.32764,0.95166,0.95166,0.95166,0.95166,0.95166,0.6167,0.53931,0.44897,0.44897,0.080322,0.080322,0.080322,0.080322,0.080322,0.080322,0.17261,0.10107,-0.28516,-0.28516,-1.8826,-1.8826,-1.8826,-1.8826,-1.8826,-1.8826,-1.2009,-1.2009,1.4026,-0.1792,-0.1792,-0.1792,-0.1792,-0.1792,-0.1792,-0.1792,0.698,0.698,0.44434,0.44434,0.44434,0.44434,0.44434,0.44434,0.44434,-0.22485,-0.94849,-0.94849,-1.1907,-1.158,-1.158,-1.158,-1.158,-1.158,-1.158,-1.158,-0.89258,-0.72192,-0.69897,-0.69897,-0.69897,-0.69897,-0.69897,-0.69897,-0.59326,-0.59326,0.3147
-0.46191,-0.46191,-0.77905,-0.77905,-0.77905,-0.77905,-0.77905,-0.77905,-0.88354,-1.3347,-1.2917,-1.1719,-1.1719,-1.1719,-1.1719,-1.1719,-1.0203,-1.0203,-0.72119,-0.56372,-0.21948,-0.21948,-0.21948,-0.21948,-0.21948,-0.21948,0.38037,0.38037,0.70459,-0.001709,-0.001709,0.063721,0.063721,0.063721,0.063721,0.063721,0.063721,0.36719,0.39258,0.39258,0.39258,0.39258,0.39258,0.39258,0.39258,0.44629,0.097656,-0.010742,0.0058594,0.0058594,0.0058594,0.0058594,0.0058594,0.0058594,0.0058594,0.025146,-0.31958,-0.31958,-0.31958,-0.31958,-0.4519,-0.4519,-0.4519,0.44751,0.72168,0.72168,0.72168,0.72168,0.72168,0.72168,0.74487,0.9314,0.9314,0.77466,0.77466,0.66675,0.47998,0.47998,0.47998,0.16577,0.16577,-0.063477,-0.063477,-0.063477,-0.063477,-0.063477,-0.072266,0.55493,0.55493,0.55493,0.55493,0.55493,0.55493,0.55493,0.63794,-1.2,-0.59302,-0.59302,-0.59302,-0.59302,-0.59302,-0.59302,3.7078,3.7078,-2.1111,-2.1111,-2.0205,-2.0205,0.51025,0.51025,0.51025,0.51025,0.51025,0.51025,1.1741,1.9873,1.9778,1.2051,1.2051,1.2051,1.2051,1.2051,1.2051,1.2051,-0.67432,-0.94873,-1.4014,-1.4014,-1.7158,-1.7158
-0.43726,-0.43726,0.051025,-1.5344,-1.5344,-1.6702,-1.6702,-1.4226,-1.4226,-1.1987,-1.1987,-1.1987,-1.1987,-1.1987,-1.1987,-0.90332,-0.62622,-0.62622,-0.54443,-0.54443,-0.54443,-0.54443,-0.54443,-0.13354,0.82324,0.8208,0.8208,0.36621,0.36621,0.36621,0.36621,0.36621,0.36621,0.19482,0.19482,0.088135,0.067627,0.28003,0.28003,0.28003,0.28003,0.28003,0.28003,0.47168,0.72705,0.72705,0.66309,0.66309,0.66309,0.66309,0.66309,0.33032,0.33032,-0.017578,-0.017578,-0.017578,-0.017578,0.75635,0.75635,0.82935,0.60327,0.60327,0.60327,0.60327,0.60327,0.60327,0.41797,0.41797,0.5918,0.22852,0.22852,0.23413,0.23413,0.23413,0.23413,0.23413,0.23413,0.42041,0.61938,0.068848,-0.38135,-0.38135,-0.38135,-0.38135,-0.38135,-0.52563,-0.52563,-0.47363,1.6455,0.19653,0.19653,0.19653,0.19653,0.19653,0.33057,0.33057,1.1038,1.5496,1.5496,2.415,2.415,2.415,2.415,2.415,1.1873,1.1873,-1.5706,-1.908,-1.908,-1.908,-1.908,-1.908,-1.908,-1.908,-2.0845,-0.63354,-0.63354,-0.63354,-0.63354,-0.63354,-0.63354,-0.63354,0,0.44727,0.44727,0.27197,0.27197,0.27197,0.27197,0.27197
0.27197,0.27197,0.27197,0.27197,-1.2649,-1.4424,-1.4424,-1.3462,-1.2246,-1.2246,-1.2246,-1.2246,-1.2246,-1.2246,-0.88428,-0.33594,-0.33594,-0.40723,-0.40723,-0.40723,-0.40723,-0.40723,-0.42163,0.0078125,0.64087,0.84839,0.84839,0.76611,0.76611,0.76611,0.76611,0.76611,0.76611,0.63306,-0.020996,-0.020996,-0.20142,-0.20142,-0.20142,-0.20142,-0.20142,-0.20142,-0.40088,0.48364,0.48364,0.48364,0.48364,0.48364,0.48364,0.49365,0.012695,0.012695,0.012695,0.012695,0.012695,0.012695,-0.40234,0.34058,0.34058,0.68945,1.1167,1.1167,1.1167,1.1167,1.1167,1.1167,1.2019,0.75684,0.75684,0.83447,0.83447,0.83447,0.83447,0.83447,0.83447,0.7876,0.7876,0.7876,0.7876,0.7876,0.7876,0.21777,-0.46704,-1.2434,-1.2434,-2.1421,-2.1421,-2.1421,-2.1421,-2.1421,-2.1421,1.137,1.137,0.31958,-0.19336,-0.19336,0.59033,0.59033,0.59033,0.59033,0.59033,0.54858,1.6516,0.088867,0.088867,0.088867,-0.44922,-0.44922,-0.93213,-0.93213,-1.2625,-1.2625,-1.2625,-1.2625,-1.2625,-1.2625,-1.3535,-0.99805,-0.99805,-0.73535,-0.73535,-0.73535,-0.73535,-0.73535,-0.73535,-0.73535,-0.73535,0.42773,0.42773,-0.19116
-0.19116,-0.19116,-0.19116,-0.19116,-0.19116,-1.0681,-1.0681,-1.4058,-1.4058,-1.4058,-1.4058,-1.4058,-1.4058,-0.56958,-0.51807,-0.51807,-0.46484,-0.46484,-0.46484,-0.46484,-0.46484,-0.33325,-0.33325,0.82104,0.50806,0.50806,0.51221,0.51221,0.51221,0.51221,0.51221,0.51221,0.12451,0.12451,0.12451,-0.40186,-0.31128,-0.18921,-0.18921,0.053223,0.25854,0.25854,0.25854,0.25854,0.25854,0.25854,0.35107,0.34302,0.23804,0.053223,0.053223,0.053223,0.053223,0.053223,0.053223,0.053223,-0.092529,0.33911,0.33911,0.95435,0.95435,1.4583,1.4583,1.4583,1.4583,1.4583,0.75122,0.76733,0.69385,0.69385,0.69385,0.69385,0.69385,0.69385,0.34741,0.24683,0.24683,0.24683,-0.001709,-0.001709,-0.17871,-0.21021,-0.21021,-0.21021,-0.21021,-0.21021,-0.21021,-1.8442,1.1453,1.5344,1.5344,1.1008,1.1008,1.1008,1.1008,1.1008,1.1008,-0.15503,0.4397,1.4485,1.4485,0.9856,0.9856,0.9856,0.9856,0.9856,0.9856,0.9856,0.50488,-1.2261,-1.583,-1.583,-1.583,-1.583,-1.583,-1.583,-1.0762,-0.98804,-0.81152,-0.81152,-0.62842,-0.62842,-0.043457,0.50903,0.50903,0.50903,0.50903,0.50903,0.52588,-0.82739
0.50903,0.52588,-0.82739,-0.82739,-0.82739,-0.82739,-0.82739,-0.82739,-0.82739,-0.88306,-0.9104,-0.9104,-0.9104,-0.9104,-0.9104,-0.9104,-0.66602,-0.63794,-0.52637,-0.52637,-0.52637,-0.25781,0.28613,0.28613,0.28613,0.28613,0.28613,0.54517,0.43433,0.49829,0.47485,0.47485,0.47485,0.47485,0.47485,0.47485,-0.0070801,-0.091064,-0.1958,-0.15161,-0.15161,-0.15161,-0.15161,-0.15161,-0.15161,0.10767,0.3938,0.3938,0.3938,0.3938,0.38892,0.038574,0.038574,-0.31836,-0.31836,-0.31836,-0.31836,-0.31836,-0.31836,-0.32495,0.2561,0.84546,1.4644,1.4644,1.4644,1.4644,1.4644,1.4644,1.3901,0.75952,0.68188,0.68188,0.68188,0.68188,0.68188,0.74268,-0.010254,-0.010254,0.41504,0.41504,0.41504,0.054199,-0.29785,-0.29785,-0.29785,-0.29785,-0.29785,-0.29785,-0.54053,-2.7832,0.97852,1.4553,1.4553,1.4553,1.4553,1.4553,1.4553,1.1992,0.92285,0.92285,0.39038,0.39038,1.2456,1.3896,1.3896,0.82666,0.057373,0.057373,-0.53052,-0.53052,-1.2197,-1.2197,-1.2197,-1.2197,-1.3494,-1.3494,-1.1838,-1.1838,-0.96338,-0.96338,-0.96338,-0.96338,-0.96338,-0.96338,-0.83398,-0.62207,-0.62207,-0.077393,-0.077393,-0.077393
-0.077393,-0.077393,0.20874,-0.79663,-0.79663,-0.79663,-0.79663,-0.79663,-0.79663,-0.69653,-0.98584,-0.86206,-0.86206,-0.71875,-0.70752,-0.70752,-0.71069,-0.71069,-0.68604,-0.68604,-0.64941,-0.64941,-0.64941,-0.64941,-0.64941,-0.64941,-0.64941,0.21436,0.76123,0.76123,0.86353,0.86353,0.86353,0.86353,0.86353,0.86353,0.70508,-0.18994,-0.014404,-0.11475,-0.11475,-0.20923,-0.20923,-0.20923,-0.20923,-0.20923,-0.20923,-0.0354,0.40161,0.40161,0.39209,0.39209,0.39209,0.39209,0.39209,0.39209,0.40186,-0.1189,-0.048584,0.12524,0.12524,0.12524,0.12524,0.12524,0.12524,0.12524,0.35522,1.199,1.199,1.199,1.199,1.199,0.79175,0.79175,0.77441,0.77441,0.6084,0.6084,0.6084,0.1001,0.037109,0.037109,0.037109,0.037109,0.037109,0.037109,0.25171,-0.60132,-0.5415,-0.5415,-0.77222,-0.77222,-0.77222,-0.77222,-0.77222,-0.77222,-2.3279,0.66602,0.38428,0.38428,-0.48242,-0.48242,-0.48242,-0.48242,-0.48242,-0.48242,0.59424,2.1147,2.1147,1.1409,1.1409,1.1409,1.1409,1.1409,1.1409,0.50342,-0.99414,-1.2583,-1.2583,-1.2029,-1.0356,-1.0356,-1.0356,-1.0356,-1.0356,-1.0356,-0.95557,-0.95557,-0.95557,-0.69141
0.12769,0.33521,-1.4602,-1.4602,-1.4436,-1.4436,-1.4568,-1.4568,-1.4568,-1.4568,-1.4568,-1.4568,-1.2542,-1.2542,-1.2542,-1.2542,-0.91357,-0.39063,-0.39063,-0.39063,-0.39063,-0.39063,-0.39063,-0.39063,0.23877,0.84619,0.42139,0.42139,0.42139,-0.60522,-0.75781,-0.75781,-0.75781,-0.75781,-0.75781,-0.75781,-0.12134,-0.18555,-0.020264,-0.020264,-0.020264,-0.020264,-0.020264,-0.020264,-0.020264,0.13037,0.34155,0.39917,0.34399,0.34399,0.072754,0.072754,0.072754,0.072754,0.072754,0.072754,0.15625,0.15625,0.51563,0.95239,0.95239,1.5088,1.5088,1.5088,1.5088,1.5088,1.5088,0.79272,0.79272,0.57031,0.57031,0.57031,0.57031,0.57031,0.53979,-0.095947,-0.095947,0.11084,0.11084,0.11084,0.11084,0.38574,-0.18896,-0.18896,-0.18896,-0.18896,-0.18896,-0.18896,1.009,1.2568,0.25708,0.25708,0.25708,0.25708,0.25708,0.25708,0.13696,0.76367,0.7876,1.4216,1.4216,1.4839,1.4839,1.4839,1.4839,1.4839,-0.49194,-0.49194,-1.1492,-1.5242,-1.5242,-1.5242,-1.5242,-1.5242,-1.5242,-1.5498,-1.5498,-0.95679,-0.95679,-0.68188,-0.54443,-0.54443,-0.54443,-0.54443,-0.54443,-0.54443,0.45068,-0.66528,-1.1484,-1.1484
-0.66528,-1.1484,-1.1484,-1.1484,-1.1484,-1.1484,-1.1484,-1.1484,-1.2305,-1.1465,-0.93213,-0.93213,-0.93213,-0.73022,-0.6665,-0.6665,-0.6665,-0.6665,-0.6665,-0.6665,-0.6665,-0.66772,-0.20386,0.49585,0.49585,0.58081,0.58081,0.58081,0.58081,0.48096,-0.24146,-0.18408,-0.18408,-0.16309,-0.25879,-0.25879,-0.23413,-0.23413,-0.23413,-0.23413,-0.23413,-0.23413,-0.23413,0.020996,0.3374,0.3374,0.19556,0.19556,0.19556,0.19556,0.19556,0.090332,0.090332,-0.31763,-0.31763,-0.21875,-0.21875,0.11426,0.11426,0.11426,0.11426,0.11426,0.11426,0.62207,0.92236,0.92236,0.81689,0.81689,0.81689,0.81689,0.81689,0.81689,0.95337,0.018311,0.018311,-0.041016,-0.041016,0.23877,0.23877,0.23877,0.23877,0.23877,-0.14648,-0.56519,-2.3167,-2.3167,-2.3167,-2.3167,-2.3167,-2.3167,-2.3167,0.42212,0.21558,-0.45508,-0.45508,-0.45508,0.82788,0.82788,0.84131,0.84131,0.84131,0.84131,0.84131,1.3167,1.3167,0.41211,0.41211,-0.40942,-0.40942,-0.9043,-1.3115,-1.3115,-1.3115,-1.3115,-1.3115,-1.5037,-0.92554,-0.75317,-0.6792,-0.6792,-0.6792,-0.6792,-0.6792,-0.6792,-0.6792,0.42163,0.42163,0.42163,0.42163,0.42163
0.42163,0.42163,0.42163,-0.12549,-1.4558,-1.5779,-1.5681,-1.5681,-1.5681,-1.5681,-1.5681,-1.5205,-1.5205,-0.64282,-0.64282,-0.58423,-0.58423,-0.58423,-0.58423,-0.58423,-0.58423,-0.41846,-0.41846,-0.0056152,-0.0056152,-0.0056152,0.59521,0.59521,0.59521,0.625,0.625,0.625,0.625,0.625,0.099609,-0.042969,-0.1084,-0.1084,-0.1084,-0.1084,-0.1084,-0.15283,-0.13989,0.057129,0.43188,0.43188,0.43188,0.3396,0.02002,0.02002,-0.146,-0.146,-0.28735,-0.28735,-0.10889,-0.10889,-0.10889,-0.10889,-0.10889,0.88745,1.3511,1.1614,1.1614,1.1614,1.1614,1.1614,1.1614,1.1614,0.95679,1.1113,0.78735,0.78735,0.14331,0.14331,0.14331,0.14331,0.14331,0.14331,-0.025391,-0.5144,-0.88599,-0.979,-0.979,-0.979,-0.979,-0.979,-0.979,-0.9126,1.5154,-0.10791,-0.10791,-0.10791,-0.29004,-0.063477,-0.063477,-0.063477,-0.063477,-0.063477,-0.063477,1.2249,1.8633,0.61646,0.61646,0.61646,-0.24561,-0.24561,-0.75317,-0.75317,-0.75317,-0.75317,-0.75317,-0.75317,-1.1694,-1.252,-0.46387,-0.46387,-0.46387,-0.46387,-0.46387,-0.46387,-0.3772,-0.031738,-0.031738,-0.031738,-0.031738,-0.031738,-0.44434,-0.44434,-1.3064,-1.4526
-0.44434,-1.3064,-1.4526,-1.4526,-1.502,-1.5554,-1.5554,-1.5554,-1.4414,-1.0715,-1.0715,-0.82764,-0.82764,-0.82764,-0.82764,-0.82764,-0.58545,-0.53198,-0.40991,-0.40991,-0.40991,-0.40991,-0.40991,-0.40991,0.17383,0.47705,0.61133,0.61133,0.53027,0.56812,0.56812,0.56812,0.56812,0.56812,0.56812,0.47266,-0.11914,-0.1106,0.030273,0.030273,0.030273,0.030273,0.030273,0.030273,0.2981,0.42188,0.26538,0.22192,0.22192,0.22192,0.22192,0.22192,0.22192,-0.035645,-0.57495,-0.47803,-0.47803,-0.47803,-0.47803,-0.47803,-0.47803,-0.005127,0.77051,1.3862,1.3862,0.86108,0.86108,0.77026,0.74927,0.74927,0.74927,0.74927,0.74927,0.74927,0.91699,0.36719,0.38354,0.38354,0.076904,0.076904,0.076904,0.076904,0.076904,0.076904,0.076904,0.076904,0.076904,-0.30859,-0.30859,-2.0188,2.0244,0.94385,0.94385,-0.19556,-0.19556,-1.0945,-1.0945,0.44995,0.44995,0.72925,0.72925,1.3853,1.3853,1.3853,1.3853,1.3853,1.3853,2.5186,0.56714,-0.19214,-0.67383,-0.67383,-0.67383,-0.67383,-0.67383,-0.67383,-1.2168,-1.0701,-0.78906,-0.78906,-0.6499,-0.6499,-0.6499,-0.6499,-0.6499,-0.6499,-0.53784,-0.16406,-0.16406,-0.16406
-0.16406,-0.97388,-0.97388,-1.4895,-1.6721,-1.6721,-1.6721,-1.6721,-1.6721,-1.6721,-1.5786,-1.1436,-1.1436,-0.8606,-0.8606,-0.8606,-0.8606,-0.8606,-0.72681,-0.67017,-0.67017,-0.5686,-0.5686,-0.20313,0.59619,0.59619,0.59619,0.59619,0.59619,0.59619,0.76123,0.16284,-0.015869,-0.015869,0.019043,0.019043,0.019043,0.019043,0.019043,0.019043,-0.088623,0.11401,0.11401,0.11401,0.11401,0.11401,0.11401,0.39526,0.51416,0.42773,0.4231,0.4231,0.4231,0.4231,0.4231,0.4231,0.20361,-0.21167,-0.21167,-0.21167,0.30127,0.30127,0.30127,0.30127,0.30127,1.1682,1.1682,0.82373,0.82373,0.93506,0.93506,1.0989,1.0989,1.0989,1.0989,1.0989,1.0989,1.1606,0.51782,0.51782,0.302,0.302,0.302,0.302,0.302,0.302,-0.087646,0.25806,-1.0088,-2.7161,-2.7161,1.8389,1.8389,1.8389,1.8389,1.8389,1.8389,1.1411,0.27344,0.55054,1.2197,1.2197,1.2197,1.2197,1.2197,1.2197,1.2197,1.0559,-0.229,-0.229,-0.92017,-0.92017,-1.186,-1.186,-1.3806,-1.3806,-1.3806,-1.3806,-1.3806,-1.3806,-1.4294,-0.91016,-0.91016,-0.72095,-0.72095,-0.72095,-0.72095,-0.72095,-0.72095,-0.42651
0.44849,0.44849,0.44849,-1.3833,-1.6323,-1.6323,-1.7969,-1.7969,-1.7969,-1.7969,-1.7969,-1.8469,-1.4568,-1.1611,-1.1611,-0.86011,-0.86011,-0.86011,-0.86011,-0.86011,-0.75757,-0.39966,0.12744,0.12744,0.12744,0.6936,0.97534,0.97534,0.97534,0.97534,0.97534,0.97534,1.158,0.49536,0.1709,-0.044434,-0.044434,-0.044434,-0.044434,-0.044434,-0.044434,-0.2207,-0.2207,0.70679,0.70679,0.70679,0.70679,0.70679,0.70679,0.70679,0.81836,0.37793,-0.21411,-0.21411,-0.21411,-0.21411,-0.21411,-0.21411,-0.21411,-0.21411,-0.59204,0.53369,1.1321,1.0837,1.0837,1.0837,1.0837,1.0837,1.0837,1.0837,1.0837,0.86987,1.4646,0.87158,0.87158,0.39331,0.39331,0.39331,0.39331,0.39331,0.39331,0.39331,0.067139,0.24243,0.24243,0.24243,0.24243,0.24243,0.24243,-2.2136,1.1882,0.98389,0.24536,0.24536,0.24536,0.24536,0.24536,0.24536,0.22412,1.4995,1.6138,1.6138,1.6138,1.6138,1.8699,0.44824,-0.13232,-0.72339,-0.72339,-1.1501,-1.1501,-1.1501,-1.1501,-1.1501,-1.1501,-1.1501,-1.311,-1.0798,-1.0798,-1.0249,-1.0249,-1.0249,-1.0249,-1.0249,-0.85352,-0.68579,0.080811,0.080811,0.080811,0.080811
0.080811,0.080811,0.24316,-1.094,-1.1814,-1.2937,-1.2937,-1.2937,-1.2937,-1.2937,-1.2937,-1.4204,-1.1563,-0.93872,-0.93872,-0.76709,-0.76709,-0.70093,-0.70093,-0.52051,-0.52051,-0.52051,-0.52051,-0.52051,0.40063,0.54541,0.50146,0.50146,0.50146,0.50146,0.50146,0.50146,0.50146,0.32471,0.10913,0.10913,-0.12769,-0.11938,-0.11938,-0.11938,-0.11938,-0.11938,-0.11938,-0.11938,0.20605,0.61401,0.61401,0.45044,0.45044,0.45044,0.45044,0.45044,0.45044,0.28296,-0.73022,-0.65991,-0.65991,-0.077637,-0.077637,-0.077637,-0.077637,-0.077637,-0.077637,0.78418,0.88745,0.77002,0.77002,0.77002,0.77002,0.77002,0.77002,1.2983,1.0708,0.68286,0.68286,0.50195,0.50195,0.50195,0.50195,0.50195,0.50195,0.11206,-0.75513,-0.75513,-2.0449,-2.0449,-2.0449,-2.0449,-2.0449,-2.0449,0.34399,0.34399,0.31714,0.043457,0.043457,0.043457,0.043457,0.043457,0.043457,1.3049,1.5735,1.301,1.301,0.43677,0.43677,-0.16846,-0.16846,-0.16846,-0.16846,-0.16846,-0.16846,-0.67114,-1.5083,-1.5083,-1.116,-1.116,-1.116,-0.78394,-0.87866,-0.87866,-0.87866,-0.87866,-0.87866,-0.87866,-0.83472,-0.83472,0.021484,0.12598,0.12598,0.12598
0.12598,0.12598,0.12598,0.12598,-0.79102,-1.3059,-1.3059,-1.3059,-1.3059,-1.3059,-1.3059,-1.3708,-0.9834,-0.85938,-0.84473,-0.84473,-0.84473,-0.84473,-0.84473,-0.84473,-0.44385,0.21606,0.21606,0.74121,0.74121,0.74121,0.74121,0.74121,0.75879,0.58569,0.58569,0.32324,0.32324,0.32324,0.32324,0.32324,0.32324,0.32324,0.01123,-0.14575,0.24756,0.24756,0.24756,0.24756,0.24756,0.24756,0.49829,0.42676,0.42676,0.42676,0.42676,0.42676,0.42676,0.2124,-0.32056,-0.18286,-0.18286,0.25391,0.25391,0.25391,0.25391,0.25391,0.25391,1.3518,0.94312,0.94312,0.78345,0.78345,0.78345,0.78345,0.78345,0.32983,0.32983,-0.19214,-0.19214,-0.19214,-0.34839,0.0029297,0.0029297,0.0029297,0.0029297,0.0029297,0.0029297,0.2356,-0.12451,-0.12451,-1.8625,-1.8625,-1.8625,-1.8625,-1.8625,-1.8625,-1.8625,0.69727,0.6084,0.6084,-0.18408,0.63428,0.63428,0.63428,0.63428,0.63428,0.81104,1.8398,-0.10815,-0.10815,-0.10815,-0.69873,-0.69873,-0.69873,-0.69873,-0.69873,-1.3047,-1.3047,-1.3206,-1.1077,-0.87158,-0.87158,-0.87158,-0.87158,-0.87158,-0.87158,-0.85132,-0.58032,-0.46802,-0.003418,-0.003418,-0.003418,-0.003418,-0.003418
-0.003418,-0.003418,-0.092285,-1.533,-1.4548,-1.4548,-1.4548,-1.4548,-1.4548,-1.4548,-1.428,-1.1196,-0.84033,-0.84033,-0.84033,-0.84033,-0.84033,-0.84033,-0.84033,-0.72852,0.083008,0.64209,0.64209,0.71021,0.71021,0.52637,0.52637,0.13867,0.085693,0.085693,0.085693,0.085693,0.085693,0.085693,0.11816,-0.086426,-0.079102,0.19287,0.19287,0.19287,0.19287,0.19287,0.19287,0.19287,0.52368,0.30664,0.21606,0.21606,0.21606,0.21606,0.21606,0.21606,0.21606,-0.66577,-0.32666,0.48071,1.4744,1.4744,1.4744,1.4744,1.4744,1.4744,1.4744,1.8281,1.0469,1.0469,1.2263,1.0837,1.0837,0.2771,0.2771,0.12622,0.12622,0.12622,0.12622,-0.23926,-0.33276,-0.2002,-0.2002,-0.2002,-0.2002,-0.2002,-0.2002,-1.6101,1.5845,1.188,1.188,1.188,1.188,1.188,1.188,0.73218,1.1809,1.4175,1.4175,1.4175,1.4175,1.4175,1.4175,1.7903,-0.033691,-0.92969,-1.241,-1.241,-1.4543,-1.4543,-1.4543,-1.408,-0.97607,-0.61719,-0.61719,-0.61719,-0.61719,-0.65674,-0.61499,-0.61499,-0.43823,-0.43823,-0.43823,-0.43823,-0.43823,-0.43823,-1.3604,-1.3604,-1.3604,-1.3604,-1.3604,-1.3604,-1.3604,-1.5557
-0.43823,-1.3604,-1.3604,-1.3604,-1.3604,-1.3604,-1.3604,-1.3604,-1.5557,-1.5557,-1.0073,-1.0073,-1.0073,-1.0073,-0.7854,-0.86011,-0.86035,-0.86035,-0.86035,-0.86035,-0.86035,-0.86035,-0.6853,-0.6853,0.84302,0.84302,0.97754,0.97754,0.97754,0.97754,0.8374,0.23364,0.23364,-0.091797,-0.091797,-0.31445,-0.40039,-0.40039,-0.40039,-0.40039,-0.40039,-0.40039,0.087158,0.087158,0.52588,0.60815,0.60815,0.60815,0.60815,0.60815,0.60815,0.60815,0.23706,0.23706,0.71997,0.71997,0.71997,1.3008,1.3008,0.89526,0.89526,0.89526,0.89526,0.89526,0.89526,0.48438,0.73828,0.73828,0.75195,0.75195,0.75195,0.83252,0.75073,0.75073,0.75073,0.75073,0.75073,0.75073,-0.08667,-0.0083008,-0.0083008,-0.0083008,-0.0083008,-0.0083008,-0.0083008,-0.0083008,-0.44263,0.92822,0.92822,0.92822,0.92822,0.92822,0.029053,1.2112,1.4851,1.4851,1.4851,1.4851,1.4851,1.4851,1.5762,0.55298,-0.3623,-1.3379,-1.5442,-1.5442,-1.4114,-1.4114,-1.0071,-1.0071,-1.0071,-1.0071,-1.0071,-1.0071,-0.82983,-0.52539,-0.52539,-0.11475,-0.11475,-0.11475,0.10229,-0.40137,-0.40137,-1.2827,-1.2827,-1.2827,-1.2827,-1.2827,-1.2827,-1.2969
-0.40137,-1.2827,-1.2827,-1.2827,-1.2827,-1.2827,-1.2827,-1.2969,-1.2969,-1.2969,-1.2969,-1.2969,-1.2969,-1.2969,-0.64795,-0.54492,-0.54492,-0.43579,-0.43579,-0.43579,-0.43579,-0.43579,-0.30298,-0.30298,0.60718,0.5271,0.5271,0.5271,0.25635,0.25635,0.087158,0.087158,0.087158,0.087158,0.087158,0.087158,0.0021973,-0.10376,-0.026855,0.33691,0.33691,0.53589,0.53589,0.53589,0.53589,0.53589,0.53589,0.67334,0.47803,-0.11035,-0.11035,-0.11035,-0.11035,-0.11035,-0.11035,-0.62207,-0.15527,0.79053,1.6675,1.6675,1.6675,1.6675,1.6675,1.6675,1.5913,0.91968,1.3789,1.3789,1.2212,1.2212,0.20728,0.20728,-0.17871,-0.17871,-0.17871,-0.17871,-0.17871,-0.17871,0.035645,0.035645,0.29517,0.078613,-0.11597,-0.11597,-0.11597,-0.11597,-0.11597,-0.11597,-1.5647,-0.59741,-0.48047,-0.48047,-0.48047,-0.48047,-0.48047,-0.48047,0.024414,0.024414,1.7656,1.7656,1.7656,1.7656,1.7656,1.7656,1.7656,1.9397,-0.099365,-0.62744,-0.94287,-0.94287,-0.94287,-0.94287,-0.94287,-1.1663,-0.95093,-0.4729,-0.4729,-0.24512,-0.24512,-0.24512,-0.24512,-0.033691,0.24927,0.12305,0.12305,-0.11597,-0.11597,-0.11597,-0.11597,-0.11597
-0.11597,-0.11597,-0.11597,-0.59937,-1.7485,-1.77,-1.5771,-1.5771,-1.5771,-1.5771,-1.5771,-1.5771,-1.2312,-0.64111,-0.50684,-0.50684,-0.53027,-0.53027,-0.53027,-0.53027,-0.53027,-0.53027,-0.58813,-0.58813,0.42212,0.18115,0.18115,-0.082764,-0.082764,-0.29858,-0.15015,-0.15015,-0.26489,-0.26489,-0.45215,-0.45215,-0.45215,-0.45215,-0.45215,-0.45215,-0.45215,-0.074463,-0.074463,0.21533,0.13892,0.13892,0.13892,0.13892,0.13892,0.18115,0.18115,-0.15405,-0.15405,-0.15405,-0.15405,-0.15405,-0.15405,-0.56396,-0.15967,0.57104,1.5603,1.5603,1.5603,1.5603,1.5603,1.5603,1.9819,1.5811,1.1008,1.1001,1.1001,0.74756,0.74756,0.74756,-0.030029,-0.36401,-0.36401,-0.36401,-0.016846,0.050781,0.050781,0.037109,0.037109,0.037109,0.037109,0.037109,-0.36255,-0.36255,-1.9814,0.74976,0.74976,0.74976,0.74976,0.74976,0.74976,2.1536,-0.15942,-0.15942,-0.15942,-0.15942,-0.15942,-0.15942,-0.15942,-0.15942,1.8801,0.27637,0.27637,0.27637,0.27637,0.27637,0.27637,-0.86084,-1.8928,-1.6331,-1.1826,-1.1826,-0.81201,-0.81201,-0.81201,-0.65381,-0.42334,-0.42334,-0.23706,-0.23706,-0.23706,-0.23706,-0.23706,0.43237,0.55957,0.55957
-0.37085,-1.1809,-1.1809,-1.1809,-1.1809,-1.1809,-1.1809,-1.4365,-1.8904,-2.0505,-1.5657,-1.5657,-1.5657,-1.5657,-1.5657,-1.5657,-1.0854,-0.52759,-0.52759,-0.54077,-0.54077,-0.54077,-0.54077,-0.54077,-0.54077,-0.36646,0.89233,0.89233,0.89233,1.2947,1.209,1.209,0.54907,0.54907,0.41919,0.41919,0.46265,0.46265,0.46265,0.46265,0.2439,-0.074219,0.15063,0.15063,0.35474,0.35474,0.35474,0.35474,0.35474,0.35474,0.47046,0.76001,0.63721,0.63721,0.63721,0.63721,0.63721,0.63721,-0.17432,-0.17432,-0.082031,0.38599,0.38599,0.38599,0.38599,0.38599,0.38599,0.8623,0.58081,0.58081,0.58081,0.4751,0.61548,0.61548,0.61548,0.61548,0.61548,0.61548,0.82788,0.10156,0.14258,0.12988,0.12988,0.146,0.146,0.146,0.146,0.146,0.146,-1.4534,-2.9385,-2.9385,1.6621,1.6621,1.6621,1.6621,1.6621,1.6621,1.2129,0.5105,0.5105,1.3071,1.3071,1.3071,1.3071,1.3071,1.4453,0.90503,-0.21924,-1.1089,-1.1089,-1.1089,-1.1089,-1.1089,-1.1089,-1.3569,-1.2798,-1.2798,-0.87964,-0.87964,-0.72998,-0.72998,-0.72998,-0.72998,-0.72998,-0.72998,-0.73584,0.3291,0.3291,0.3291
0.27173,0.27173,0.27173,0.27173,-1.7856,-1.7993,-1.7993,-1.9661,-1.9661,-1.9661,-1.9661,-1.9661,-1.7781,-1.7781,-0.61157,-0.61157,-0.61157,-0.61157,-0.61157,-0.61157,-0.53296,-0.31934,-0.01416,0.57397,0.57397,0.57397,0.57397,0.57397,0.57397,1.0845,0.91235,0.91235,0.61963,0.49854,0.49854,0.40576,0.40576,0.40576,0.40576,0.18628,0.34619,0.34619,0.46997,0.46997,0.59155,0.59155,0.59155,0.59155,0.59155,0.59155,0.34497,-0.13745,-0.29858,-0.29858,-0.29858,-0.29858,-0.29858,-0.29858,-0.15112,0.96802,0.96802,1.3425,1.0916,1.0916,1.0916,1.0916,1.0916,0.56274,0.56274,1.0283,0.67358,0.67358,0.094238,0.094238,0.031982,0.031982,-0.031982,-0.031982,0.10815,0.10815,0.10815,0.10815,0.10815,0.04126,-0.47949,-2.6958,-2.6958,-2.6958,-2.6958,-2.6958,-2.6958,0.43335,1.1204,1.1204,1.1204,1.1204,1.1204,1.1204,1.259,1.9221,1.9221,2.4141,2.4141,2.4141,2.4141,2.4141,2.4141,1.0769,-1.6125,-1.6125,-1.9351,-1.9351,-1.8591,-1.8591,-1.8591,-1.8591,-1.5378,-0.89429,-0.65283,-0.65112,-0.37085,-0.37085,-0.37085,0.14722,-0.027588,-0.027588,-0.027588,-0.027588,-0.027588,-0.027588
-0.027588,-0.027588,-0.027588,-1.2798,-1.4326,-1.4429,-1.4429,-1.4429,-1.4429,-1.4429,-1.4429,-1.6992,-0.6521,-0.6521,-0.6521,-0.6521,-0.6521,-0.6521,-0.2334,-0.054932,0.38867,0.38867,0.38867,0.38867,0.38867,0.38867,0.38867,0.8916,0.53809,0.53809,0.20557,0.20557,0.11133,0.11133,0.11133,0.11133,0.11133,0.11133,0.12451,-0.081299,-0.081299,0.14087,0.14087,0.14087,0.14087,0.14087,0.14087,0.14087,0.37988,0.36011,0.36011,0.034668,-0.18921,-0.18921,-0.18921,-0.18921,-0.18921,-0.32324,0.28784,0.87988,0.87988,1.4285,1.4285,1.4285,1.4285,1.4285,1.4285,1.4431,0.7749,0.7749,0.94751,0.94751,0.94751,0.94751,0.94751,0.67334,-0.29224,-0.29224,0.013916,0.013916,0.15356,0.15356,0.15356,-0.4043,-0.011475,-0.011475,-1.2725,-1.2725,-1.2725,-1.2725,-1.2725,2.356,1.3535,-0.051758,-0.051758,-0.80933,-0.35938,-0.35938,-0.35938,-0.35938,-0.35938,-0.35938,0.84302,0.84302,1.3772,1.3772,1.3772,1.3772,1.3772,1.3772,0.6355,-1.6399,-1.6399,-1.7026,-1.7026,-1.7026,-1.7026,-1.7026,-1.7026,-1.3167,-0.34888,-0.34888,-0.077393,-0.077393,-0.34229,-0.34229,-0.20581,-0.20581,-0.20581,-0.20581
-0.28003,-0.28003,-1.5313,-1.5313,-1.5313,-1.5408,-1.5408,-1.5408,-1.5408,-1.5408,-1.5911,-1.2678,-0.95093,-0.68628,-0.68628,-0.68628,-0.68628,-0.68628,-0.68628,-0.55566,-0.33228,0.33032,0.7168,0.7168,0.7168,0.7168,0.7168,0.7168,0.82153,-0.17334,-0.17334,0.090088,0.090088,0.31836,0.31836,0.31836,0.31836,0.31836,0.31836,0.32153,0.36865,0.54175,0.59448,0.59448,0.30078,0.30078,0.30078,0.30078,0.30078,0.14087,0.053711,0.053711,-0.20972,-0.20972,-0.31494,-0.18384,-0.18384,-0.18384,-0.18384,-0.18384,-0.18384,0.25586,1.4072,0.99634,0.99634,0.99634,0.91309,0.90259,0.90259,0.80884,0.80884,0.80884,0.80884,0.80884,0.80884,0.41016,0.41016,0.28467,0.28467,-0.0058594,0.010498,0.010498,-1.1577,-1.1577,-1.5669,-1.5669,-1.5669,-1.5669,-1.5669,-1.5669,0.79663,1.7153,0.25342,0.31128,0.31128,0.31128,0.31128,0.31128,0.31128,0.89014,0.89014,0.89014,0.89014,0.89014,0.89014,0.89014,-0.50195,-0.50195,-0.85864,-1.106,-1.106,-1.106,-1.106,-1.106,-1.106,-1.0308,-1.1338,-1.1338,-1.0801,-1.0801,-0.94629,-0.94629,-0.60327,-0.60327,0.23218,0.35889,0.35889,-0.34863,-0.34863,-1.033
-0.34863,-1.033,-1.033,-0.83154,-0.83154,-0.83154,-0.83154,-0.83154,-0.5835,-0.70776,-0.39893,-0.39893,-0.34375,-0.34375,-0.34375,-0.34375,-0.34375,-0.34375,-0.66479,-0.7168,-0.7439,-0.7439,-0.7439,-0.7439,-0.7439,-0.7439,-0.7439,-0.50122,0.54785,0.54785,0.34912,0.34912,0.34912,0.34912,0.34912,0.34912,-0.1543,-0.1543,-0.1543,-0.1543,-0.1543,-0.1543,-0.1311,-0.23096,0.011475,0.21021,0.21021,0.44116,0.44116,0.44116,0.44116,0.44116,0.4624,0.4624,0.16943,-0.31274,-0.31274,-0.31274,-0.16357,-0.16357,0.38159,0.38159,0.38159,0.38159,0.38159,1.095,1.9067,1.2856,0.78101,0.78101,0.78101,0.78101,0.78101,0.78101,0.71802,0.68506,-0.18945,-0.18945,-0.50342,-0.50342,0.11353,0.11353,0.11353,0.11353,0.11353,0.11353,0.11353,-0.11157,-1.1777,-1.1777,-2.991,-2.991,-2.991,-2.991,-2.991,0.78296,0.78296,-0.97266,-1.0247,-1.0247,0.10693,0.10693,0.10693,0.10693,0.10693,0.10693,1.5442,1.8008,1.8008,0.34155,0.34155,0.34155,0.34155,0.34155,0.34155,-0.61548,-1.5576,-1.4453,-1.2095,-1.2095,-1.2095,-1.2095,-1.2095,-0.85034,-0.85034,-0.85034,-0.63501,-0.20117,-0.20117,0.10425
0.10425,0.10425,-0.15845,-1.6123,-1.6462,-1.6284,-1.6284,-1.6284,-1.6284,-1.6284,-1.6284,-1.6284,-1.5383,-0.42212,-0.39233,-0.39233,-0.39233,-0.39233,-0.39233,-0.39233,-0.39233,-0.23755,0.36426,0.79907,0.79907,0.82031,0.82031,0.82031,0.82031,0.82031,0.52832,0.039307,0.039307,0.31982,0.31982,0.31982,0.31982,0.31982,0.31982,-0.0029297,-0.0029297,0.19019,0.35034,0.4585,0.4585,0.3894,0.21021,0.21021,0.21021,0.21021,0.21021,0.036377,-0.41187,-0.58643,-0.31982,-0.31982,-0.31982,-0.31982,-0.31982,-0.31982,0.33228,1.647,1.647,1.647,1.647,1.647,1.647,0.90967,0.9502,0.9502,0.58862,0.58862,0.58862,0.58862,0.58862,0.58862,-0.26221,0.21777,0.56714,0.42749,0.42749,0.60083,0.60083,-0.66138,-0.66138,-0.42407,-2.1226,-2.1226,-2.1226,-2.1226,-2.1226,-2.1226,1.4646,1.4646,0.16846,0.30054,0.30054,0.30054,0.30054,0.30054,0.30054,-0.71216,1.6648,2.196,2.196,2.196,2.196,2.196,2.196,2.196,1.4167,-1.239,-1.521,-1.521,-1.521,-1.521,-1.521,-1.521,-1.521,-1.5151,-1.4324,-0.87988,-0.87988,-0.59351,-0.59351,-0.59351,-0.59351,-0.59351,-0.59351,-0.29932
-0.8877,-0.89087,-0.89087,-0.89087,-0.89087,-0.89087,-0.89087,-0.89087,-0.73364,-0.73364,-0.42065,-0.42065,-0.42065,-0.42065,-0.42065,-0.42065,-0.1604,-0.18311,-0.18311,-0.18311,-0.18311,-0.18311,-0.18311,-0.05249,0.52173,1.0486,0.92114,0.92114,0.92114,0.92114,0.92114,0.92114,0.45605,-0.40381,-0.068115,-0.068115,0.080322,-0.099854,-0.099854,-0.17603,-0.17603,0.19434,0.19434,0.40234,0.40234,0.40234,0.40234,0.56592,0.56909,0.56909,0.1626,0.1626,0.1626,0.1626,0.1626,0.1626,-0.55737,-0.047363,-0.047363,-0.047363,-0.047363,-0.047363,-0.047363,0.69019,1.2026,1.2026,0.73853,0.73853,0.73853,0.73853,0.73853,0.73853,0.83667,0.031006,0.031006,-0.28613,-0.28613,0.1377,0.1377,0.1709,0.37891,0.37891,0.1626,0.1626,-0.42847,-0.42847,-0.96973,-0.96973,-0.96973,-0.96973,-0.96973,-0.96973,1.2449,2.2371,0.22485,0.22485,0.22485,0.22485,0.22485,0.22485,0.53247,1.4541,1.4541,1.4541,1.4541,1.4541,1.4541,1.4541,0.60962,-0.2854,-0.2854,-1.0066,-1.0066,-1.0066,-1.0066,-1.0066,-1.0066,-1.542,-1.3496,-1.0188,-0.78101,-0.78101,-0.66577,-0.66577,-0.66577,-0.66577,-0.66577,-0.66577,-0.29736,-0.16699
-0.38574,-0.38574,-0.38574,-1.2153,-1.6277,-1.613,-1.6565,-1.6565,-1.2754,-1.2754,-1.2754,-1.2754,-1.2754,-1.2754,-0.71899,-0.71899,-0.2251,-0.2749,-0.2749,-0.2749,-0.2749,-0.2749,-0.2749,-0.2749,-0.19116,0.47119,0.84839,0.90161,0.90161,0.90161,0.90161,0.90161,0.90161,0.63354,0.63354,-0.20239,0.098633,0.098633,-0.29688,-0.29688,-0.14893,-0.14893,-0.14893,-0.14893,-0.14893,0.25684,0.56274,0.56274,0.55957,0.55957,0.61279,0.61279,0.61279,0.61279,0.61279,0.61279,0.26147,-0.41309,-0.34985,0.099365,0.099365,0.099365,0.099365,0.099365,0.099365,0.62451,1.5356,0.93042,0.45117,0.45117,0.45117,0.45117,0.45117,0.45117,0.69043,0.7417,0.05835,0.05835,-0.29541,0.010742,0.010742,0.22729,-0.091553,-0.091553,-0.091553,0.17334,0.17334,0.17334,0.17334,0.17334,-4.7576,0.043945,1.3696,1.3696,1.3696,1.3696,1.3696,1.3696,0.94556,0.94556,1.5574,1.5574,1.5574,1.5574,1.5574,1.5574,1.5574,1.5574,1.5574,1.5574,1.5574,1.0793,-0.18115,-0.18115,-0.55005,-0.55005,-0.55005,-0.55005,-0.55005,-0.55005,-1.0273,-1.0635,-1.084,-1.084,-1.084,-1.084,-1.084,-1.084,-1.1948,-0.8457
-0.098633,-0.098633,-0.098633,-0.098633,-1.0015,-0.93848,-1.0601,-1.1069,-1.1069,-1.1069,-1.1069,-1.1069,-1.1069,-0.72729,-0.3728,-0.46631,-0.61035,-0.61035,-0.61035,-0.61035,-0.61035,-0.61035,-0.71729,-0.35571,0.20386,0.67822,0.67822,1.0212,1.0212,1.0212,1.0212,1.0212,1.0212,1.0518,0.42773,0.3667,0.11841,0.11841,-0.12109,-0.12109,0.078613,0.078613,0.078613,0.078613,0.078613,0.078613,0.078613,0.37622,0.74072,0.74072,0.6167,0.6167,0.6167,0.6167,0.6167,0.6167,0.036133,-0.60571,-0.2019,0.34229,0.34229,0.34229,0.34229,0.34229,0.34229,0.91748,1.1936,0.44336,0.19653,0.19653,0.60278,0.60278,0.60278,0.60278,0.60278,0.60278,0.94189,0.94189,0.019531,-0.043457,0.15405,0.15405,0.06958,0.06958,0.44971,0.44971,0.44971,0.44971,0.35278,-0.087646,-0.81543,-3.8267,-3.8267,-3.8267,-3.8267,-3.8267,-3.8267,-0.052002,0.5188,0.79419,0.79419,0.79419,0.79419,0.79419,0.79419,0.91406,1.4556,1.4556,2.1282,2.1282,2.1282,2.1282,2.1282,2.1282,-0.34229,-0.88257,-0.88257,-1.3645,-1.3645,-1.426,-1.426,-1.426,-1.426,-1.426,-1.165,-1.165,-0.8313,-0.83618,-0.58398,-0.58398
-0.99243,-0.99243,-1.2253,-1.2253,-1.2253,-1.2253,-1.2253,-1.2253,-1.2649,-1.2649,-1.229,-1.229,-0.95947,-0.95947,-0.95947,-0.95947,-0.95947,-0.95947,-0.74414,-0.52539,-0.52539,-0.26343,-0.26343,-0.26343,-0.26343,-0.26343,-0.26343,0.30859,0.88257,0.88257,0.47363,0.47363,0.079834,0.079834,-0.060303,-0.060303,-0.12085,-0.12085,-0.089111,-0.089111,-0.089111,-0.089111,0.050781,0.34155,0.58398,0.6084,0.6084,0.6084,0.6084,0.6084,0.6084,0.61621,0.47925,0.04126,0.04126,0.04126,0.04126,0.04126,0.04126,-0.30737,-0.33667,0.0087891,0.73706,0.73706,0.73706,0.73706,0.73706,0.73706,0.64478,0.64478,0.54761,0.77832,0.77832,0.77832,0.77832,0.77832,0.77832,1.0842,1.0842,1.0842,-0.030518,0.034668,0.44336,0.44336,0.35474,0.35474,0.35474,0.35474,0.35474,-0.80347,-2.585,-0.93311,-0.93311,-0.93311,-0.93311,-0.93311,-0.93311,-0.93311,-0.4248,-0.27393,0.87622,0.87622,0.87622,0.87622,0.87622,0.87622,1.6692,2.0771,0.6333,0.095947,0.095947,-0.52466,-0.52466,-0.52466,-0.52466,-0.52466,-0.52466,-0.89624,-1.5481,-1.4094,-1.1873,-1.1873,-1.1873,-1.1873,-1.1873,-1.1873,-1.0801,-0.55811,-0.31348,0.0065918
0.25806,0.25806,0.25806,0.018799,-1.7585,-1.7585,-1.6475,-1.6475,-1.6475,-1.6475,-1.6475,-1.6475,-1.3457,-1.3457,-1.0486,-0.72632,-0.72632,-0.72632,-0.72632,-0.72632,-0.72632,-0.58789,0.21899,0.49927,0.58862,0.58862,0.61353,0.61353,0.61353,0.61353,0.61353,0.61353,0.32153,0.32153,0.1521,0.18823,0.18823,0.16309,0.16309,0.16309,0.16309,0.16309,0.16309,0.80054,0.80054,0.80054,0.80054,0.80054,0.80054,0.77393,0.72266,0.43433,0.14355,0.14355,0.14355,0.14355,0.14355,0.14355,-0.050781,-0.050781,-0.050781,-0.050781,-0.050781,1.3247,1.3247,0.49048,0.49048,0.47266,0.47266,0.47266,0.47266,0.47266,0.81006,0.81006,0.9209,0.1377,0.1377,0.22998,0.22998,0.22119,0.22119,0.24414,0.24414,0.24414,0.24414,0.24414,0.24414,0.0024414,0.45288,0.45288,0.45288,0.45288,0.47168,0.60083,0.60083,1.7302,1.7302,1.7302,1.7302,1.7302,1.7302,1.7302,0.98267,0.16211,-0.26221,-0.26221,-0.43652,-0.43652,-0.43652,-0.43652,-0.43652,-0.43652,-0.59033,-0.98901,-0.90503,-0.90503,-0.90503,-0.90503,-0.90503,-0.90503,-0.90503,-0.75464,-0.92505,-0.58887,-0.052246,-0.052246,-0.052246,-0.052246,-0.052246,-0.052246
-0.052246,-0.052246,-0.022705,-1.4585,-1.6235,-1.6235,-1.6235,-1.6235,-1.6235,-1.6235,-1.6235,-1.6772,-1.0315,-1.0315,-0.68506,-0.68506,-0.68506,-0.68506,-0.68506,-0.44019,-0.44019,0.64429,0.64429,0.78809,0.78809,0.57495,0.57495,0.57495,0.57495,0.57495,0.57495,0.28687,0.21729,0.16504,0.057129,0.057129,0.057129,0.057129,0.057129,0.057129,0.057129,0.33545,0.33545,0.33545,0.33545,0.28979,0.28979,-0.36938,-0.36938,-0.36938,-0.36938,-0.36938,-0.36938,1.2847,1.9136,1.6106,1.6106,1.6106,1.6106,1.6106,1.6106,1.0098,1.1155,1.1155,0.50244,0.50244,-0.26196,-0.087158,-0.087158,-0.14795,-0.14795,-0.61206,-0.61206,-0.61206,-0.61206,-0.61206,-0.24438,0.14941,0.14941,0.14941,0.14941,0.14941,0.14941,0.14941,1.3896,0.75366,0.75366,-0.69727,-0.69727,-0.69727,-0.69727,0.30591,1.0745,1.9868,1.0386,1.0386,1.0386,1.0386,1.0386,1.0386,0.3938,-1.1719,-1.1719,-1.4199,-1.4199,-1.4939,-1.4939,-1.4939,-1.4939,-1.4939,-1.4939,-0.7981,-0.59863,-0.59863,0.0068359,0.0068359,0.0068359,0.0068359,0.0068359,-1.0417,-1.1499,-1.1499,-1.1499,-1.1499,-1.1499,-1.1499,-1.1499,-1.3018,-1.6069,-1.3635
-1.0417,-1.1499,-1.1499,-1.1499,-1.1499,-1.1499,-1.1499,-1.1499,-1.3018,-1.6069,-1.3635,-1.1965,-1.1965,-0.87646,-0.87646,-0.87646,-0.87646,-0.87646,-0.87646,-0.87646,-0.42236,-0.31201,-0.31201,-0.076172,-0.076172,-0.076172,-0.076172,-0.076172,0.21265,0.21265,1.1865,1.6106,0.43481,0.43481,0.032471,0.032471,0.44238,0.44238,0.44238,0.44238,0.27759,0.27759,0.46436,0.64209,0.64209,0.64209,0.64209,0.64209,0.64209,0.7417,0.8855,0.81543,0.81543,0.81543,0.81543,0.81543,0.0625,-0.68945,-0.19824,-0.19824,0.35132,0.35132,0.35132,0.35132,0.35132,0.35132,0.99976,0.29712,0.29712,0.67139,0.67139,1.1667,1.1667,1.1667,1.1667,1.1667,1.4683,0.95044,-0.074707,-0.048828,-0.048828,-0.29712,-0.29712,0,0,0.0043945,0.0043945,0.0043945,0.0043945,-1.2207,-1.2207,-2.4927,1.1221,1.1221,1.1221,1.1221,1.1221,1.1221,-0.1106,-0.30737,-0.30737,0.54883,0.54883,1.564,1.6748,1.6748,1.6602,1.6602,1.6602,1.6602,1.6602,1.6602,0.83984,-0.53101,-1.2573,-1.2573,-1.6484,-1.6614,-1.6614,-1.6614,-1.6614,-1.6614,-1.6614,-1.6614,-1.2834,-0.34619,-0.34619,-0.35229,-0.19116,-0.19116
-0.53638,-0.53638,-0.53638,-0.53638,-0.53638,-1.1716,-1.6099,-1.7893,-1.7158,-1.7158,-1.7158,-1.7158,-1.7158,-1.4204,-0.7583,-0.59521,-0.59521,-0.59521,-0.59521,-0.59521,-0.59521,-0.51343,0.9397,0.9397,0.7002,0.7002,0.7002,0.7002,0.7002,0.7002,-0.036865,0.12671,0.12671,0.12109,-0.26465,-0.26465,-0.16992,-0.16992,-0.16992,-0.16992,-0.16992,0.48486,0.57007,0.57007,0.57007,0.57007,0.57007,0.57007,0.55957,0.064697,-0.049072,-0.049072,-0.049072,-0.049072,-0.049072,-0.049072,-0.049072,-0.19434,0.9834,1.3716,1.3716,0.98999,0.98999,0.98999,0.98999,0.98999,0.98999,0.60156,1.2395,0.54443,0.54443,0.54443,0.54443,0.54443,0.54443,0.18848,-0.18164,-0.71362,-0.18115,-0.18115,-1.1497,-1.1497,-1.1497,-1.1497,-1.1497,-1.1497,1.0947,0.15967,-0.22534,-0.22534,-0.22534,-0.22534,-0.22534,-0.22534,-0.22534,1.2546,2.1182,1.3284,1.3284,1.3284,1.3284,1.3284,1.3284,-0.62134,-1.0254,-1.0254,-1.3892,-1.3892,-1.4761,-1.4761,-1.4761,-1.4761,-1.4761,-1.4761,-0.76343,-0.76343,-0.50195,-0.21777,-0.21777,-0.12598,-0.12598,-0.12598,-0.12598,0.35742,-0.26392,-0.26392,-0.26392,-0.26392,-0.26392,-0.26392
-0.26392,-0.26392,-0.26392,-0.26392,-1.0657,-1.3445,-1.563,-1.6521,-1.6521,-1.6521,-1.6521,-1.6521,-1.6521,-1.4536,-0.68115,-0.68115,-0.61548,-0.61548,-0.61548,-0.52612,-0.40601,-0.40601,-0.40601,-0.40601,-0.40601,-0.40601,0.003418,0.81494,1.0615,0.61865,0.61865,0.61865,0.61865,0.61865,0.61865,0.44165,0.44165,0.21973,-0.027344,0.010498,0.32178,0.32178,0.32178,0.32178,0.32178,0.32178,0.32178,0.5979,0.35693,0.35693,0.35693,0.35693,0.35693,0.35693,0.35693,-0.13135,-0.36938,0.065186,0.51929,0.51929,0.51929,0.51929,0.51929,0.51929,1.0947,0.49463,0.75513,0.75513,1.0969,1.0969,1.0969,1.0969,1.0969,1.0969,1.0276,0.050293,0.050293,0.02832,0.02832,0.3396,0.3396,0.24878,0.12476,0.12476,0.12476,0.12476,0.12476,0.12476,-0.98828,1.3452,1.3452,1.3452,1.3452,1.3452,1.3452,-0.14307,0.90088,0.90088,1.3469,1.3469,1.3469,1.3469,1.3469,1.4746,0.24512,-0.2124,-0.6377,-0.6377,-0.96411,-0.96411,-0.96411,-0.96411,-0.96411,-1.0913,-1.0913,-0.8855,-0.53955,-0.34937,-0.34937,-0.32397,-0.32397,-0.19995,-0.20874,-0.20874,-0.20874,-0.20874,-0.20874,-0.20874,0.017578,-0.25146
-0.25146,-0.25146,-0.25146,-0.25146,-0.25146,-1.6272,-1.7268,-1.7268,-1.7998,-1.7998,-1.7998,-1.7998,-1.7998,-1.7998,-1.6592,-1.1677,-0.85815,-0.6394,-0.6394,-0.6394,-0.35864,0.19165,0.19165,0.19165,0.19165,0.19165,0.19165,0.19165,0.67944,0.42065,0.42065,0.33765,0.19604,0.041016,0.041016,0.041016,-0.078125,-0.078125,-0.028076,0.28589,0.28589,0.28589,0.28589,0.28589,0.50806,0.41211,0.41211,0.41211,0.41211,0.41211,0.41211,0.29663,-0.41797,-0.41797,-0.45288,-0.45288,-0.45288,-0.45288,-0.45288,-0.45288,-0.054443,1.196,1.3511,0.84741,0.84741,0.84741,0.84741,0.84741,0.84741,0.63086,1.1604,1.1604,0.40283,0.40283,0.10913,0.10913,0.10913,0.10913,0.10913,0.10913,-0.058838,0.055664,-0.025879,0.29102,0.29102,0.29102,0.29102,0.29102,0.29102,0.29102,-0.44531,-0.55493,1.6584,1.6584,1.6584,1.6584,1.6584,1.6584,1.3354,1.3354,2.0227,2.0227,2.0227,2.0227,2.0227,2.0227,2.3137,0.61133,-0.031006,-0.66699,-0.66699,-1.2383,-1.2383,-1.2383,-1.2383,-1.2383,-1.2383,-1.5693,-1.5693,-0.85693,-0.65381,-0.65381,-0.65381,-0.65381,-0.65381,-0.65381,-0.65381,-0.49438,-0.3252,-0.19067
-0.49707,-0.49707,-0.49707,-0.49707,-0.49707,-1.1438,-1.1438,-1.1438,-1.1438,-1.1814,-1.1814,-1.0161,-1.0161,-1.0161,-1.0161,-1.0161,-1.0161,-0.80347,-0.47681,0.10156,0.10156,0.59473,0.44751,0.44751,0.44751,0.44751,0.44751,0.44751,0.38965,-0.081787,-0.081787,-0.18604,-0.18604,-0.093262,-0.093262,-0.042236,0.055176,0.055176,0.26025,0.26025,0.42065,0.42065,0.42065,0.42065,0.42065,0.20557,0.17163,0.016113,0.016113,0.016113,0.016113,0.016113,0.016113,0.016113,-0.081299,0.54858,1.3457,1.3457,1.3457,1.7952,1.3164,1.3164,1.3164,1.3164,1.3164,1.3164,0.82471,1.0527,0.81519,0.81519,-0.032471,-0.032471,-0.032471,-0.032471,-0.032471,-0.032471,-0.46021,0.20508,0.229,0.078125,0.078857,0.078857,0.078857,0.078857,0.078857,-0.20752,0.11914,0.11914,0.98218,0.98218,0.98218,0.98218,0.98218,0.98218,-0.38745,-0.91406,0.35254,1.2834,1.2834,1.2834,1.2834,1.2834,1.2834,1.6143,1.3826,0.88452,0.0039063,0.0039063,0.0039063,0.0039063,0.0039063,0.0039063,-0.63696,-1.3328,-1.3328,-0.91016,-0.91016,-0.71533,-0.71533,-0.71533,-0.71533,-0.71533,-0.71533,-0.71533,-0.55786,-0.31323,-0.31323,-0.053711,-0.053711,-0.088623
-0.088623,-0.088623,-0.088623,-0.088623,-1.2644,-1.2644,-1.2644,-1.2644,-1.2644,-1.2644,-1.2739,-1.3789,-1.2371,-1.2371,-1.1482,-1.1482,-1.1482,-1.1482,-1.1482,-1.1482,-0.82056,-0.61499,-0.61499,-0.1394,-0.1394,0.48877,0.48877,0.48877,0.48877,0.48877,0.48877,0.81812,-0.15576,-0.15576,-0.029297,-0.029297,-0.029297,-0.029297,-0.029297,-0.029297,0.18555,-0.12378,0.15894,0.49878,0.49878,0.58032,0.58032,0.58032,0.58032,0.58032,0.58032,0.71069,0.37476,0.0046387,-0.24683,-0.24683,-0.24683,-0.24683,-0.24683,-0.24683,-0.29541,1.3557,1.3557,1.4563,1.4563,1.4563,1.4563,1.4563,1.4563,0.90015,0.80005,1.2527,1.2319,1.2319,0.46631,0.46631,0.46631,0.46631,0.46631,0.46631,0.46631,0.056396,-0.21826,-0.21826,-0.47583,-0.15527,-0.15527,-0.15527,-0.5271,-0.5271,-0.5271,-0.5271,-0.5271,-0.5271,1.5945,1.5945,-0.37671,0.26709,0.26709,0.26709,0.26709,0.26709,0.26709,-0.67993,1.1636,1.3157,2.1543,2.1543,2.1543,0.93335,0.44995,0.44995,0.44995,0.44995,0.44995,0.44995,-0.19507,-1.271,-1.5171,-1.2026,-1.2026,-1.2026,-1.2026,-1.2026,-1.2026,-0.76318,-0.56543,-0.35742,-0.40601,-0.40601
-0.25562,-0.25562,-0.68433,-1.01,-1.01,-0.80054,-0.80054,-0.80054,-0.80054,-0.80054,-0.80054,-0.80908,-0.7312,-0.7356,-0.70386,-0.70386,-0.70386,-0.65796,-0.61694,-0.61694,-0.61694,-0.61694,-0.61694,-0.61694,-0.61694,-0.521,0.39282,0.39282,0.50342,0.50342,0.50342,0.50342,0.50342,0.50342,0.58472,0.028564,0.094482,0.1355,0.1355,0.1355,-0.15283,-0.0061035,-0.0061035,-0.0061035,-0.0061035,0.29297,0.63647,0.63647,0.63647,0.63647,0.63647,0.63647,0.19043,-0.30664,-0.30664,-0.30664,-0.30664,-0.30664,-0.37158,0.070068,0.69629,0.69629,1.3855,1.3855,1.3855,1.3855,1.3855,1.3855,1.5151,0.53125,0.86035,1.2058,1.2058,1.2058,1.2058,1.2058,1.2058,1.1978,0.0080566,0.29956,0.12646,0.12646,-0.082275,-0.082275,-0.48877,-0.48877,-0.48877,-0.48877,-0.48877,-0.59277,-2.0251,-2.0251,0.68359,0.68359,0.68359,0.68359,0.68359,0.68359,1.2214,-0.11279,-0.032471,0.9165,0.9165,0.9165,1.3643,1.3179,1.3179,1.3179,1.3179,1.3179,1.3179,1.6211,0.26318,-0.34888,-0.34888,-0.90869,-0.90869,-0.90869,-0.90869,-0.90869,-0.90869,-1.3076,-1.0493,-0.70264,-0.55396,-0.55396,-0.40283,-0.40283,-0.21509,-0.21509
0.051025,0.051025,0.051025,0.051025,-0.3689,-1.0645,-1.1875,-1.1938,-1.1938,-1.1938,-1.1938,-1.1938,-1.178,-0.63477,-0.48438,-0.48438,-0.47974,-0.47974,-0.521,-0.49585,-0.49585,-0.49585,-0.49585,-0.49585,-0.49585,-0.42261,0.61133,0.61133,0.61133,0.61133,0.61133,0.61133,0.61133,0.70923,0.17188,0.14819,0.090332,0.090332,-0.15186,-0.15186,-0.15186,-0.15186,-0.15186,0.46411,0.46411,0.46411,0.46411,0.46411,0.46411,0.46411,0.5979,0.53882,0.31274,-0.040527,-0.040527,-0.040527,-0.040527,-0.040527,-0.040527,-0.29346,-0.14282,0.2666,0.2666,0.97192,1.5229,1.5229,1.5229,1.5229,1.5229,1.5229,1.2275,0.85376,0.85376,0.81421,0.81421,0.81421,0.81421,0.81421,0.81421,0.229,0.4314,0.39038,0.56201,0.56201,0.21948,0.21948,0.15894,0.15894,0.15894,0.15894,0.15894,0.15894,0.71875,0.71875,1.1257,1.1257,1.1257,1.1257,1.1257,1.1257,-0.27515,0.86719,0.86719,0.85449,0.85449,0.85449,0.85449,0.85449,0.85449,1.3809,0.58691,0.52637,0.52637,0.071777,-0.47363,-0.47363,-0.47363,-0.47363,-0.47363,-0.47363,-0.99072,-1.0332,-0.80396,-0.65283,-0.65283,-0.65283,-0.65283,-0.65283,-0.65283,-0.65283
-0.87769,-0.87769,-0.87769,-0.87769,-0.87769,-0.87769,-1.4751,-1.5444,-1.5444,-1.3596,-1.3596,-1.3596,-1.3596,-1.3596,-1.3596,-1.0627,-0.51904,-0.46997,-0.34888,-0.34888,-0.34888,-0.34888,-0.34888,-0.34888,0.95752,0.95752,0.81445,0.81445,0.72681,0.72681,0.72681,0.72681,0.72681,0.72681,0.62305,0.3208,0.060547,0.060547,-0.17969,-0.16284,-0.16284,-0.16284,-0.16284,-0.16284,-0.16284,0.49365,0.49365,0.49365,0.49365,0.49365,0.49365,0.48682,0.2229,-0.19873,-0.35547,-0.35547,-0.35547,-0.35547,-0.35547,-0.35547,1.0129,1.6394,1.6394,1.3306,1.3306,0.73608,0.73608,0.73608,0.73608,0.73608,0.73608,0.68604,0.14526,0.14526,-0.029541,-0.029541,-0.029541,-0.029541,-0.029541,0.34692,-0.078125,-0.11279,-0.87695,-0.87695,-0.87695,-0.87695,-0.87695,-0.87695,0.060547,1.1667,1.1667,1.1667,1.1667,1.1667,1.1667,0.52148,0.71655,1.2207,1.1223,1.1223,1.1223,1.1223,1.1223,1.1223,1.1926,-0.14941,-0.14941,-0.48242,-0.48242,-0.72144,-0.72144,-0.72144,-0.72144,-0.72144,-0.72144,-1.0439,-1.0386,-0.74023,-0.75146,-0.75146,-0.75146,-0.75146,-0.75146,-0.75146,-0.75146,-0.66284,0.035156,0.035156,0.27417,0.27417
0.27417,0.27417,0.27417,0.27417,-1.5872,-1.5872,-1.5872,-1.5872,-1.5872,-1.5872,-1.6892,-1.5793,-1.386,-1.0925,-1.0925,-1.0925,-1.0925,-1.0925,-1.0925,-0.84351,-0.71338,-0.59497,-0.31104,-0.31104,0.27783,0.27783,0.27783,0.27783,0.27783,0.27783,0.58765,0.35742,0.35742,0.20752,0.20752,0.097412,0.097412,0.016846,0.016846,-0.18408,-0.18408,-0.18408,-0.18408,-0.18408,0.47803,0.47803,0.47803,0.47803,0.47803,0.47803,0.47803,0.59595,-0.047363,-0.047363,-0.27124,-0.27124,-0.27124,-0.27124,-0.27124,-0.27124,-0.25781,0.54443,1.1633,1.4905,1.4905,1.1445,1.1445,1.1445,1.1445,1.1445,1.1445,0.58105,1.0117,1.0117,0.64404,0.64404,0.64404,0.64404,0.64404,0.64404,0.38086,0.05542,0.19775,0.19775,0.19775,0.19775,0.19775,-0.25146,-0.25146,-0.25146,-0.32617,-0.51758,-0.51758,-0.51758,1.384,0.26465,0.26465,0.26465,0.26465,0.26465,0.26465,0.4043,1.2278,1.2278,1.6243,1.6243,1.6243,1.6243,1.6243,1.6243,2.3367,0.48901,-0.46484,-1.0215,-1.0215,-1.5537,-1.5537,-1.5537,-1.5537,-1.5537,-1.5537,-1.7395,-1.1116,-0.82178,-0.59814,-0.59814,-0.59814,-0.59814,-0.59814,-0.59814
-0.072021,-0.072021,-0.072021,-0.072021,-0.79932,-1.458,-1.4238,-1.4238,-1.4109,-1.4109,-1.1292,-0.75146,-0.75146,-0.75146,-0.75146,-0.75146,-0.75146,-0.44775,-0.42969,-0.43408,-0.43408,-0.28955,-0.28955,-0.28955,-0.28955,-0.28955,-0.28955,0.12109,0.54517,0.54517,0.16309,0.16309,-0.081299,-0.081299,-0.081299,-0.081299,-0.081299,-0.081299,-0.10669,-0.23145,0.10352,0.10352,0.10352,0.10352,0.10352,0.10352,0.43384,0.58154,0.58154,0.50513,0.50513,0.50513,0.50513,0.50513,0.50513,0.36523,-0.30615,-0.50806,-0.16626,-0.16626,-0.16626,-0.16626,-0.16626,-0.16626,0.43579,1.4485,1.1436,1.1436,0.67505,0.69141,0.69141,0.69141,0.69141,0.69141,0.69141,0.69141,0.80493,0.44165,0.39478,0.2168,0.2168,0.012451,0.012451,-0.25391,-0.25391,0.44043,0.44043,0.44043,0.44043,0.44043,-0.26733,0.53516,0.53516,0.53516,0.53516,0.53516,0.53516,1.0024,0.62769,-0.068359,1.0195,1.0195,1.0195,1.0195,1.0195,1.0195,1.1316,1.5051,0.39673,-0.54248,-0.54248,-1.0955,-1.0955,-1.0955,-1.0955,-1.0955,-1.0955,-1.4846,-0.80737,-0.80737,-0.58081,-0.58081,-0.58081,-0.58081,-0.58081,-0.58081,-0.59961,-0.64941,-0.35107,0.18628
0.28613,0.28613,0.28613,0.28613,0.28613,-0.39331,-0.39331,-1.4548,-1.5059,-1.5059,-1.5059,-1.5059,-1.5059,-1.5059,-1.7305,-1.2341,-0.91675,-0.69165,-0.69165,-0.69165,-0.69165,-0.69165,-0.69165,-0.53027,0.35083,0.65796,0.68237,0.68237,0.68237,0.68237,0.68237,0.68237,0.53296,0.53296,-0.16772,-0.12256,-0.12256,-0.10767,-0.10767,-0.10767,-0.10767,0.16138,0.16138,0.45264,0.45264,0.45264,0.45264,0.45264,0.62476,0.42554,0.42554,0.28955,0.28955,0.28955,0.28955,0.28955,0.28955,-0.020264,-0.21753,0.10938,0.81348,0.81348,0.81348,0.81348,0.81348,0.81348,1.6091,1.0154,0.73755,0.78662,0.78662,1.043,1.043,1.043,1.043,1.043,1.043,0.78711,0.78711,0.021484,-0.22534,-0.22534,-0.71216,-0.71216,0.049561,0.049561,-0.28906,-0.28906,-1.6626,-1.6626,-1.6626,-1.6626,-1.6626,1.0483,-0.59692,-0.59692,0.43652,0.43652,0.43652,0.43652,0.43652,0.43652,0.43652,1.0525,1.5369,1.5208,1.5208,1.5208,1.5208,1.5208,1.5208,0.2439,0.2439,-1.1921,-1.1921,-1.3616,-1.3616,-1.3616,-1.3616,-1.3616,-1.3616,-1.2505,-0.7312,-0.7312,-0.51392,-0.51392,-0.59058,-0.59058,-0.59058,-0.59058
-0.27783,-0.94434,-0.94434,-0.94434,-0.94434,-0.94434,-0.94434,-1.8665,-1.6125,-1.6125,-1.3833,-1.3833,-1.3833,-1.3833,-1.3833,-1.3833,-1.3833,-0.66089,-0.56201,-0.56201,-0.40552,-0.40552,-0.40552,-0.40552,-0.40552,-0.40552,0.033691,0.84814,0.84814,0.64648,0.64648,0.30615,0.30615,0.30615,0.30615,0.30615,0.30615,0.077637,-0.17041,-0.17041,0.070068,0.070068,0.070068,0.070068,0.070068,0.070068,0.70386,0.60352,0.60352,0.60352,0.60352,0.60352,0.60352,0.52734,0.11914,-0.47021,-0.47021,-0.47021,-0.47021,-0.47021,-0.47021,-0.47021,1.2612,1.3406,1.3406,0.66968,0.66968,0.66968,0.66968,0.66968,0.33423,0.72412,0.91382,0.91382,0.80371,0.69629,0.69629,0.69629,0.69629,0.69629,0.69629,0.69629,0.37598,-0.055176,-0.055176,-1.3416,-1.3416,-2.1753,1.2122,1.2122,0.70337,0.70337,0.70337,-0.084717,-0.084717,-0.084717,-0.084717,-0.084717,-0.084717,1.1287,1.4209,1.4209,1.9063,1.9063,1.9063,1.9063,1.9063,1.9063,-0.50293,-0.50293,-0.86475,-0.86475,-1.1563,-1.1563,-1.2297,-1.2297,-1.2297,-1.2297,-1.2297,-1.2297,-1.0762,-0.4646,-0.4646,-0.39136,-0.39136,-0.39136,-0.39136,-0.39136,-0.39136,-0.049072
-1.3594,-1.3594,-1.6802,-1.6802,-1.6802,-1.6802,-1.6802,-1.6802,-1.7668,-1.7153,-1.6096,-1.6096,-1.6096,-1.6096,-1.6096,-1.6096,-1.6096,-0.94507,-0.37769,-0.37769,0.16992,0.16992,0.16992,0.16992,0.16992,0.60474,0.94824,0.57568,0.30103,0.30103,0.081543,0.081543,0.081543,0.081543,0.081543,0.081543,0.081543,0.1167,0.061523,0.38037,0.38037,0.68945,0.58838,0.58838,0.4873,0.4873,0.23169,0.23169,0.23169,0.23169,0.23169,-0.2124,-0.12964,0.29565,0.29565,0.29565,0.29565,0.29565,0.29565,0.94751,0.64136,0.55615,0.55615,0.55615,0.55615,0.61743,0.74976,0.74976,0.74976,0.74976,0.74976,0.43384,0.16919,0.060059,0.060059,0.060059,0.060059,0.060059,0.060059,-0.21069,-2.0452,-2.2458,-2.2458,1.5942,1.5942,0.75513,0.57275,0.57275,-0.61963,-0.61963,-0.61963,-0.61963,-0.61963,-0.61963,0.46143,1.7268,2.3511,0.88037,0.88037,0.88037,0.88037,0.88037,0.88037,-0.11646,-0.11646,-1.3958,-1.6421,-1.5024,-1.5024,-1.1599,-1.1599,-1.1599,-1.1599,-1.1599,-0.80078,-0.44312,-0.35962,-0.40747,-0.40747,-0.40747,-0.40747,-0.40747,-0.40747,-0.125,-0.4209,-1.071,-1.071,-1.0701,-1.1938,-1.1938
-0.125,-0.4209,-1.071,-1.071,-1.0701,-1.1938,-1.1938,-1.2737,-1.2737,-1.2737,-1.2737,-1.2737,-1.2737,-1.2737,-1.2585,-0.44214,-0.44214,-0.44214,-0.44214,-0.44214,-0.44214,-0.25342,-0.078369,-0.078369,0.47461,0.47461,0.47461,0.47461,0.47461,0.47461,0.70825,0.20557,0.20557,0.058594,0.058594,0.22363,0.22363,0.22363,0.22363,0.22363,0.22363,0.229,-0.063477,0.20215,0.39697,0.39697,0.39697,0.39697,0.39697,0.39697,0.57715,0.43091,0.31006,0.31006,-0.0271,-0.0271,-0.0271,-0.0271,-0.38062,-0.23145,-0.23145,-0.23145,-0.23145,-0.23145,-0.23145,0.38721,1.2153,1.2153,0.6438,0.6438,0.6438,0.6438,0.6438,0.6438,0.60791,0.20435,0.12036,0.12036,0.37573,0.37573,0.37573,0.37573,0.37573,0.37573,0.13867,-0.57397,-0.074951,-2.0693,-2.0693,-1.7922,1.7683,1.7683,0.64063,0.64063,0.25684,0.25684,0.25684,0.25684,0.25684,0.25684,0.25684,-0.1521,1.5337,1.5337,1.5337,1.5337,1.5337,1.5337,0.13672,-0.5022,-0.5022,-0.98804,-0.98804,-0.98804,-0.98804,-0.98804,-0.98804,-1.3735,-1.2554,-1,-0.90503,-0.90503,-0.78149,-0.78149,-0.78149,-0.78149,-0.78149,-0.78149,-0.60815,0.13989
-0.32837,-0.32837,-0.32837,-0.32837,-1.2041,-1.3779,-1.3779,-1.3286,-1.3286,-1.3286,-1.3286,-1.3286,-0.49902,-0.49902,-0.49902,-0.49902,-0.49902,-0.49902,-0.20459,-0.0354,-0.0354,0.51294,0.51294,0.51294,0.51294,0.51294,0.51294,0.51294,0.6543,0.19507,-0.12646,-0.12646,0.000488,0.000488,0.000488,0.000488,0.000488,0.000488,-0.0012207,-0.0012207,-0.0012207,-0.0012207,-0.0012207,-0.19556,-0.19556,-0.19556,-0.19556,-0.19556,0.1604,0.26807,-0.10327,-0.10327,-0.10327,-0.10327,-0.10327,-0.10327,-0.49316,-0.11426,0.57129,1.3789,1.3789,1.7681,1.7681,1.7681,1.7681,1.7681,1.7681,1.2361,0.68408,0.90454,0.99854,0.99854,0.99854,0.99854,0.99854,0.99854,0.26953,-0.0041504,-0.15894,-0.62402,-0.62402,-0.20288,-0.20288,-0.20288,-0.20288,-0.20288,-0.20288,-0.47656,-0.47656,1.6799,0.15991,0.15991,0.68481,-0.20996,-0.20996,-0.20996,-0.20996,0.81299,1.0818,1.0818,1.0818,1.739,1.739,1.739,1.739,1.739,0.70557,-0.59009,-1.1572,-1.5503,-1.5503,-1.5503,-1.5503,-1.5503,-1.5503,-1.574,-1.3066,-1.3066,-1.3066,-1.3066,-1.3066,-1.3066,-0.033691,0.41553,0.27197,0.27197,0.27197,0.27197,0.27197,0.27197
0.27197,0.27197,0.27197,-0.59717,-0.93823,-0.77759,-0.77759,-0.88599,-0.67578,-0.67578,-0.67578,-0.67578,-0.67578,-0.67578,-0.38599,-0.38599,-0.32349,-0.42676,-0.47607,-0.47607,-0.47607,-0.47607,-0.47607,-0.44238,0.56348,0.61475,0.61475,0.20288,0.20288,0.20288,0.20288,0.20288,0.20288,-0.013428,-0.013428,-0.013428,-0.013428,-0.013428,-0.013428,0.0056152,-0.16138,0.088135,0.42871,0.42871,0.42871,0.42871,0.42871,0.42871,0.59106,0.51953,0.21167,-0.25854,-0.25854,-0.25854,-0.25854,-0.25854,-0.53516,-0.049561,-0.049561,-0.049561,-0.049561,-0.049561,-0.049561,1.8579,1.1443,0.74048,0.74048,0.74048,0.74048,0.74048,0.74048,0.03125,0.03125,-0.15015,-0.15015,-0.15015,-0.003418,-0.003418,-0.003418,-0.003418,-0.003418,-0.062744,-0.37622,0.15552,-1.5371,-1.5371,-1.5371,0.033936,2.8982,-0.53101,-0.53101,-0.53101,0.059082,0.059082,0.059082,0.059082,0.059082,0.059082,-0.56689,2.1768,2.1768,2.1768,2.1768,2.1768,2.1768,2.0828,-0.86743,-1.4985,-1.4985,-1.7961,-1.7961,-1.7961,-1.7961,-1.7961,-1.5764,-0.76904,-0.46338,-0.32471,-0.32471,-0.12598,-0.12598,-0.12598,-0.12598,-0.12598,-0.12598,-0.13062,0.24634,-0.29761,-1.325,-1.325
-1.325,-1.5701,-1.5701,-1.5999,-1.5999,-1.5444,-1.5483,-1.5483,-1.5483,-1.5483,-1.5483,-1.5483,-1.5483,-1.2871,-0.37476,-0.37476,-0.27271,-0.27271,-0.27271,-0.27271,-0.27271,0.81494,0.81494,0.73511,0.73511,0.50146,0.50146,0.50146,0.50146,0.50146,-0.4856,-0.1311,0.097412,-0.17993,-0.17993,-0.17993,-0.17993,-0.17993,-0.17993,-0.27612,0.45142,0.47168,0.37158,0.37158,0.37158,0.37158,0.37158,0.37158,0.3667,0.13062,-0.11182,-0.11182,-0.11182,-0.11182,-0.11182,-0.11182,-0.32837,0.8855,0.8855,1.7185,1.7185,1.7141,1.1355,1.1355,1.1355,1.1355,1.1355,1.1355,1.0566,1.1799,0.61743,0.61743,-0.35547,-0.35547,-0.35547,-0.35547,-0.35547,-0.34717,-0.11133,-0.011963,-0.011963,-0.011963,-0.011963,-0.011963,-0.011963,-1.8586,-1.8586,2.4463,0.35986,0.35986,0.35986,0.29053,0.29053,0.29053,0.29053,0.29053,-0.81299,1.7378,1.7378,1.7378,1.7378,1.7378,1.7378,1.7378,2.3884,-0.59009,-0.59009,-1.2515,-1.2515,-1.2515,-1.2515,-1.2515,-1.2515,-1.7334,-1.4297,-1.2073,-1.0256,-1.0256,-0.77246,-0.77246,-0.77246,-0.77246,-0.77246,-0.77246,-0.78149,-0.78149,0.2478,0.31592,-0.6145,-0.6145
-0.6145,-0.6145,-0.6145,-0.6145,-0.6145,-0.6145,-1.2048,-1.2693,-1.2693,-1.2153,-0.92578,-0.92578,-0.92578,-0.92578,-0.92578,-0.92578,-0.92578,-0.62866,-0.45288,-0.51611,-0.51611,-0.52271,-0.38477,-0.38477,0.12549,0.12549,0.12549,0.12549,0.12549,0.12549,0.54834,0.26587,0.26587,0.2915,0.2915,0.2915,0.2915,0.2915,0.18091,0.18091,0.01709,0.10107,0.10107,0.34351,0.34351,0.34351,0.34351,0.34351,0.34351,0.57642,0.57642,-0.33569,-0.33569,-0.37915,-0.37915,-0.37915,-0.37915,-0.37915,-0.15259,0.8833,0.8833,1.4019,1.4019,1.3396,0.82617,0.82617,0.82617,0.82617,0.82617,0.68042,0.85034,0.42407,0.42407,0.055664,0.055664,0.055664,0.055664,0.055664,0.23926,-0.043213,-0.44873,-0.36133,-0.36133,-0.36133,-0.36133,-0.36133,-0.36133,-0.36133,1.5222,-0.4397,-0.4397,0.13892,0.13892,-0.57056,1.2729,1.2729,1.2729,1.2729,1.2729,2.2227,2.1597,0.78857,0.78857,0.78857,0.78857,0.78857,-0.19922,-0.19922,-1.5374,-1.7744,-1.6843,-1.6843,-1.6843,-1.6843,-1.6843,-1.6843,-1.6843,-1.6843,-1.6843,-1.6843,-1.1694,-0.20264,-0.20264,-0.20264,-0.20264,-0.20264,0.050049,-0.61938,-1.5403,-1.7747
-1.5403,-1.7747,-1.7747,-1.7747,-1.7747,-1.7747,-1.7747,-1.6182,-1.0435,-1.0435,-1.0435,-1.0435,-1.0435,-1.0435,-0.76733,-0.48145,-0.48022,-0.40869,-0.40869,-0.40869,-0.40869,-0.40869,-0.40869,-0.28516,-0.28516,0.97656,0.6272,0.6272,-0.068359,-0.068359,-0.068359,-0.068359,-0.068359,-0.068359,0.095947,0.095947,-0.36353,-0.36353,-0.19751,-0.19751,-0.19751,0.45313,0.45313,0.58496,0.58496,0.58496,0.58496,0.58496,0.58496,0.53687,0.53687,-0.28442,-0.28442,-0.25537,-0.25537,-0.036377,0.23657,0.23657,0.23657,0.23657,0.23657,0.23657,0.68823,0.74658,0.74658,0.77856,0.77856,0.63965,0.63965,0.63965,0.63965,0.63965,0.63965,0.20239,0.55273,0.55273,0.2666,0.2666,0.2666,0.2666,0.2666,0.2666,0.019775,-0.29712,0.23657,0.23657,0.23657,0.23657,0.23657,0.23657,-0.57495,-0.041992,0.69409,0.69409,0.69409,-1.1384,0.35474,0.35474,0.35474,0.35474,0.35474,1.1563,1.1563,1.2471,0.0058594,0.0058594,0.0058594,-0.89697,-1.5105,-1.5105,-1.5105,-1.5105,-1.5105,-1.5105,-1.9219,-1.1494,-1.1494,-0.78638,-0.78638,-0.78638,-0.78638,-0.78638,-0.78638,-0.23853,-0.23853,0.19165,0.19165,0.19165,0.19165,0.19165
0.19165,0.19165,0.19165,-1.0261,-1.0261,-1.2092,-1.2092,-1.2092,-1.1794,-1.2871,-1.2871,-1.2871,-1.2871,-1.2871,-1.1794,-1.05,-0.72339,-0.72339,-0.72339,-0.68628,-0.68628,-0.68628,-0.68628,-0.56274,-0.56274,0.71753,1.0088,1.0088,1.0088,1.1035,0.7439,0.7439,0.44043,0.44043,0.28906,0.28906,0.28906,0.28906,0.28906,0.28906,0.041504,0.24194,0.56421,0.56421,0.63232,0.58276,0.40552,0.40552,0.02124,0.02124,0.02124,-0.14868,-0.14868,-0.14868,-0.14868,-0.14868,-0.14868,-0.14868,0.072021,1.2722,0.71533,0.71533,0.71533,0.71533,0.71533,0.71533,0.71533,0.58398,0.87134,0.87134,0.26416,0.26416,0.26636,0.26636,0.26636,0.26636,0.26636,0.26636,-0.029297,-0.43628,0.041504,-0.62598,-0.62598,-0.62598,-0.62598,-0.62598,-0.62598,-0.62598,-0.62598,-0.62598,-0.62598,-2.658,-0.046875,0.89941,0.89941,0.89941,0.89941,0.89941,0.89941,0.89941,0.92749,1.6572,0.28076,0.28076,-0.52661,-0.9707,-0.9707,-0.9707,-0.9707,-0.9707,-1.3223,-1.3223,-1.0532,-1.0532,-0.87231,-0.87231,-0.76855,-0.76855,-0.76855,-0.76855,-0.76855,-0.76855,-0.76855,0.27588,0.27588,0.23047,0.23047,0.23047,0.23047,0.23047
0.23047,0.23047,0.23047,-0.28979,-1.2888,-1.2888,-1.1704,-1.1704,-1.1704,-1.2307,-0.95581,-0.85034,-0.85034,-0.85034,-0.85034,-0.85034,-0.85034,-0.52905,-0.52905,-0.52905,-0.26367,0.34692,0.34692,0.34692,0.34692,0.34692,0.34692,0.7019,0.84375,0.38428,0.38428,0.17993,0.17993,0.17993,0.17993,0.17993,0.17993,0.22559,-0.26953,-0.26953,0.10669,0.10669,0.10669,0.10669,0.10669,0.10669,0.35815,0.52417,0.52417,0.41675,0.41675,-0.038818,-0.038818,-0.20215,-0.20215,-0.20215,-0.20215,-0.20215,-0.20215,-0.13745,0.63306,1.3372,1.3372,1.3372,1.3372,1.3372,1.3726,0.72803,0.72803,0.92676,0.92676,0.92676,0.92676,0.92676,0.92676,0.92676,0.67676,0.000244,-0.80151,-0.80151,-0.80151,-0.80151,-0.80151,-0.68628,-2.0015,-1.1846,-1.1846,-1.1846,-1.1846,-1.1846,-1.1846,1.8884,0.92773,0.17847,0.55835,0.55835,0.55835,0.99829,1.0432,1.0432,1.0432,1.0432,1.0432,1.0432,0.3291,-0.35767,-0.66919,-0.66919,-0.66919,-1.1235,-1.4019,-1.4019,-1.4019,-1.4019,-1.4019,-1.4019,-1.2461,-1.0071,-1.0071,-0.96143,-0.96143,-0.95776,-0.95776,-0.95776,-0.95776,-0.95776,-0.43799,0.12671,-0.42285,-0.8894
-0.42285,-0.8894,-0.8894,-0.8894,-0.8894,-0.8894,-0.8894,-0.97168,-1.2744,-1.2744,-1.3479,-1.177,-1.177,-1.0657,-0.87378,-0.87378,-0.87378,-0.87378,-0.87378,-0.87378,-0.76782,-0.76782,-0.27295,-0.27295,0.42993,0.42993,0.65771,0.69678,0.69678,0.69678,0.69678,0.69678,0.73364,0.73364,0.26514,0.26514,0.088379,0.088379,0.088379,0.088379,0.088379,-0.31763,0.12866,0.12866,0.34985,0.34985,0.34985,0.34985,0.34985,0.48584,0.41602,0.41602,0.22241,0.22241,0.22241,-0.055664,-0.25781,-0.25781,-0.25781,-0.25781,-0.25781,-0.25781,-0.25781,-0.25781,-0.29175,0.23413,0.46289,0.46289,0.46289,0.46289,0.46289,0.46289,0.46289,0.41748,0.37939,0.37939,0.24756,0.24756,0.24756,0.24756,0.24756,0.24756,0.24756,0.24756,-0.21704,-0.21704,-2.2515,-0.49097,-0.49097,-0.49097,-0.49097,-0.49097,-0.49097,1.2625,-0.49634,-0.022705,-0.022705,1.3762,1.9097,1.9097,2.4946,2.4946,2.4946,2.4946,2.4946,2.4946,1.7344,-1.3794,-1.3794,-1.6646,-1.6646,-1.6646,-1.5498,-1.5498,-1.2734,-1.2734,-1.2734,-1.2734,-1.2734,-0.85522,-0.6416,-0.6416,-0.6416,-0.6416,-0.6416,-0.6416,-0.58203,0.080566,-0.062744,-0.75757
-0.75757,-0.75757,-0.75757,-0.75757,-0.75757,-0.75757,-1.4844,-1.6326,-1.6038,-1.4241,-1.4241,-1.4241,-1.2024,-0.92236,-0.92236,-0.92236,-0.92236,-0.92236,-0.74097,-0.74097,-0.17456,-0.17456,0.48608,0.48608,0.48608,0.92554,0.92554,0.92554,0.92554,0.92554,0.92554,0.86694,0.86694,0.20654,0.20654,0.20654,0.20654,0.20654,0.083496,-0.0080566,0.37769,0.56299,0.56299,0.56299,0.56299,0.56299,0.56299,0.61597,0.088623,-0.30469,-0.30469,-0.45508,-0.14771,-0.14771,0.57373,0.57373,1.3145,1.3145,1.3145,1.3145,1.3145,1.3145,1.2961,0.67847,0.39087,0.71167,0.71167,0.71167,0.71167,0.71167,0.71167,0.71167,0.77686,0.25684,0.25684,0.23145,0.23145,0.23145,0.23145,0.23145,0.23145,-0.39063,-1.7969,-1.7969,-1.4775,-1.4775,1.8264,1.8264,1.8264,1.8264,1.8264,0.90088,-0.34375,-0.34375,-0.26611,0.98926,0.98926,0.98926,0.98926,0.98926,0.98926,1.5632,1.5632,-0.40723,-0.40723,-0.40723,-0.90332,-1.2168,-1.2168,-1.2168,-1.2168,-1.2168,-1.2168,-1.2168,-1.2917,-0.31934,-0.28589,-0.28589,-0.28589,-0.28589,-0.28589,-0.28589,-0.28589,-0.28589,-0.38062,-0.35889,-0.35889,-0.35889,-0.35889,-0.35889
-0.35889,-0.21973,-1.1677,-1.6138,-1.6138,-1.6016,-1.6016,-1.6016,-1.3662,-1.3662,-1.3662,-1.3662,-1.3662,-1.3662,-1.2468,-1.2468,-0.72412,-0.50537,-0.50537,-0.50537,-0.50537,-0.50537,0.50659,0.57715,0.57715,0.67529,0.67529,0.67529,0.67529,0.67529,0.46704,0.46704,0.08252,0.08252,-0.051514,-0.051514,-0.051514,-0.051514,-0.051514,-0.051514,0.36694,0.58643,0.58643,0.58643,0.60791,0.60791,0.60791,0.60791,0.60791,0.60791,0.60791,0.48608,-0.085449,-0.3269,-0.26831,-0.26831,-0.26831,0.22998,0.22998,0.91724,0.91724,0.91724,0.91724,0.91724,0.91724,1.2566,0.52466,0.52466,0.84351,0.84351,1.2341,1.0708,1.0708,1.0708,1.0708,1.0708,1.0708,-0.10669,-0.77612,-0.77612,-0.77612,-0.77612,-0.77612,-0.95679,-1.3857,-1.0464,1.6323,1.6323,1.6323,1.6323,1.6323,1.6323,0.66699,-0.26221,0.43188,0.43188,1.0112,1.0112,1.2527,1.9236,1.9236,1.1506,1.1506,1.1506,1.1506,1.1506,1.1506,0.31274,-0.77344,-1.0605,-1.2727,-1.2727,-1.2727,-1.2727,-1.2727,-1.2727,-1.2727,-0.65283,-0.55933,-0.41162,-0.41162,-0.41162,-0.41162,-0.41162,-0.41162,-0.41162,-0.41992,-0.017822,-0.012451,-0.427
-0.427,-1.1028,-1.1028,-1.1028,-1.1028,-1.1028,-1.1028,-1.396,-1.2764,-1.1953,-0.99683,-0.99683,-0.99683,-0.99683,-0.99683,-0.99683,-0.70752,-0.61694,-0.20972,-0.20972,-0.20972,0.46997,0.4082,0.4082,0.4082,0.4082,0.4082,0.4082,0.32739,0.32739,0.069824,-0.1582,-0.1582,-0.1582,-0.12842,-0.11279,-0.11279,-0.11279,-0.11279,-0.11279,-0.11279,-0.046631,0.53491,0.51758,0.51758,0.51758,0.51758,0.51758,0.51758,0.36353,-0.047363,-0.22974,-0.22974,-0.28467,-0.28467,-0.10718,0.35718,0.35718,0.35718,0.35718,0.35718,0.35718,1.4326,1.4326,0.44116,0.61035,0.61035,0.85107,0.85107,0.85107,0.85107,0.85107,0.85107,0.85107,0.86621,0.32251,0.069336,-0.14063,-0.14063,-0.14063,-0.14063,-0.14063,-0.14063,-0.61816,-1.009,-0.041992,-0.041992,-0.041992,-0.041992,-0.041992,-0.041992,-0.041992,-0.15649,-0.91406,-0.91406,0.26733,0.26733,1.269,1.2117,1.2117,1.8845,1.3342,1.3342,1.3342,1.3342,1.3342,1.3342,1.3342,0.4873,-0.86963,-0.86963,-1.158,-1.158,-1.158,-1.0166,-0.58057,-0.58057,-0.58057,-0.58057,-0.58057,-0.58057,-0.62744,-0.62744,-0.62744,-0.62744,-0.62744,-0.62744,-0.0021973,-0.22485,-0.22485
-0.90967,-0.90967,-0.90967,-0.90967,-0.90967,-0.90967,-0.90967,-0.90967,-0.90967,-0.90967,-1.3564,-0.80811,-0.84521,-0.84521,-0.84521,-0.84521,-0.84521,-0.83862,-0.76001,-0.55884,-0.14331,-0.14331,-0.14331,-0.14331,-0.14331,0.53369,0.1001,0.1001,0.1001,0.012451,0.012451,0.011963,0.011963,0.011963,0.011963,0.011963,-0.060547,-0.060547,0.13989,0.36523,0.36523,0.36523,0.49072,0.4043,0.4043,0.4043,0.4043,0.4043,0.4043,0.4043,-0.093018,-0.14478,-0.10278,-0.10278,-0.10278,-0.10278,-0.10278,-0.10278,-0.10278,1.0471,1.0471,0.56348,0.7207,0.7207,0.7207,0.7207,0.7207,0.94604,0.94604,0.94604,0.94604,0.94604,0.46533,0.46533,0.46533,0.045654,-0.72681,-0.072266,-0.072266,-0.68652,-0.68652,-0.68652,-0.68652,-0.68652,-0.68652,1.3123,1.332,1.332,-0.18701,-0.18701,-0.18701,-0.18701,-0.18701,0.36865,0.36865,0.90552,0.90552,0.90552,0.90552,0.90552,0.90552,1.5291,0.51758,0.16943,-0.40771,-0.40771,-0.40771,-0.40771,-0.40771,-0.40771,-0.92993,-1.2915,-0.92554,-0.71436,-0.71436,-0.7627,-0.73828,-0.73828,-0.65552,-0.65552,-0.57129,-0.57129,-0.57129,-0.57129,-0.57129,-0.57129,-0.27466,-0.19019,-0.69727,-1.2393
-0.27466,-0.19019,-0.69727,-1.2393,-1.2393,-1.2393,-1.356,-1.3213,-1.3213,-1.3213,-1.3213,-1.3213,-1.3213,-1.2639,-0.91431,-0.91431,-0.91431,-0.91431,-0.91431,-0.91431,-0.75464,-0.38721,0.041504,0.68066,0.68066,0.68066,0.68066,0.68066,0.68066,0.78442,0.78442,0.27808,0.27808,0.27808,0.12329,-0.015137,-0.015137,-0.015137,-0.015137,-0.015137,-0.015137,-0.015137,-0.031982,0.43579,0.43579,0.51636,0.54004,0.54004,0.54004,0.54004,0.54004,0.54004,0.33276,-0.16187,-0.16187,-0.16187,-0.16187,-0.16187,-0.16187,-0.16187,1.3147,1.1375,0.65894,0.65894,0.65894,0.65894,0.65894,0.65894,0.68555,1.1387,0.77686,0.52905,0.52905,0.52905,0.177,-0.15479,-0.74219,-0.74219,-0.27271,-0.27271,-0.55225,-0.55225,-1.6875,-1.6875,0.65039,0.65039,0.65039,0.65039,0.65039,0.65039,1.1638,0.051514,0.051514,1,1,1,1,1,1,1,0.21191,0.21191,0.21191,0.21191,0.21191,0.21191,0.21191,0.21191,0.21191,0.21191,-0.2937,-0.8208,-0.49805,-0.49805,-0.49805,-0.49805,-0.39038,-0.50342,-0.50659,-0.50659,-0.56445,-0.56445,-0.51343,-0.22485,-0.22485,-0.25122,-0.25122,-0.25122,-0.25122,-0.25122
-0.25122,-0.25122,-0.25122,-0.25122,-1.4338,-1.6404,-1.429,-1.429,-1.429,-1.429,-1.429,-1.429,-1.4043,-1.2275,-1.074,-1.074,-1.074,-1.074,-1.074,-0.83765,-0.4209,-0.018799,0.39063,0.39063,0.39063,0.39063,0.39063,0.39063,0.5061,0.5061,0.33887,0.19702,0.19702,0.19702,0.040527,0.06665,0.06665,0.050293,0.050293,0.08252,0.34106,0.34106,0.34106,0.34106,0.34106,0.34106,0.34106,0.50952,0.39258,0.39258,0.39258,0.39258,-0.024414,-0.024414,-0.024414,-0.024414,-0.024414,-0.024414,-0.16968,0.77686,0.77686,0.77686,0.77686,0.77686,0.77686,0.77686,1.4104,0.56714,0.56714,0.75903,0.75903,0.75903,0.75903,0.75903,0.75903,0.73975,0.44775,0.44775,0.26294,0.26294,0.062256,-0.16626,-0.16626,0.080811,0.080811,-1.8804,-1.8804,-2.833,-2.833,-2.833,-2.833,0.011719,-1.1248,-1.1248,-0.45386,-0.45386,0.55566,1.8616,1.8616,1.8616,1.8616,1.8616,2.1099,2.1099,0.069336,0.069336,0.069336,0.069336,0.069336,-0.57617,-1.3679,-1.3704,-1.1936,-1.1936,-1.1936,-1.1936,-1.1936,-1.1936,-0.92773,-0.33813,-0.33813,-0.22778,-0.22778,-0.22778,-0.20532,0.04126,0.04126,0.076172,0.076172,0.076172
0.076172,0.076172,0.076172,-0.36328,-1.1165,-1.0134,-1.0134,-1.0134,-0.96997,-0.96997,-0.96997,-0.96997,-0.96997,-0.96997,-0.86279,-0.86279,-0.57495,-0.57495,-0.57495,-0.57495,-0.57495,-0.57495,0.42822,0.42822,0.37939,0.57349,0.57349,0.57349,0.57349,0.57349,0.83496,0.83496,-0.016602,-0.016602,-0.093262,-0.093262,-0.093262,-0.15088,-0.15088,0.271,0.271,0.271,0.271,0.271,0.271,0.47144,0.47144,0.42896,0.42896,0.091553,-0.12256,-0.12256,-0.12256,-0.12256,-0.12256,-0.12256,-0.30835,0.89795,0.89795,0.89795,0.89795,0.89795,1.5935,0.78809,0.99121,0.99121,0.99121,0.99121,0.99121,0.99121,0.99121,1.0454,-0.091553,-0.091553,-0.1543,-0.1543,-0.18896,-0.18896,-0.18896,-0.18896,-0.18896,-0.18896,0.051025,-1.9741,-1.0588,1.7542,1.7542,1.7542,1.7542,1.7542,1.7542,1.7542,0.65796,0.51782,0.97192,0.97192,0.97192,0.97192,0.97192,0.97192,0.97192,0.97192,-0.030273,-0.030273,-0.030273,-0.030273,-0.030273,-0.030273,-0.030273,-1.197,-1.0142,-1.0142,-1.0142,-1.0142,-0.81201,-0.61182,-0.61182,-0.61182,-0.61182,-0.61182,-0.57251,-0.28027,-0.071045,-0.071045,0.1521,0.1521,0.12671,-0.34644,-0.34644,-0.34644
-0.34644,-0.34644,-0.34644,-1.1165,-1.1753,-1.1753,-1.1091,-1.1091,-0.89355,-0.89355,-0.89355,-0.89355,-0.89355,-0.89355,-0.84546,-0.84546,-0.60791,-0.60791,-0.34814,-0.34814,-0.34814,-0.34814,-0.34814,0.23926,0.84033,0.84033,0.32178,0.32178,0.32178,0.049561,0.049561,0.049561,0.049561,0.049561,0.049561,0.053223,-0.17065,-0.17065,0.21851,0.44995,0.5498,0.5498,0.52368,0.52368,0.52368,0.52368,0.52368,0.16943,-0.23193,-0.23193,-0.27783,-0.27783,-0.27783,-0.27783,-0.27783,-0.27783,-0.10596,1,1,1,1,1,1,1.2522,0.49927,0.57788,0.84741,0.84741,0.84741,0.84741,0.84741,0.84741,0.89453,0.89453,0.27246,0.091064,0.091064,0.44385,0.13721,0.095459,0.095459,-0.80688,-0.80688,-2.5583,-2.5583,-2.5583,-2.5583,-2.5583,0.79785,0.14087,0.14087,0.66919,0.66919,0.66919,0.75684,0.75684,0.75684,0.75684,0.75684,0.75684,0.88916,1.7334,0.83374,0.83374,0.83374,0.83374,0.83374,0.51563,-0.38965,-0.8894,-0.98218,-0.98218,-0.98218,-0.98218,-0.98218,-0.98218,-0.92334,-0.92334,-0.80835,-0.80835,-0.77856,-0.77856,-0.70093,-0.68555,-0.68555,-0.14185,-0.14185,0.064697,0.064697,-0.12598
-0.12598,-0.12598,-0.12598,-0.12598,-0.89624,-0.89624,-0.83789,-0.83789,-0.83789,-0.79492,-0.67358,-0.67358,-0.67358,-0.67358,-0.67358,-0.67358,-0.7124,-0.71753,-0.71753,-0.71753,-0.71753,-0.71753,-0.71753,-0.53271,0.60376,0.59326,0.76001,0.76001,0.76001,0.76001,0.76001,0.76001,0.76001,0.18066,0.0085449,0.0085449,-0.067871,-0.067871,-0.33569,-0.21265,-0.21265,0.22095,0.56836,0.56836,0.62524,0.62524,0.62524,0.62524,0.62524,0.62524,0.47803,0.47803,0.47803,0.47803,0.47803,-0.18896,-0.25513,-0.25513,-0.25513,-0.25513,-0.25513,-0.25513,0.11353,1.2961,1.3894,1.3894,1.3894,1.3894,1.3894,0.81836,0.93384,0.93384,1.0156,0.5249,0.5249,0.5249,0.5249,0.5249,0.087158,0.087158,0.12939,0.12939,0.018311,0.0031738,0.0031738,-1.8904,-1.8904,-1.8904,-1.8904,-1.8904,-2.2249,0.62988,-0.14844,-0.14844,-0.14844,0.26514,0.84229,0.84229,0.84229,0.84229,0.84229,0.84229,1.8064,2.1052,0.85938,0.85938,0.85938,0.85938,0.85938,0.85938,-0.67969,-0.67969,-1.134,-1.134,-1.134,-1.134,-1.134,-1.134,-1.134,-0.93408,-0.78711,-0.83203,-0.76172,-0.76172,-0.76172,-0.69873,-0.57178,-0.57178,-0.16699,-0.16699
-0.33276,-0.33276,-0.33276,-1.0281,-1.4905,-1.4905,-1.3108,-1.3108,-1.3108,-1.0886,-1.0886,-1.0886,-1.0886,-1.0886,-1.0886,-0.97388,-0.63086,-0.57251,-0.57251,-0.57251,-0.57251,-0.57251,-0.57251,-0.35205,-0.35205,-0.35205,0.52148,0.012451,0.012451,-0.001709,-0.001709,-0.001709,-0.001709,-0.001709,-0.061279,-0.17871,-0.1189,0.17603,0.17603,0.38965,0.38965,0.51147,0.51147,0.51147,0.51147,0.51147,0.51147,0.3811,0.11011,0.11011,0.11011,0.11011,0.11011,0.11011,-0.15405,0.39331,0.39331,0.39331,0.39331,0.39331,0.39331,1.1848,1.0579,0.552,0.73535,0.73535,0.73535,0.73535,0.73535,0.73535,0.96729,0.96729,0.12769,0.085449,0.085449,0.10962,0.10962,-0.14087,-0.14087,0.10864,-0.58716,-0.58716,-0.58716,-2.4253,0.74292,0.74292,0.90259,0.90259,0.90259,0.90259,0.90259,0.90259,0.23584,0.23584,1.3298,1.3298,1.3298,1.3298,1.3298,1.4941,1.384,-0.016357,-0.016357,-0.016357,-0.016357,-0.016357,-0.016357,-0.5625,-0.92651,-1.2251,-1.0474,-1.0474,-0.68311,-0.3689,-0.3689,-0.3689,-0.3689,-0.3689,-0.3689,-0.25977,-0.26758,-0.26758,-0.29761,-0.29761,-0.29761,-0.14233,-0.14233,-0.41333,-0.41333,-0.41333
-0.41333,-0.41333,-0.41333,-0.41333,-1.4609,-1.5933,-1.5325,-1.5325,-1.5325,-1.3909,-1.1504,-1.1504,-1.1504,-1.1504,-1.1504,-1.1504,-0.6272,-0.53174,-0.53174,-0.34204,-0.34204,-0.34204,-0.34204,-0.34204,-0.34204,-0.34204,0.088379,0.45435,0.45435,0.45435,0.45435,0.45435,0.45435,0.16113,-0.064209,-0.064209,-0.34521,-0.34521,-0.15747,-0.15747,0.22192,0.22192,0.22192,0.22192,0.43286,0.52148,0.42236,0.39746,0.39746,0.1604,-0.082275,-0.082275,-0.082275,-0.082275,-0.082275,-0.082275,-0.19971,-0.19971,0.60986,0.60986,0.60986,0.60986,0.60986,0.60986,0.60986,0.59766,0.59766,0.75537,0.75537,0.75537,0.75537,0.75537,0.75537,0.37988,0.37988,0.37988,-0.085693,-0.085693,-0.69165,-0.54663,-0.54663,-0.19116,-1.7764,-1.7764,-0.2583,-0.2583,-0.2583,-0.2583,-0.2583,1.8865,0.26318,-0.17822,-0.17822,-0.17822,-0.17822,-0.17822,-0.17822,-0.17822,0.23438,2.0554,2.0554,2.0554,2.0554,2.0554,1.0566,-0.91602,-0.91602,-1.2263,-1.2263,-1.2263,-1.104,-1.104,-1.104,-1.104,-1.104,-1.104,-0.80444,-0.58838,-0.58838,-0.69727,-0.69727,-0.70508,-0.38843,-0.38843,-0.17407,-0.17407,-0.17407,-0.17407,-0.17407,-1.2405
-0.17407,-0.17407,-0.17407,-1.2405,-1.2405,-1.2759,-1.2759,-1.2759,-1.1262,-1.1262,-1.1262,-1.1262,-1.1262,-1.1262,-1.0527,-0.9751,-0.57153,-0.42554,-0.42554,-0.42554,-0.42554,-0.42554,-0.42554,-0.10425,0.5105,0.43286,0.43286,0.42212,0.42212,0.32983,0.19971,0.19971,0.19971,0.19971,0.13428,-0.036621,-0.036621,-0.15723,0.0073242,0.0073242,0.0073242,0.0073242,0.0073242,0.0073242,0.0073242,0.51245,0.32446,0.32446,0.32446,0.32446,0.32446,0.32446,0.32446,-0.25684,-0.25684,-0.25684,-0.25684,-0.25684,-0.058838,1.1104,1.2568,0.72217,0.72217,0.52734,0.54517,0.54517,0.54517,0.54517,0.54517,0.54517,0.69629,0.46802,0.39111,0.39111,0.071777,-0.35132,-0.35132,-0.2312,-0.2312,-0.32031,-0.32031,-2.1294,-2.1294,-2.1294,-2.1294,1.6208,0.25903,0.25903,0.03833,0.03833,0.03833,0.03833,0.03833,0.03833,-0.040039,1.7925,1.7925,1.7925,1.7925,1.7925,1.7925,0.30835,-0.44312,-1.0491,-1.1467,-1.1467,-1.1467,-1.1467,-1.1467,-1.1467,-1.2356,-0.69824,-0.3877,-0.3877,-0.17749,-0.17749,-0.18433,-0.28027,-0.28027,-0.28027,-0.28027,-0.28027,-0.28027,-0.28027,-0.28027,-0.46362,-0.39063,-0.45972,-0.86304,-0.86304
-0.86304,-0.86304,-0.86304,-1.3645,-1.3901,-1.3901,-1.3901,-1.3901,-1.3901,-1.3901,-1.228,-1.228,-1.1196,-1.1196,-1.1196,-1.1196,-1.1196,-1.1196,-1.0125,-0.60742,-0.20728,0.35229,0.35229,0.35229,0.35229,0.35229,0.35229,0.42017,0.28735,0.28735,0.18799,0.18799,0.18799,-0.073242,-0.12988,-0.12988,-0.15137,-0.14697,-0.14697,0.05249,0.05249,0.05249,0.05249,0.05249,0.40405,0.41309,0.41309,0.3606,0.3606,0.3606,0.42847,0.2959,0.2959,0.2959,0.2959,0.2959,0.2959,-0.40063,-0.12183,-0.12183,-0.12183,-0.12183,-0.12183,-0.12183,0.87622,0.35083,0.35083,0.40381,0.40381,0.40381,0.40381,0.40381,0.66284,0.66284,0.67334,0.27295,0.27295,-0.22876,-0.22876,-0.70435,-0.70435,-0.44629,-0.60303,-0.60303,-0.60303,-0.60303,-0.60303,-2.3176,0.73535,0.64648,-0.77759,-0.77759,-0.77759,-0.39111,-0.003418,-0.003418,-0.003418,-0.003418,-0.003418,-0.003418,1.2212,1.6875,1.6875,0.88037,0.88037,0.88037,0.88037,0.88037,0.88037,0.10498,-1.3381,-1.3381,-1.4331,-1.4331,-1.4331,-1.1736,-0.71362,-0.71362,-0.71362,-0.71362,-0.71362,-0.71362,-0.38281,-0.41504,-0.41504,-0.37378,-0.29639,-0.29639,-0.29639,-0.17041
-0.17041,-0.17041,-0.17041,-0.17041,-0.17041,-0.47974,-1.126,-1.0723,-1.0723,-1.0723,-1.0723,-1.0723,-1.0723,-0.71484,-0.49927,-0.49927,-0.43164,-0.43164,-0.43164,-0.43164,-0.43164,-0.43164,-0.42676,0.22241,0.25537,0.12402,0.12402,0.12402,0.27295,0.24341,0.24341,0.24341,0.24341,0.24341,0.24341,0.10278,0.10278,-0.15356,-0.012939,-0.012939,-0.010254,-0.010254,0.16138,0.16138,0.16138,0.16138,0.16138,0.16138,0.47656,0.36182,0.36182,0.36182,0.36182,0.36182,0.36182,0.36182,0.21851,-0.42578,-0.42578,-0.42578,-0.42578,-0.42578,-0.42578,1.281,1.2998,0.82666,0.82666,0.82666,0.82666,0.82666,0.82666,0.82349,0.82349,0.55493,0.15552,0.15552,0.15552,-0.10547,-0.10547,-0.10547,-0.48486,-0.73315,-0.73315,-0.45508,-0.45508,-0.45508,-0.45508,-0.45508,-0.45508,-2.1533,-0.014648,1.8838,1.8838,1.8838,0.23364,0.23364,0.23364,0.23364,0.23364,0.23364,0.23364,0.23364,-0.8269,-0.8269,1.6692,2.3213,0.97998,0.97998,0.97998,-0.19067,-0.19067,-0.75928,-0.75928,-1.1843,-1.1843,-1.4417,-1.4417,-1.4417,-1.4417,-1.4417,-1.4417,-1.4189,-1.4189,-0.68286,-0.4624,-0.4436,-0.4436,-0.21753,-0.21753,-0.21753
0.10889,-0.11523,-0.11523,-0.6604,-0.6604,-1.094,-1.251,-1.251,-1.251,-1.251,-1.251,-1.251,-1.0715,-1.0081,-1.0361,-0.91528,-0.91528,-0.91528,-0.91528,-0.91528,-0.91528,-0.8396,0.052246,0.052246,0.14453,0.14453,0.14453,0.57349,0.65698,0.65698,0.65698,0.65698,0.65698,0.65698,0.65698,0.29565,0.20898,0.21143,0.21143,-0.040771,-0.040771,-0.05542,-0.05542,-0.05542,-0.05542,-0.05542,0.48413,0.55908,0.55908,0.55908,0.55908,0.55908,0.55908,0.41992,0.41992,-0.12524,0.11548,0.11548,0.11548,0.11548,0.11548,0.11548,0.11548,0.63403,0.25244,0.25244,0.25244,0.31006,0.6792,0.6792,0.6792,0.6792,0.6792,0.6792,0.94897,0.99902,-0.37793,-0.37793,-0.37793,-0.37793,-0.79419,-0.19385,-0.73193,-0.73193,-0.73193,-1.7407,0.60327,0.60327,0.60327,0.60327,0.60327,0.60327,0.68481,-0.054688,-0.054688,-0.054688,-0.054688,-0.054688,-0.054688,1.3054,2.0581,1.8145,1.8145,1.8145,1.8145,1.8145,1.8145,1.8145,0.41772,-1.3684,-1.3684,-1.4419,-1.2842,-1.2842,-1.2842,-1.2842,-1.2842,-1.2842,-0.87915,-0.58057,-0.71558,-0.7207,-0.7207,-0.61182,-0.61182,-0.32837,-0.32837,-0.32837,-0.32837,-0.32837
-0.32837,-0.32837,-0.70093,-1.2964,-1.2964,-1.2964,-1.2964,-1.2964,-1.2964,-1.3657,-1.0303,-1.0303,-1.0303,-1.0303,-1.0303,-1.0303,-1.0303,-0.82715,-0.6106,-0.23096,-0.23096,-0.23096,-0.23096,-0.23096,-0.23096,0.30566,0.5271,0.67554,0.67554,0.41748,0.41748,0.16602,0.024414,0.027344,0.027344,0.027344,0.078857,-0.010986,-0.010986,-0.010986,-0.010986,0.26636,0.42114,0.42114,0.46948,0.46948,0.46948,0.448,0.38354,0.38354,0.38354,0.38354,0.38354,0.38354,0.11133,-0.17603,-0.1123,0.29785,0.29785,0.29785,0.29785,0.29785,1.0359,0.47388,0.47388,0.52271,0.52271,0.52271,0.52271,0.52271,0.79565,0.79565,0.50903,0.50903,0.11523,-0.4668,-0.4668,-0.4668,-0.802,-0.802,-0.53174,-1.8801,0.50586,0.50586,0.50586,0.50586,0.50586,0.50586,0.50586,0.57349,-0.44482,-0.44482,-0.44482,-0.44482,-0.44482,-0.44482,-0.44482,0.51831,2.1973,2.1973,1.1047,1.1047,1.1047,0.41992,-0.42676,-0.42676,-0.42676,-0.42676,-0.42676,-0.87085,-1.1677,-0.91479,-0.91479,-0.91479,-0.91479,-0.77905,-0.77905,-0.6333,-0.52539,-0.52539,-0.41748,-0.41748,-0.41748,-0.41748,-0.41748,-0.22437,-0.16675,-0.3186,-0.62305,-0.62305
-0.16675,-0.3186,-0.62305,-0.62305,-0.62305,-0.62305,-0.62305,-0.62305,-0.62305,-1.1855,-1.1855,-1.1855,-1.1855,-1.1855,-1.1282,-0.8125,-0.62524,-0.62524,-0.62524,-0.22192,0.36597,0.36597,0.36597,0.36597,0.36597,0.36597,0.36206,0.61206,0.29663,0.19922,0.19922,0.19922,0.19922,0.19922,0.19922,0.19922,0.064453,-0.090088,-0.0046387,-0.0046387,0.19897,0.19897,0.4248,0.4248,0.4248,0.4248,0.4248,0.4248,0.40479,0.39795,0.39795,0.39795,0.39795,0.39795,0.39795,0.39795,0.1377,-0.046387,-0.046387,0.323,0.323,0.323,0.96582,0.96582,0.63062,0.63062,0.37939,0.47314,0.47314,0.47314,0.47314,0.47314,0.47314,0.90454,0.90454,0.90454,-0.067139,-0.067139,-0.93799,-0.9126,-0.9126,-0.9126,-0.9126,-0.9126,-0.78467,-0.4646,-0.4646,-0.4646,-0.4646,-0.4646,-0.4646,0.14722,0.14722,0.89282,0.89282,0.89282,0.89282,0.89282,0.89282,0.89282,1.9316,0.7207,0.16455,0.16455,0.16455,-0.44336,-0.74268,-0.74268,-0.74268,-0.74268,-0.74268,-0.99805,-0.99805,-0.63379,-0.52441,-0.52441,-0.52441,-0.52441,-0.52441,-0.52441,-0.52441,-0.46606,-0.40186,-0.40186,-0.46826,-0.46826,-0.46826,-0.46826,-0.46826,-0.46826
-0.46826,-0.46826,-0.46826,-0.46826,-1.6409,-1.6409,-1.6409,-1.6409,-1.6409,-1.6409,-1.6409,-1.6409,-0.9292,-0.89868,-0.89868,-0.89868,-0.89868,-0.89868,-0.89868,-0.77075,0.28418,0.45728,0.45728,0.45728,0.55542,0.4624,0.4624,0.4624,0.4624,0.4624,0.4624,0.22046,0.16162,0.024658,-0.16968,-0.16968,-0.19849,-0.19849,-0.19849,-0.19849,-0.19849,-0.19849,0.090576,0.49634,0.49634,0.49634,0.49634,0.49634,0.49634,0.49634,0.51538,0.1499,0.1499,-0.0012207,-0.0012207,0.024658,0.024658,0.024658,0.024658,0.024658,0.024658,0.37793,1.0149,0.74683,0.50439,0.50439,0.50439,0.50439,0.50439,0.50439,0.89038,0.96387,0.91528,0.91528,0.91528,0.91528,0.91528,0.91528,0.91528,0.28296,-0.30078,-0.875,-0.875,-1.7329,-1.7329,-1.7329,-1.7329,-1.7329,-1.7329,0.72949,0.72949,0.43457,0.43457,0.43457,0.43457,0.43457,0.43457,-0.41431,1.1033,1.1006,1.7463,1.7463,1.7463,1.7463,1.7463,1.7463,0.61182,0.61182,-0.5061,-0.87939,-0.87939,-0.87939,-1.0703,-1.0703,-1.0703,-1.0703,-1.0703,-1.0703,-1.0703,-0.5813,-0.34839,-0.34839,-0.34839,-0.25366,-0.090576,-0.090576,-0.090576,-0.090576,-0.090576,-0.090576
-0.090576,-0.090576,0.016357,-0.67529,-0.67529,-0.67529,-0.67529,-0.67529,-0.67529,-0.67529,-0.88647,-0.8562,-0.78516,-0.78516,-0.78516,-0.78516,-0.78516,-0.85669,-0.71167,-0.37134,-0.37134,0.2124,0.2124,0.33521,0.16748,0.16748,0.16748,0.16748,0.16748,0.16748,0.088867,0.088867,0.088379,-0.19287,-0.19287,-0.24341,-0.1665,-0.1665,-0.1665,-0.1665,-0.1665,0.37915,0.40674,0.36597,0.36597,0.32813,0.32813,0.32813,0.32813,0.32813,0.30859,0.015137,-0.25415,-0.13184,-0.13184,-0.13184,-0.13184,-0.13184,-0.13184,-0.13184,0.4668,0.46899,0.46899,0.35254,0.35254,0.35254,0.35254,0.35254,0.35254,0.35254,0.51294,0.65454,0.40186,0.40186,0.0019531,0.0019531,0.0019531,0.0019531,0.0019531,0.0019531,-0.44849,-0.44849,-1.9177,-1.9177,-1.9177,-1.9177,-1.9177,0.16211,-0.040283,0.23682,-0.63623,-0.63623,-0.63623,-0.63623,-0.63623,-0.63623,0.58179,1.3796,1.5518,1.5518,0.87646,0.87646,0.87646,0.13159,-0.21948,-0.45947,-0.45947,-0.45947,-0.45947,-0.45947,-0.45947,-0.45947,-0.81787,-0.48828,-0.39868,-0.39868,-0.47632,-0.55249,-0.55249,-0.55249,-0.55249,-0.55249,-0.52979,-0.45874,-0.38428,-0.38428,-0.38428,-0.38428,-0.38428,-0.38428
-0.38428,-0.3103,-0.29883,-0.91138,-0.91138,-0.91138,-0.91138,-0.91138,-0.91138,-0.91138,-0.91138,-0.53027,-0.58008,-0.58008,-0.58008,-0.58008,-0.58008,-0.63989,-0.39453,-0.075928,0.46216,0.46216,0.46216,0.46216,0.46216,0.46216,0.46216,0.30396,-0.2417,-0.2417,-0.32275,-0.32275,-0.32275,-0.32275,-0.32275,-0.32275,-0.35449,-0.35449,0,0,0,0,0,0,0.22754,0.22754,0.14648,0.14648,0.14648,0.14648,0.14648,0.055664,0.11938,0.11938,0.012451,0.012451,0.012451,0.30762,0.72314,0.72314,0.72314,0.72314,0.72314,0.72314,0.8877,0.39209,0.33691,0.33691,0.33691,0.30054,0.30054,0.29419,0.29419,0.29419,0.29419,0.29419,0.35645,0.10278,-0.22925,-0.22925,-0.22925,-0.22925,-0.22925,-0.22925,-0.69995,-0.43213,-0.43213,0.11377,0.11377,0.11377,0.11377,0.11377,0.11377,-0.67188,-0.67188,0.30151,0.30151,0.30151,1.5461,2.0557,2.0557,2.0557,2.0557,2.0557,2.0557,1.7576,0.3689,-0.20728,-0.65625,-0.65625,-0.65625,-0.65625,-0.65625,-0.65625,-1.0728,-1.1382,-0.85205,-0.53906,-0.53906,-0.40479,-0.40479,-0.40479,-0.40479,-0.40479,-0.40479,-0.39819,-0.82935,-0.82935,-0.59033,-0.59033
